record_id,source_sheet,source_row,event_original,year,station_original,station_key,latitude_deg,longitude_deg,coord_status,coord_source_id,coord_source_ref,coord_match,coord_note,processing,NGA_RSN,Mw,Tp_s,Tf_s,PGV_cm_s,closest_distance_km,Rrup_km,Rhyp_km,orientation_north_deg,orientation_fault_parallel_deg,fault_normal_pulse,directivity_effect,mechanism_original,lnTp_original,hypo_lat_deg,hypo_lon_deg,hypo_depth_original,vs30_original,Ipulse_H,Tp_H_s,Ipulse_V,Tp_V_s,fling,PGA_EW_original,PGA_NS_original,PGA_V_original,PGV_EW_original,PGV_NS_original,PGV_V_original,PGD_EW_original,PGD_NS_original,PGD_V_original,RD_EW_original,RD_NS_original,RD_V_original,Rx_original,t1_original,Dsite_original,quality_flag,Dsite_after_flag,Tf_after_flag_s,median_predicted_Dfault,normalized_Dsite,Tf_within_10km_s,dip_original,missing_fields_original,repeat_group,repeat_count,source_error
S02-R0002,Baker_moderate,2,Northern Calif-03,1954,Ferndale City Hall,US:ferndalecityhall,40.576,-124.263,matched,S02,ROTD50_d050 row 21; RSN=20; Ferndale City Hall,NGA RSN + event + year; station name reviewed,,as supplied,20,6.5,2,,40.3,27,,32.4,19,47,0,0,,,,,,,,,,,,,,,,,,,,,,,,,,,,,,,,,,,NGA:20,2,
S02-R0003,Baker_moderate,3,San Fernando,1971,Pacoima Dam (upper left abut),US:pacoimadamupperleftabut,34.334,-118.396,matched,S02,ROTD50_d050 row 78; RSN=77; Pacoima Dam (upper left abut),NGA RSN + event + year; station name reviewed,,as supplied,77,6.6,1.64,,121.9,1.8,,17.6,189,84,1,1,,,,,,,,,,,,,,,,,,,,,,,,,,,,,,,,,,,NGA:77,2,
S02-R0004,Baker_moderate,4,Coyote Lake,1979,Gilroy Array #2,US:gilroyarray2,36.982,-121.556,matched,S02,ROTD50_d050 row 148; RSN=147; Gilroy Array #2,NGA RSN + event + year; station name reviewed,,as supplied,147,5.7,1.46,,32,9,,13.6,139,17,0,1,,,,,,,,,,,,,,,,,,,,,,,,,,,,,,,,,,,NGA:147,2,
S02-R0005,Baker_moderate,5,Coyote Lake,1979,Gilroy Array #3,US:gilroyarray3,36.987,-121.536,matched,S02,ROTD50_d050 row 149; RSN=148; Gilroy Array #3,NGA RSN + event + year; station name reviewed,,as supplied,148,5.7,1.16,,30.8,7.4,,12.5,354,18,0,1,,,,,,,,,,,,,,,,,,,,,,,,,,,,,,,,,,,NGA:148,2,
S02-R0006,Baker_moderate,6,Coyote Lake,1979,Gilroy Array #4,US:gilroyarray4,37.001,-121.522,matched,S02,ROTD50_d050 row 150; RSN=149; Gilroy Array #4,NGA RSN + event + year; station name reviewed,,as supplied,149,5.7,1.35,,32.1,5.7,,11.1,350,14,0,1,,,,,,,,,,,,,,,,,,,,,,,,,,,,,,,,,,,NGA:149,2,
S02-R0007,Baker_moderate,7,Coyote Lake,1979,Gilroy Array #6,US:gilroyarray6,37.026,-121.484,matched,S02,ROTD50_d050 row 151; RSN=150; Gilroy Array #6,NGA RSN + event + year; station name reviewed,,as supplied,150,5.7,1.23,,49.6,3.1,,9.1,246,90,1,1,,,,,,,,,,,,,,,,,,,,,,,,,,,,,,,,,,,NGA:150,2,
S02-R0008,Baker_moderate,8,Imperial Valley-06,1979,Agrarias,US:agrarias,32.621,-115.301,matched,S02,ROTD50_d050 row 160; RSN=159; Agrarias,NGA RSN + event + year; station name reviewed,,as supplied,159,6.5,2.34,,53.5,0.7,,10.3,53,90,1,1,,,,,,,,,,,,,,,,,,,,,,,,,,,,,,,,,,,NGA:159,2,
S02-R0009,Baker_moderate,9,Imperial Valley-06,1979,Brawley Airport,US:brawleyairport,32.991,-115.513,matched,S02,ROTD50_d050 row 162; RSN=161; Brawley Airport,NGA RSN + event + year; station name reviewed,,as supplied,161,6.5,4.4,,36.7,10.4,,44.3,226,83,1,1,,,,,,,,,,,,,,,,,,,,,,,,,,,,,,,,,,,NGA:161,2,
S02-R0010,Baker_moderate,10,Imperial Valley-06,1979,EC County Center FF,US:eccountycenterff,32.793,-115.562,matched,S02,ROTD50_d050 row 171; RSN=170; EC County Center FF,NGA RSN + event + year; station name reviewed,,as supplied,170,6.5,4.42,,70.8,7.3,,30.7,75,68,1,1,,,,,,,,,,,,,,,,,,,,,,,,,,,,,,,,,,,NGA:170,2,
S02-R0011,Baker_moderate,11,Imperial Valley-06,1979,El Centro - Meloland Geot. Array,US:elcentromelolandgeotarray,32.773,-115.447,matched,S02,ROTD50_d050 row 172; RSN=171; El Centro - Meloland Geot. Array,NGA RSN + event + year; station name reviewed,,as supplied,171,6.5,3.42,,116.4,0.1,,21.8,59,84,1,1,,,,,,,,,,,,,,,,,,,,,,,,,,,,,,,,,,,NGA:171,2,
S02-R0012,Baker_moderate,12,Imperial Valley-06,1979,El Centro Array #10,US:elcentroarray10,32.7806,-115.5681,matched,S02,ROTD50_d050 row 174; RSN=173; El Centro Array #10,NGA RSN + event + year; station name reviewed,,as supplied,173,6.5,4.52,,55.2,8.6,,30.5,79,64,1,1,,,,,,,,,,,,,,,,,,,,,,,,,,,,,,,,,,,NGA:173,2,
S02-R0013,Baker_moderate,13,Imperial Valley-06,1979,El Centro Array #3,US:elcentroarray3,32.894,-115.38,matched,S02,ROTD50_d050 row 179; RSN=178; El Centro Array #3,NGA RSN + event + year; station name reviewed,,as supplied,178,6.5,4.5,,55.8,12.9,,30.3,86,57,1,1,,,,,,,,,,,,,,,,,,,,,,,,,,,,,,,,,,,NGA:178,2,
S02-R0014,Baker_moderate,14,Imperial Valley-06,1979,El Centro Array #4,US:elcentroarray4,32.864,-115.432,matched,S02,ROTD50_d050 row 180; RSN=179; El Centro Array #4,NGA RSN + event + year; station name reviewed,,as supplied,179,6.5,4.79,,80.8,7,,28.9,229,86,1,1,,,,,,,,,,,,,,,,,,,,,,,,,,,,,,,,,,,NGA:179,2,
S02-R0015,Baker_moderate,15,Imperial Valley-06,1979,El Centro Array #5,US:elcentroarray5,32.855,-115.466,matched,S02,ROTD50_d050 row 181; RSN=180; El Centro Array #5,NGA RSN + event + year; station name reviewed,,as supplied,180,6.5,4.13,,96.5,4,,29.5,228,85,1,1,,,,,,,,,,,,,,,,,,,,,,,,,,,,,,,,,,,NGA:180,2,
S02-R0016,Baker_moderate,16,Imperial Valley-06,1979,El Centro Array #6,US:elcentroarray6,32.839,-115.487,matched,S02,ROTD50_d050 row 182; RSN=181; El Centro Array #6,NGA RSN + event + year; station name reviewed,,as supplied,181,6.5,3.77,,121.6,1.4,,29.2,71,72,1,1,,,,,,,,,,,,,,,,,,,,,,,,,,,,,,,,,,,NGA:181,2,
S02-R0017,Baker_moderate,17,Imperial Valley-06,1979,El Centro Array #7,US:elcentroarray7,32.829,-115.504,matched,S02,ROTD50_d050 row 183; RSN=182; El Centro Array #7,NGA RSN + event + year; station name reviewed,,as supplied,182,6.5,4.38,,111.9,0.6,,29.4,56,87,1,1,,,,,,,,,,,,,,,,,,,,,,,,,,,,,,,,,,,NGA:182,2,
S02-R0018,Baker_moderate,18,Imperial Valley-06,1979,El Centro Differential Array,US:elcentrodifferentialarray,32.796,-115.535,matched,S02,ROTD50_d050 row 185; RSN=184; El Centro Differential Array,NGA RSN + event + year; station name reviewed,,as supplied,184,6.5,6.27,,73.5,5.1,,29,253,70,1,1,,,,,,,,,,,,,,,,,,,,,,,,,,,,,,,,,,,NGA:184,2,
S02-R0019,Baker_moderate,19,Imperial Valley-06,1979,Holtville Post Office,US:holtvillepostoffice,32.8114,-115.3786,matched,S02,ROTD50_d050 row 186; RSN=185; Holtville Post Office,NGA RSN + event + year; station name reviewed,,as supplied,185,6.5,4.82,,73.4,7.5,,22.2,263,60,1,1,,,,,,,,,,,,,,,,,,,,,,,,,,,,,,,,,,,NGA:185,2,
S02-R0020,Baker_moderate,20,Imperial Valley-07,1979,El Centro Array #6,US:elcentroarray6,32.839,-115.487,matched,S02,ROTD50_d050 row 205; RSN=204; El Centro Array #6,NGA RSN + event + year; station name reviewed,,as supplied,204,5,0.69,,26,10.4,,13.2,217,77,1,0,,,,,,,,,,,,,,,,,,,,,,,,,,,,,,,,,,,NGA:204,2,
S02-R0021,Baker_moderate,21,Mammoth Lakes-06,1980,Long Valley Dam (Upr L Abut),US:longvalleydamuprlabut,37.588,-118.705,matched,S02,ROTD50_d050 row 251; RSN=250; Long Valley Dam (Upr L Abut),NGA RSN + event + year; station name reviewed,,as supplied,250,5.9,1.01,,43.3,16,,19.8,65,43,1,0,,,,,,,,,,,,,,,,,,,,,,,,,,,,,,,,,,,NGA:250,2,
S02-R0022,Baker_moderate,22,"Irpinia, Italy-01",1980,Bagnoli Irpinio,IT:bagnoliirpinio,40.821,15.069,matched,S02,ROTD50_d050 row 286; RSN=285; Bagnoli Irpinio,NGA RSN + event + year; station name reviewed,,as supplied,285,6.9,1.71,,38.1,8.2,,24.6,72,61,1,1,,,,,,,,,,,,,,,,,,,,,,,,,,,,,,,,,,,NGA:285,2,
S02-R0023,Baker_moderate,23,"Irpinia, Italy-01",1980,Sturno (STN),IT:sturnostn,41.0184,15.1117,matched,S02,ROTD50_d050 row 293; RSN=292; Sturno (STN),NGA RSN + event + year; station name reviewed,,as supplied,292,6.9,3.27,,71.1,10.8,,31.8,87,46,0,1,,,,,,,,,,,,,,,,,,,,,,,,,,,,,,,,,,,NGA:292,2,
S02-R0024,Baker_moderate,24,Westmorland,1981,Parachute Test Site,US:parachutetestsite,32.929,-115.701,matched,S02,ROTD50_d050 row 317; RSN=316; Parachute Test Site,NGA RSN + event + year; station name reviewed,,as supplied,316,5.9,4.39,,60.8,16.7,,20.6,204,40,1,1,,,,,,,,,,,,,,,,,,,,,,,,,,,,,,,,,,,NGA:316,2,
S02-R0025,Baker_moderate,25,Westmorland,1981,Westmorland Fire Sta,US:westmorlandfiresta,33.037,-115.623,matched,S02,ROTD50_d050 row 320; RSN=319; Westmorland Fire Sta,NGA RSN + event + year; station name reviewed,,as supplied,319,5.9,1.22,,52.9,6.5,,7.4,56,8,0,0,,,,,,,,,,,,,,,,,,,,,,,,,,,,,,,,,,,NGA:319,2,
S02-R0026,Baker_moderate,26,Coalinga-02,1983,Anticline Ridge Free-Field,US:anticlineridgefreefield,36.233,-120.333,matched,S02,ROTD50_d050 row 373; RSN=372; Anticline Ridge Free-Field,NGA RSN + event + year; station name reviewed,,as supplied,372,5.1,0.26,,26.3,11.6,,12.5,322,6,0,0,,,,,,,,,,,,,,,,,,,,,,,,,,,,,,,,,,,NGA:372,2,
S02-R0027,Baker_moderate,27,Coalinga-02,1983,Anticline Ridge Pad,US:anticlineridgepad,36.233,-120.333,matched,S02,ROTD50_d050 row 374; RSN=373; Anticline Ridge Pad,NGA RSN + event + year; station name reviewed,,as supplied,373,5.1,0.27,,23.3,11.6,,12.5,311,5,0,0,,,,,,,,,,,,,,,,,,,,,,,,,,,,,,,,,,,NGA:373,2,
S02-R0028,Baker_moderate,28,Coalinga-05,1983,Transmitter Hill,US:transmitterhill,36.249,-120.343,matched,S02,ROTD50_d050 row 416; RSN=415; Transmitter Hill,NGA RSN + event + year; station name reviewed,,as supplied,415,5.8,0.88,,64.4,9.5,,9.5,242,67,1,0,,,,,,,,,,,,,,,,,,,,,,,,,,,,,,,,,,,NGA:415,2,
S02-R0029,Baker_moderate,29,Coalinga-07,1983,Coalinga-14th & Elm (Old CHP),US:coalinga14thelmoldchp,36.151,-120.353,matched,S02,ROTD50_d050 row 419; RSN=418; Coalinga-14th & Elm (Old CHP),NGA RSN + event + year; station name reviewed,,as supplied,418,5.2,0.44,,32.8,10.9,,12.7,284,64,1,0,,,,,,,,,,,,,,,,,,,,,,,,,,,,,,,,,,,NGA:418,2,
S02-R0030,Baker_moderate,30,Morgan Hill,1984,Coyote Lake Dam (SW Abut),US:coyotelakedamswabut,37.118,-121.55,matched,S02,ROTD50_d050 row 452; RSN=451; Coyote Lake Dam - Southwest Abutment,NGA RSN + event + year; station name reviewed,,as supplied,451,6.2,1.07,,76.8,0.5,,26,114,34,1,1,,,,,,,,,,,,,,,,,,,,,,,,,,,,,,,,,,,NGA:451,2,
S02-R0031,Baker_moderate,31,Morgan Hill,1984,Gilroy Array #6,US:gilroyarray6,37.026,-121.484,matched,S02,ROTD50_d050 row 460; RSN=459; Gilroy Array #6,NGA RSN + event + year; station name reviewed,,as supplied,459,6.2,1.23,,37.3,9.9,,37.3,78,70,1,1,,,,,,,,,,,,,,,,,,,,,,,,,,,,,,,,,,,NGA:459,2,
S02-R0032,Baker_moderate,32,Taiwan SMART1(40),1986,SMART1 C00,TW:smart1c00,24.6738,121.7646,matched,S02,ROTD50_d050 row 504; RSN=503; SMART1 C00,NGA RSN + event + year; station name reviewed,,as supplied,503,6.3,1.57,,34.8,59.9,,70,117,74,1,0,,,,,,,,,,,,,,,,,,,,,,,,,,,,,,,,,,,NGA:503,2,
S02-R0033,Baker_moderate,33,Taiwan SMART1(40),1986,SMART1 E01,TW:smart1e01,24.6487,121.7644,matched,S02,ROTD50_d050 row 505; RSN=504; SMART1 E01,NGA RSN + event + year; station name reviewed,,as supplied,504,6.3,1.39,,36.9,57.3,,67.4,104,61,1,0,,,,,,,,,,,,,,,,,,,,,,,,,,,,,,,,,,,NGA:504,2,
S02-R0034,Baker_moderate,34,Taiwan SMART1(40),1986,SMART1 I01,TW:smart1i01,24.6755,121.765,matched,S02,ROTD50_d050 row 506; RSN=505; SMART1 I01,NGA RSN + event + year; station name reviewed,,as supplied,505,6.3,1.57,,32.9,60.1,,70.2,113,70,1,0,,,,,,,,,,,,,,,,,,,,,,,,,,,,,,,,,,,NGA:505,2,
S02-R0035,Baker_moderate,35,Taiwan SMART1(40),1986,SMART1 I07,TW:smart1i07,24.672,121.7642,matched,S02,ROTD50_d050 row 507; RSN=506; SMART1 I07,NGA RSN + event + year; station name reviewed,,as supplied,506,6.3,1.67,,34,59.7,,69.8,113,70,1,0,,,,,,,,,,,,,,,,,,,,,,,,,,,,,,,,,,,NGA:506,2,
S02-R0036,Baker_moderate,36,Taiwan SMART1(40),1986,SMART1 M01,TW:smart1m01,24.6822,121.7666,matched,S02,ROTD50_d050 row 508; RSN=507; SMART1 M01,NGA RSN + event + year; station name reviewed,,as supplied,507,6.3,1.39,,26.1,60.9,,70.9,111,68,0,0,,,,,,,,,,,,,,,,,,,,,,,,,,,,,,,,,,,NGA:507,2,
S02-R0037,Baker_moderate,37,Taiwan SMART1(40),1986,SMART1 M07,TW:smart1m07,24.6649,121.762,matched,S02,ROTD50_d050 row 509; RSN=508; SMART1 M07,NGA RSN + event + year; station name reviewed,,as supplied,508,6.3,1.54,,40.4,58.9,,69,114,71,1,0,,,,,,,,,,,,,,,,,,,,,,,,,,,,,,,,,,,NGA:508,2,
S02-R0038,Baker_moderate,38,Taiwan SMART1(40),1986,SMART1 O07,TW:smart1o07,24.6561,121.7621,matched,S02,ROTD50_d050 row 511; RSN=510; SMART1 O07,NGA RSN + event + year; station name reviewed,,as supplied,510,6.3,1.53,,28.7,58,,68.1,106,63,1,0,,,,,,,,,,,,,,,,,,,,,,,,,,,,,,,,,,,NGA:510,2,
S02-R0039,Baker_moderate,39,N. Palm Springs,1986,Morongo Valley Fire Station,US:morongovalleyfirestation,34.0486,-116.5782,matched,S02,ROTD50_d050 row 528; RSN=527; Morongo Valley Fire Station,NGA RSN + event + year; station name reviewed,,as supplied,527,6.1,2.38,,39.4,12,,12.6,121,14,0,0,,,,,,,,,,,,,,,,,,,,,,,,,,,,,,,,,,,NGA:527,2,
S02-R0040,Baker_moderate,40,"Kalamata, Greece-02",1986,Kalamata (bsmt) (2nd trigger),GR:kalamatabsmt2ndtrigger,37.03,22.12,matched,S02,ROTD50_d050 row 567; RSN=566; Kalamata (bsmt) (2nd trigger),NGA RSN + event + year; station name reviewed,,as supplied,566,5.4,0.79,,27,5.6,,8.7,75,77,1,1,,,,,,,,,,,,,,,,,,,,,,,,,,,,,,,,,,,NGA:566,2,
S02-R0041,Baker_moderate,41,San Salvador,1986,Geotech Investig Center,SV:geotechinvestigcenter,13.7,-89.175,matched,S02,ROTD50_d050 row 569; RSN=568; Geotech Investig Center,NGA RSN + event + year; station name reviewed,,as supplied,568,5.8,0.81,,68.3,6.3,,13.5,121,89,1,1,,,,,,,,,,,,,,,,,,,,,,,,,,,,,,,,,,,NGA:568,2,
S02-R0042,Baker_moderate,42,San Salvador,1986,National Geografical Inst,SV:nationalgeograficalinst,13.714,-89.171,matched,S02,ROTD50_d050 row 570; RSN=569; National Geografical Inst,NGA RSN + event + year; station name reviewed,,as supplied,569,5.8,1.13,,92.2,7,,14.5,231,19,0,1,,,,,,,,,,,,,,,,,,,,,,,,,,,,,,,,,,,NGA:569,2,
S02-R0043,Baker_moderate,43,Whittier Narrows-01,1987,Bell Gardens - Jaboneria,US:bellgardensjaboneria,33.965,-118.158,matched,S02,ROTD50_d050 row 596; RSN=595; Bell Gardens - Jaboneria,NGA RSN + event + year; station name reviewed,,as supplied,595,6,0.82,,30,17.8,,18.8,133,33,0,0,,,,,,,,,,,,,,,,,,,,,,,,,,,,,,,,,,,NGA:595,2,
S02-R0044,Baker_moderate,44,Whittier Narrows-01,1987,Compton - Castlegate St,US:comptoncastlegatest,33.899,-118.196,matched,S02,ROTD50_d050 row 612; RSN=611; Compton - Castlegate St,NGA RSN + event + year; station name reviewed,,as supplied,611,6,0.87,,32.8,23.4,,24.6,25,75,1,0,,,,,,,,,,,,,,,,,,,,,,,,,,,,,,,,,,,NGA:611,2,
S02-R0045,Baker_moderate,45,Whittier Narrows-01,1987,Downey - Birchdale,US:downeybirchdale,33.92,-118.137,matched,S02,ROTD50_d050 row 615; RSN=614; Downey - Birchdale,NGA RSN + event + year; station name reviewed,,as supplied,614,6,0.86,,40.1,20.8,,21.1,176,76,1,0,,,,,,,,,,,,,,,,,,,,,,,,,,,,,,,,,,,NGA:614,2,
S02-R0046,Baker_moderate,46,Whittier Narrows-01,1987,Downey - Co Maint Bldg,US:downeycomaintbldg,33.924,-118.167,matched,S02,ROTD50_d050 row 616; RSN=615; Downey - Co Maint Bldg,NGA RSN + event + year; station name reviewed,,as supplied,615,6,0.88,,33.1,20.8,,21.7,207,73,1,0,,,,,,,,,,,,,,,,,,,,,,,,,,,,,,,,,,,NGA:615,2,
S02-R0047,Baker_moderate,47,Whittier Narrows-01,1987,LB - Orange Ave,US:lborangeave,33.881,-118.176,matched,S02,ROTD50_d050 row 646; RSN=645; LB - Orange Ave,NGA RSN + event + year; station name reviewed,,as supplied,645,6,0.9,,31.2,24.5,,25.3,13,87,1,0,,,,,,,,,,,,,,,,,,,,,,,,,,,,,,,,,,,NGA:645,2,
S02-R0048,Baker_moderate,48,Whittier Narrows-01,1987,"Norwalk - Imp Hwy, S Grnd",US:norwalkimphwysgrnd,33.915,-118.07,matched,S02,"ROTD50_d050 row 669; RSN=668; Norwalk - Imp Hwy, S Grnd",NGA RSN + event + year; station name reviewed,,as supplied,668,6,0.9,,28,20.4,,20.9,162,62,0,0,,,,,,,,,,,,,,,,,,,,,,,,,,,,,,,,,,,NGA:668,2,
S02-R0049,Baker_moderate,49,Whittier Narrows-01,1987,Santa Fe Springs - E.Joslin,US:santafespringsejoslin,33.944,-118.087,matched,S02,ROTD50_d050 row 693; RSN=692; Santa Fe Springs - E.Joslin,NGA RSN + event + year; station name reviewed,,as supplied,692,6,0.81,,44.3,18.5,,18.7,74,26,0,0,,,,,,,,,,,,,,,,,,,,,,,,,,,,,,,,,,,NGA:692,2,
S02-R0050,Baker_moderate,50,Superstition Hills-02,1987,Kornbloom Road (temp),US:kornbloomroadtemp,33.125,-115.665,matched,S02,ROTD50_d050 row 723; RSN=722; Kornbloom Road (temp),NGA RSN + event + year; station name reviewed,,as supplied,722,6.5,2.13,,33.1,18.5,,21.3,321,14,0,1,,,,,,,,,,,,,,,,,,,,,,,,,,,,,,,,,,,NGA:722,2,
S02-R0051,Baker_moderate,51,Superstition Hills-02,1987,Parachute Test Site,US:parachutetestsite,32.929,-115.701,matched,S02,ROTD50_d050 row 724; RSN=723; Parachute Test Site,NGA RSN + event + year; station name reviewed,,as supplied,723,6.5,2.39,,143.9,0.9,,18.4,242,65,1,1,,,,,,,,,,,,,,,,,,,,,,,,,,,,,,,,,,,NGA:723,2,
S02-R0052,Baker_moderate,52,Superstition Hills-02,1987,Poe Road (temp),US:poeroadtemp,33.097,-115.751,matched,S02,ROTD50_d050 row 726; RSN=725; Poe Road (temp),NGA RSN + event + year; station name reviewed,,as supplied,725,6.5,2.87,,42.1,11.2,,14.4,319,12,0,0,,,,,,,,,,,,,,,,,,,,,,,,,,,,,,,,,,,NGA:725,2,
S02-R0053,Baker_moderate,53,Loma Prieta,1989,Alameda Naval Air Stn Hanger,US:alamedanavalairstnhanger,37.785,-122.303,matched,S02,ROTD50_d050 row 739; RSN=738; Alameda Naval Air Stn Hanger,NGA RSN + event + year; station name reviewed,,as supplied,738,6.9,2.1,,40.8,71,,92.4,254,54,0,0,,,,,,,,,,,,,,,,,,,,,,,,,,,,,,,,,,,NGA:738,2,
S02-R0054,Baker_moderate,54,Loma Prieta,1989,Emeryville - 6363 Christie,US:emeryville6363christie,37.844,-122.295,matched,S02,"ROTD50_d050 row 759; RSN=758; Emeryville; Pacific Park #2, Free Field",NGA RSN + event + year; station name reviewed,,as supplied,758,6.9,1.67,,44,77,,98.1,264,44,0,0,,,,,,,,,,,,,,,,,,,,,,,,,,,,,,,,,,,NGA:758,2,
S02-R0055,Baker_moderate,55,Loma Prieta,1989,Gilroy - Historic Bldg.,US:gilroyhistoricbldg,37.009,-121.569,matched,S02,ROTD50_d050 row 765; RSN=764; Gilroy - Historic Bldg.,NGA RSN + event + year; station name reviewed,,as supplied,764,6.9,1.64,,43.6,11,,33.1,147,19,0,1,,,,,,,,,,,,,,,,,,,,,,,,,,,,,,,,,,,NGA:764,2,
S02-R0056,Baker_moderate,56,Loma Prieta,1989,Gilroy Array #2,US:gilroyarray2,36.982,-121.556,matched,S02,ROTD50_d050 row 767; RSN=766; Gilroy Array #2,NGA RSN + event + year; station name reviewed,,as supplied,766,6.9,1.73,,46.2,11.1,,34.5,66,62,1,1,,,,,,,,,,,,,,,,,,,,,,,,,,,,,,,,,,,NGA:766,2,
S02-R0057,Baker_moderate,57,Loma Prieta,1989,Gilroy Array #3,US:gilroyarray3,36.987,-121.536,matched,S02,ROTD50_d050 row 768; RSN=767; Gilroy Array #3,NGA RSN + event + year; station name reviewed,,as supplied,767,6.9,2.64,,44.8,12.8,,35.9,277,31,0,1,,,,,,,,,,,,,,,,,,,,,,,,,,,,,,,,,,,NGA:767,2,
S02-R0058,Baker_moderate,58,Loma Prieta,1989,Oakland - Outer Harbor Wharf,US:oaklandouterharborwharf,37.813,-122.314,matched,S02,ROTD50_d050 row 784; RSN=783; Oakland - Outer Harbor Wharf,NGA RSN + event + year; station name reviewed,,as supplied,783,6.9,1.83,,48.2,74.3,,95.6,37,89,1,0,,,,,,,,,,,,,,,,,,,,,,,,,,,,,,,,,,,NGA:783,2,
S02-R0059,Baker_moderate,59,Loma Prieta,1989,Oakland - Title & Trust,US:oaklandtitletrust,37.806,-122.267,matched,S02,ROTD50_d050 row 785; RSN=784; Oakland - Title & Trust,NGA RSN + event + year; station name reviewed,,as supplied,784,6.9,1.39,,36.3,72.2,,93.3,261,47,0,0,,,,,,,,,,,,,,,,,,,,,,,,,,,,,,,,,,,NGA:784,2,
S02-R0060,Baker_moderate,60,Loma Prieta,1989,SF - Presidio,US:sfpresidio,37.792,-122.457,matched,S02,ROTD50_d050 row 797; RSN=796; SF - Presidio,NGA RSN + event + year; station name reviewed,,as supplied,796,6.9,1.32,,32.9,77.4,,99.3,68,60,0,0,,,,,,,,,,,,,,,,,,,,,,,,,,,,,,,,,,,NGA:796,2,
S02-R0061,Baker_moderate,61,Loma Prieta,1989,Saratoga - Aloha Ave,US:saratogaalohaave,37.255,-122.031,matched,S02,ROTD50_d050 row 803; RSN=802; Saratoga - Aloha Ave,NGA RSN + event + year; station name reviewed,,as supplied,802,6.9,4.57,,53.5,8.5,,32.4,70,58,0,1,,,,,,,,,,,,,,,,,,,,,,,,,,,,,,,,,,,NGA:802,2,
S02-R0062,Baker_moderate,62,Loma Prieta,1989,Saratoga - W Valley Coll.,US:saratogawvalleycoll,37.262,-122.009,matched,S02,ROTD50_d050 row 804; RSN=803; Saratoga - W Valley Coll.,NGA RSN + event + year; station name reviewed,,as supplied,803,6.9,5.65,,62,9.3,,32.2,280,28,0,1,,,,,,,,,,,,,,,,,,,,,,,,,,,,,,,,,,,NGA:803,2,
S02-R0063,Baker_moderate,63,Loma Prieta,1989,Treasure Island,US:treasureisland,37.825,-122.373,matched,S02,ROTD50_d050 row 809; RSN=808; Treasure Island,NGA RSN + event + year; station name reviewed,,as supplied,808,6.9,2.08,,33.4,77.4,,99,67,61,1,0,,,,,,,,,,,,,,,,,,,,,,,,,,,,,,,,,,,NGA:808,2,
S02-R0064,Baker_moderate,64,Northridge-01,1994,Jensen Filter Plant,US:jensenfilterplant,34.312,-118.496,matched,S02,ROTD50_d050 row 983; RSN=982; Jensen Filter Plant Administrative Building,NGA RSN + event + year; station name reviewed,,as supplied,982,6.7,3.16,,101.5,5.4,,21.8,49,73,1,1,,,,,,,,,,,,,,,,,,,,,,,,,,,,,,,,,,,NGA:982,2,
S02-R0065,Baker_moderate,65,Northridge-01,1994,Jensen Filter Plant Generator,US:jensenfilterplantgenerator,34.313,-118.498,matched,S02,ROTD50_d050 row 984; RSN=983; Jensen Filter Plant Generator Building,NGA RSN + event + year; station name reviewed,,as supplied,983,6.7,3.54,,66.1,5.4,,21.8,34,88,1,1,,,,,,,,,,,,,,,,,,,,,,,,,,,,,,,,,,,NGA:983,2,
S02-R0066,Baker_moderate,66,Northridge-01,1994,LA - Saturn St,US:lasaturnst,34.046,-118.355,matched,S02,ROTD50_d050 row 1004; RSN=1003; LA - Saturn St,NGA RSN + event + year; station name reviewed,,as supplied,1003,6.7,0.98,,41.6,27,,30.9,87,35,0,0,,,,,,,,,,,,,,,,,,,,,,,,,,,,,,,,,,,NGA:1003,2,
S02-R0067,Baker_moderate,67,Northridge-01,1994,LA - Sepulveda VA Hospital,US:lasepulvedavahospital,34.2489,-118.4789,matched,S02,ROTD50_d050 row 1005; RSN=1004; LA - Sepulveda VA Hospital,NGA RSN + event + year; station name reviewed,,as supplied,1004,6.7,0.93,,77.9,8.4,,19.4,271,31,0,1,,,,,,,,,,,,,,,,,,,,,,,,,,,,,,,,,,,NGA:1004,2,
S02-R0068,Baker_moderate,68,Northridge-01,1994,LA Dam,US:ladam,34.294,-118.483,matched,S02,ROTD50_d050 row 1014; RSN=1013; LA Dam,NGA RSN + event + year; station name reviewed,,as supplied,1013,6.7,1.62,,86.3,5.9,,21.1,31,89,1,1,,,,,,,,,,,,,,,,,,,,,,,,,,,,,,,,,,,NGA:1013,2,
S02-R0069,Baker_moderate,69,Northridge-01,1994,Newhall - Fire Sta,US:newhallfiresta,34.387,-118.533,matched,S02,ROTD50_d050 row 1045; RSN=1044; Newhall - Fire Sta,NGA RSN + event + year; station name reviewed,,as supplied,1044,6.7,1.37,,116.1,5.9,,26.8,21,79,0,1,,,,,,,,,,,,,,,,,,,,,,,,,,,,,,,,,,,NGA:1044,2,
S02-R0070,Baker_moderate,70,Northridge-01,1994,Newhall - W Pico Canyon Rd.,US:newhallwpicocanyonrd,34.391,-118.622,matched,S02,ROTD50_d050 row 1046; RSN=1045; Newhall - W Pico Canyon Rd.,NGA RSN + event + year; station name reviewed,,as supplied,1045,6.7,2.98,,118.3,5.5,,27.8,34,88,1,1,,,,,,,,,,,,,,,,,,,,,,,,,,,,,,,,,,,NGA:1045,2,
S02-R0071,Baker_moderate,71,Northridge-01,1994,Pacoima Dam (downstr),US:pacoimadamdownstr,34.334,-118.396,matched,S02,ROTD50_d050 row 1051; RSN=1050; Pacoima Dam (downstr),NGA RSN + event + year; station name reviewed,,as supplied,1050,6.7,0.59,,50.2,7,,26.9,205,83,0,1,,,,,,,,,,,,,,,,,,,,,,,,,,,,,,,,,,,NGA:1050,2,
S02-R0072,Baker_moderate,72,Northridge-01,1994,Pacoima Dam (upper left),US:pacoimadamupperleft,34.334,-118.396,matched,S02,ROTD50_d050 row 1052; RSN=1051; Pacoima Dam (upper left),NGA RSN + event + year; station name reviewed,,as supplied,1051,6.7,0.84,,106.1,7,,26.9,41,81,1,1,,,,,,,,,,,,,,,,,,,,,,,,,,,,,,,,,,,NGA:1051,2,
S02-R0073,Baker_moderate,73,Northridge-01,1994,Pacoima Kagel Canyon,US:pacoimakagelcanyon,34.296,-118.375,matched,S02,ROTD50_d050 row 1053; RSN=1052; Pacoima Kagel Canyon,NGA RSN + event + year; station name reviewed,,as supplied,1052,6.7,0.73,,56.8,7.3,,26,33,89,0,1,,,,,,,,,,,,,,,,,,,,,,,,,,,,,,,,,,,NGA:1052,2,
S02-R0074,Baker_moderate,74,Northridge-01,1994,Pardee - SCE,US:pardeesce,34.435,-118.582,matched,S02,ROTD50_d050 row 1055; RSN=1054; Pardee - SCE,NGA RSN + event + year; station name reviewed,,as supplied,1054,6.7,1.23,,76.3,7.5,,31.1,-999,-999,-999,1,,,,,,,,,,,,,,,,,,,,,,,,,,,,,,,,,,,NGA:1054,2,
S02-R0075,Baker_moderate,75,Northridge-01,1994,Rinaldi Receiving Sta,US:rinaldireceivingsta,34.281,-118.478,matched,S02,ROTD50_d050 row 1064; RSN=1063; Rinaldi Receiving Sta,NGA RSN + event + year; station name reviewed,,as supplied,1063,6.7,1.25,,149.1,6.5,,20.6,209,87,1,1,,,,,,,,,,,,,,,,,,,,,,,,,,,,,,,,,,,NGA:1063,2,
S02-R0076,Baker_moderate,76,Northridge-01,1994,Sylmar - Converter Sta,US:sylmarconvertersta,34.311,-118.49,matched,S02,ROTD50_d050 row 1085; RSN=1084; Sylmar - Converter Sta,NGA RSN + event + year; station name reviewed,,as supplied,1084,6.7,2.98,,106.3,5.3,,21.9,63,59,0,1,,,,,,,,,,,,,,,,,,,,,,,,,,,,,,,,,,,NGA:1084,2,
S02-R0077,Baker_moderate,77,Northridge-01,1994,Sylmar - Converter Sta East,US:sylmarconverterstaeast,34.312,-118.481,matched,S02,ROTD50_d050 row 1086; RSN=1085; Sylmar - Converter Sta East,NGA RSN + event + year; station name reviewed,,as supplied,1085,6.7,3.53,,114,5.2,,22.2,37,85,1,1,,,,,,,,,,,,,,,,,,,,,,,,,,,,,,,,,,,NGA:1085,2,
S02-R0078,Baker_moderate,78,Northridge-01,1994,Sylmar - Olive View Med FF,US:sylmaroliveviewmedff,34.326,-118.444,matched,S02,ROTD50_d050 row 1087; RSN=1086; Sylmar - Olive View Med FF,NGA RSN + event + year; station name reviewed,,as supplied,1086,6.7,2.44,,130.6,5.3,,24.2,20,78,1,1,,,,,,,,,,,,,,,,,,,,,,,,,,,,,,,,,,,NGA:1086,2,
S02-R0079,Baker_moderate,79,"Kobe, Japan",1995,KJMA,JP:kjma,34.6833,135.18,matched,S02,ROTD50_d050 row 1107; RSN=1106; KJMA,NGA RSN + event + year; station name reviewed,,as supplied,1106,6.9,1.09,,105.6,1,,25.6,318,88,1,1,,,,,,,,,,,,,,,,,,,,,,,,,,,,,,,,,,,NGA:1106,2,
S02-R0080,Baker_moderate,80,"Kobe, Japan",1995,Port Island (0 m),JP:portisland0m,34.67,135.201,matched,S02,ROTD50_d050 row 1115; RSN=1114; Port Island (0 m),NGA RSN + event + year; station name reviewed,,as supplied,1114,6.9,2.83,,103,3.3,,26.3,332,78,1,1,,,,,,,,,,,,,,,,,,,,,,,,,,,,,,,,,,,NGA:1114,2,
S02-R0081,Baker_moderate,81,"Kobe, Japan",1995,Takarazuka,JP:takarazuka,34.809,135.344,matched,S02,ROTD50_d050 row 1120; RSN=1119; Takarazuka,NGA RSN + event + year; station name reviewed,,as supplied,1119,6.9,1.81,,95.6,0.3,,42.5,301,71,1,1,,,,,,,,,,,,,,,,,,,,,,,,,,,,,,,,,,,NGA:1119,2,
S02-R0082,Baker_moderate,82,"Kobe, Japan",1995,Takatori,JP:takatori,34.649,135.139,matched,S02,ROTD50_d050 row 1121; RSN=1120; Takatori,NGA RSN + event + year; station name reviewed,,as supplied,1120,6.9,1.55,,153.2,1.5,,22.2,318,88,1,1,,,,,,,,,,,,,,,,,,,,,,,,,,,,,,,,,,,NGA:1120,2,
S02-R0083,Baker_moderate,83,Northwest China-03,1997,Jiashi,CN:jiashi,39.496,76.739,matched,S02,ROTD50_d050 row 1753; RSN=1752; Jiashi,NGA RSN + event + year; station name reviewed,,as supplied,1752,6.1,1.09,,34.6,17.7,,27.7,85,64,1,0,,,,,,,,,,,,,,,,,,,,,,,,,,,,,,,,,,,NGA:1752,2,
S02-R0084,Baker_moderate,84,Yountville,2000,Napa Fire Station #3,US:napafirestation3,38.33,-122.318,matched,S02,ROTD50_d050 row 1854; RSN=1853; Napa Fire Station #3,NGA RSN + event + year; station name reviewed,,as supplied,1853,5,0.73,,42.4,11.5,,14.2,66,84,1,0,,,,,,,,,,,,,,,,,,,,,,,,,,,,,,,,,,,NGA:1853,2,
S02-R0085,Baker_moderate,85,"Chi-Chi, Taiwan-03",1999,CHY024,TW:chy024,23.757,120.6062,matched,S02,ROTD50_d050 row 2458; RSN=2457; CHY024,NGA RSN + event + year; station name reviewed,,as supplied,2457,6.2,3.19,,32.7,19.6,,26.7,274,86,1,0,,,,,,,,,,,,,,,,,,,,,,,,,,,,,,,,,,,NGA:2457,2,
S02-R0086,Baker_moderate,86,"Chi-Chi, Taiwan-03",1999,CHY035,TW:chy035,23.52,120.584,matched,S02,ROTD50_d050 row 2467; RSN=2466; CHY035,NGA RSN + event + year; station name reviewed,,as supplied,2466,6.2,1.06,,30.1,34.5,,42.9,74,74,0,0,,,,,,,,,,,,,,,,,,,,,,,,,,,,,,,,,,,NGA:2466,2,
S02-R0087,Baker_moderate,87,"Chi-Chi, Taiwan-03",1999,CHY080,TW:chy080,23.5972,120.6777,matched,S02,ROTD50_d050 row 2496; RSN=2495; CHY080,NGA RSN + event + year; station name reviewed,,as supplied,2495,6.2,1.38,,69.8,22.4,,30.5,272,88,1,0,,,,,,,,,,,,,,,,,,,,,,,,,,,,,,,,,,,NGA:2495,2,
S02-R0088,Baker_moderate,88,"Chi-Chi, Taiwan-03",1999,TCU065,TW:tcu065,24.0588,120.6912,matched,S02,ROTD50_d050 row 2619; RSN=2618; TCU065,NGA RSN + event + year; station name reviewed,,as supplied,2618,6.2,1.53,,35.4,26.1,,33,305,55,0,0,,,,,,,,,,,,,,,,,,,,,,,,,,,,,,,,,,,NGA:2618,2,
S02-R0089,Baker_moderate,89,"Chi-Chi, Taiwan-03",1999,TCU076,TW:tcu076,23.9077,120.6757,matched,S02,ROTD50_d050 row 2628; RSN=2627; TCU076,NGA RSN + event + year; station name reviewed,,as supplied,2627,6.2,0.92,,61.5,14.7,,22.2,280,80,1,0,,,,,,,,,,,,,,,,,,,,,,,,,,,,,,,,,,,NGA:2627,2,
S02-R0090,Baker_moderate,90,"Chi-Chi, Taiwan-03",1999,TCU078,TW:tcu078,23.812,120.8455,matched,S02,ROTD50_d050 row 2629; RSN=2628; TCU078,NGA RSN + event + year; station name reviewed,,as supplied,2628,6.2,3.86,,56.3,7.6,,7.8,280,80,0,0,,,,,,,,,,,,,,,,,,,,,,,,,,,,,,,,,,,NGA:2628,2,
S02-R0091,Baker_moderate,91,"Chi-Chi, Taiwan-04",1999,CHY074,TW:chy074,23.5103,120.8052,matched,S02,ROTD50_d050 row 2735; RSN=2734; CHY074,NGA RSN + event + year; station name reviewed,,as supplied,2734,6.2,2.44,,44,6.2,,20.6,355,25,0,1,,,,,,,,,,,,,,,,,,,,,,,,,,,,,,,,,,,NGA:2734,2,
S02-R0092,Baker_moderate,92,"Chi-Chi, Taiwan-06",1999,CHY101,TW:chy101,23.6862,120.5622,matched,S02,ROTD50_d050 row 3318; RSN=3317; CHY101,NGA RSN + event + year; station name reviewed,,as supplied,3317,6.3,3.26,,34.1,36,,52.5,275,90,1,0,,,,,,,,,,,,,,,,,,,,,,,,,,,,,,,,,,,NGA:3317,2,
S02-R0093,Baker_moderate,93,"Chi-Chi, Taiwan-06",1999,TCU078,TW:tcu078,23.812,120.8455,matched,S02,ROTD50_d050 row 3474; RSN=3473; TCU078,NGA RSN + event + year; station name reviewed,,as supplied,3473,6.3,4.15,,38.4,11.5,,24,288,77,0,1,,,,,,,,,,,,,,,,,,,,,,,,,,,,,,,,,,,NGA:3473,2,
S02-R0094,Baker_moderate,94,"Chi-Chi, Taiwan-06",1999,TCU080,TW:tcu080,23.9,120.93,matched,S02,ROTD50_d050 row 3476; RSN=3475; TCU080,NGA RSN + event + year; station name reviewed,,as supplied,3475,6.3,1.02,,39.3,10.2,,18.3,50,45,0,1,,,,,,,,,,,,,,,,,,,,,,,,,,,,,,,,,,,NGA:3475,2,
S02-R0095,Baker_moderate,95,Loma Prieta,1989,Los Gatos - Lexington Dam,US:losgatoslexingtondam,37.202,-121.991,matched,S02,ROTD50_d050 row 3549; RSN=3548; Los Gatos - Lexington Dam,NGA RSN + event + year; station name reviewed,,as supplied,3548,6.9,1.57,,121.3,5,,26.8,49,79,1,1,,,,,,,,,,,,,,,,,,,,,,,,,,,,,,,,,,,NGA:3548,2,
S02-R0096,Baker_moderate,96,Taiwan SMART1(40),1986,SMART1 I02,TW:smart1i02,24.675,121.7661,matched,S02,ROTD50_d050 row 3635; RSN=3634; SMART1 I02,NGA RSN + event + year; station name reviewed,,as supplied,3634,6.3,1.67,,38.9,60.1,,70.2,120,77,1,0,,,,,,,,,,,,,,,,,,,,,,,,,,,,,,,,,,,NGA:3634,2,
S02-R0097,Baker_moderate,97,Taiwan SMART1(40),1986,SMART1 I03,TW:smart1i03,24.6744,121.7667,matched,S02,ROTD50_d050 row 3636; RSN=3635; SMART1 I03,NGA RSN + event + year; station name reviewed,,as supplied,3635,6.3,1.67,,35.6,60,,70.1,116,73,1,0,,,,,,,,,,,,,,,,,,,,,,,,,,,,,,,,,,,NGA:3635,2,
S02-R0098,Baker_moderate,98,Taiwan SMART1(40),1986,SMART1 I04,TW:smart1i04,24.6734,121.7668,matched,S02,ROTD50_d050 row 3637; RSN=3636; SMART1 I04,NGA RSN + event + year; station name reviewed,,as supplied,3636,6.3,1.67,,34.1,59.9,,70,112,69,1,0,,,,,,,,,,,,,,,,,,,,,,,,,,,,,,,,,,,NGA:3636,2,
S02-R0099,Baker_moderate,99,Taiwan SMART1(40),1986,SMART1 I05,TW:smart1i05,24.6726,121.7663,matched,S02,ROTD50_d050 row 3638; RSN=3637; SMART1 I05,NGA RSN + event + year; station name reviewed,,as supplied,3637,6.3,1.69,,33.5,59.8,,69.9,120,77,1,0,,,,,,,,,,,,,,,,,,,,,,,,,,,,,,,,,,,NGA:3637,2,
S02-R0100,Baker_moderate,100,Taiwan SMART1(40),1986,SMART1 I06,TW:smart1i06,24.6721,121.7652,matched,S02,ROTD50_d050 row 3639; RSN=3638; SMART1 I06,NGA RSN + event + year; station name reviewed,,as supplied,3638,6.3,1.67,,33.5,59.8,,69.8,124,81,1,0,,,,,,,,,,,,,,,,,,,,,,,,,,,,,,,,,,,NGA:3638,2,
S02-R0101,Baker_moderate,101,Taiwan SMART1(40),1986,SMART1 I08,TW:smart1i08,24.6725,121.7636,matched,S02,ROTD50_d050 row 3640; RSN=3639; SMART1 I08,NGA RSN + event + year; station name reviewed,,as supplied,3639,6.3,1.67,,36.9,59.8,,69.8,117,74,1,0,,,,,,,,,,,,,,,,,,,,,,,,,,,,,,,,,,,NGA:3639,2,
S02-R0102,Baker_moderate,102,Taiwan SMART1(40),1986,SMART1 I09,TW:smart1i09,24.6732,121.7629,matched,S02,ROTD50_d050 row 3641; RSN=3640; SMART1 I09,NGA RSN + event + year; station name reviewed,,as supplied,3640,6.3,1.67,,34.8,59.8,,69.9,119,76,1,0,,,,,,,,,,,,,,,,,,,,,,,,,,,,,,,,,,,NGA:3640,2,
S02-R0103,Baker_moderate,103,Taiwan SMART1(40),1986,SMART1 I11,TW:smart1i11,24.6749,121.7634,matched,S02,ROTD50_d050 row 3642; RSN=3641; SMART1 I11,NGA RSN + event + year; station name reviewed,,as supplied,3641,6.3,1.57,,31.3,60,,70.1,121,78,1,0,,,,,,,,,,,,,,,,,,,,,,,,,,,,,,,,,,,NGA:3641,2,
S02-R0104,Baker_moderate,104,Taiwan SMART1(40),1986,SMART1 I12,TW:smart1i12,24.6755,121.7641,matched,S02,ROTD50_d050 row 3643; RSN=3642; SMART1 I12,NGA RSN + event + year; station name reviewed,,as supplied,3642,6.3,1.57,,32.7,60.1,,70.2,111,68,1,0,,,,,,,,,,,,,,,,,,,,,,,,,,,,,,,,,,,NGA:3642,2,
S02-R0105,Baker_moderate,105,Taiwan SMART1(40),1986,SMART1 M02,TW:smart1m02,24.6815,121.7717,matched,S02,ROTD50_d050 row 3644; RSN=3643; SMART1 M02,NGA RSN + event + year; station name reviewed,,as supplied,3643,6.3,1.48,,29.7,60.9,,71,117,74,1,0,,,,,,,,,,,,,,,,,,,,,,,,,,,,,,,,,,,NGA:3643,2,
S02-R0106,Baker_moderate,106,Taiwan SMART1(40),1986,SMART1 M03,TW:smart1m03,24.6769,121.7735,matched,S02,ROTD50_d050 row 3645; RSN=3644; SMART1 M03,NGA RSN + event + year; station name reviewed,,as supplied,3644,6.3,1.57,,34,60.5,,70.5,118,75,1,0,,,,,,,,,,,,,,,,,,,,,,,,,,,,,,,,,,,NGA:3644,2,
S02-R0107,Baker_moderate,107,Taiwan SMART1(40),1986,SMART1 M04,TW:smart1m04,24.6718,121.7745,matched,S02,ROTD50_d050 row 3646; RSN=3645; SMART1 M04,NGA RSN + event + year; station name reviewed,,as supplied,3645,6.3,1.51,,33.1,59.9,,70,108,65,1,0,,,,,,,,,,,,,,,,,,,,,,,,,,,,,,,,,,,NGA:3645,2,
S02-R0108,Baker_moderate,108,Taiwan SMART1(40),1986,SMART1 M05,TW:smart1m05,24.6683,121.7721,matched,S02,ROTD50_d050 row 3647; RSN=3646; SMART1 M05,NGA RSN + event + year; station name reviewed,,as supplied,3646,6.3,1.57,,36.2,59.5,,69.6,103,60,1,0,,,,,,,,,,,,,,,,,,,,,,,,,,,,,,,,,,,NGA:3646,2,
S02-R0109,Baker_moderate,109,Taiwan SMART1(40),1986,SMART1 M06,TW:smart1m06,24.6651,121.7677,matched,S02,ROTD50_d050 row 3648; RSN=3647; SMART1 M06,NGA RSN + event + year; station name reviewed,,as supplied,3647,6.3,1.51,,37.3,59.1,,69.2,105,62,1,0,,,,,,,,,,,,,,,,,,,,,,,,,,,,,,,,,,,NGA:3647,2,
S02-R0110,Baker_moderate,110,Taiwan SMART1(40),1986,SMART1 M09,TW:smart1m09,24.6703,121.7553,matched,S02,ROTD50_d050 row 3650; RSN=3649; SMART1 M09,NGA RSN + event + year; station name reviewed,,as supplied,3649,6.3,1.57,,30.8,59.4,,69.4,102,59,0,0,,,,,,,,,,,,,,,,,,,,,,,,,,,,,,,,,,,NGA:3649,2,
S02-R0111,Baker_moderate,111,Taiwan SMART1(40),1986,SMART1 M10,TW:smart1m10,24.675,121.7558,matched,S02,ROTD50_d050 row 3651; RSN=3650; SMART1 M10,NGA RSN + event + year; station name reviewed,,as supplied,3650,6.3,1.6,,30.4,59.9,,69.9,111,68,0,0,,,,,,,,,,,,,,,,,,,,,,,,,,,,,,,,,,,NGA:3650,2,
S02-R0112,Baker_moderate,112,Taiwan SMART1(40),1986,SMART1 M12,TW:smart1m12,24.6824,121.7619,matched,S02,ROTD50_d050 row 3653; RSN=3652; SMART1 M12,NGA RSN + event + year; station name reviewed,,as supplied,3652,6.3,1.44,,25,60.8,,70.8,144,79,1,0,,,,,,,,,,,,,,,,,,,,,,,,,,,,,,,,,,,NGA:3652,2,
S02-R0113,Baker_moderate,113,Taiwan SMART1(40),1986,SMART1 O04,TW:smart1o04,24.6703,121.784,matched,S02,ROTD50_d050 row 3656; RSN=3655; SMART1 O04,NGA RSN + event + year; station name reviewed,,as supplied,3655,6.3,1.44,,36.7,60,,70.1,98,55,1,0,,,,,,,,,,,,,,,,,,,,,,,,,,,,,,,,,,,NGA:3655,2,
S02-R0114,Baker_moderate,114,Taiwan SMART1(40),1986,SMART1 O05,TW:smart1o05,24.662,121.7799,matched,S02,ROTD50_d050 row 3657; RSN=3656; SMART1 O05,NGA RSN + event + year; station name reviewed,,as supplied,3656,6.3,1.48,,33.4,59,,69.2,97,54,1,0,,,,,,,,,,,,,,,,,,,,,,,,,,,,,,,,,,,NGA:3656,2,
S02-R0115,Baker_moderate,115,Taiwan SMART1(40),1986,SMART1 O06,TW:smart1o06,24.6565,121.7708,matched,S02,ROTD50_d050 row 3658; RSN=3657; SMART1 O06,NGA RSN + event + year; station name reviewed,,as supplied,3657,6.3,1.6,,34.3,58.2,,68.3,105,62,1,0,,,,,,,,,,,,,,,,,,,,,,,,,,,,,,,,,,,NGA:3657,2,
S02-R0116,Baker_moderate,116,Taiwan SMART1(40),1986,SMART1 O08,TW:smart1o08,24.6594,121.7518,matched,S02,ROTD50_d050 row 3659; RSN=3658; SMART1 O08,NGA RSN + event + year; station name reviewed,,as supplied,3658,6.3,1.44,,31.9,58.1,,68.2,113,70,1,0,,,,,,,,,,,,,,,,,,,,,,,,,,,,,,,,,,,NGA:3658,2,
S02-R0117,Baker_moderate,117,Taiwan SMART1(40),1986,SMART1 O11,TW:smart1o11,24.6856,121.7506,matched,S02,ROTD50_d050 row 3661; RSN=3660; SMART1 O11,NGA RSN + event + year; station name reviewed,,as supplied,3660,6.3,1.23,,27.6,60.9,,70.9,69,26,0,0,,,,,,,,,,,,,,,,,,,,,,,,,,,,,,,,,,,NGA:3660,2,
S02-R0118,Baker_moderate,118,"Kobe, Japan",1995,Port Island (83 m),JP:portisland83m,,,unresolved,,,,未找到可確定對應的座標。,as supplied,3763,6.9,2.53,,71.6,3.3,,26.3,345,65,0,1,,,,,,,,,,,,,,,,,,,,,,,,,,,,,,,,,,,NGA:3763,2,
S02-R0119,Baker_moderate,119,"Tottori, Japan",2000,TTR008,JP:ttr008,35.4227,133.3327,matched,S02,ROTD50_d050 row 3966; RSN=3965; TTR008,NGA RSN + event + year; station name reviewed,,as supplied,3965,6.6,1.54,,53.2,6.9,,20.7,276,54,0,1,,,,,,,,,,,,,,,,,,,,,,,,,,,,,,,,,,,NGA:3965,2,
S02-R0120,Baker_moderate,120,"Bam, Iran",2003,Bam,IR:bam,29.097,58.353,matched,S02,ROTD50_d050 row 4041; RSN=4040; Bam,NGA RSN + event + year; station name reviewed,,as supplied,4040,6.6,2.02,,124.2,1.7,,13.9,277,78,1,1,,,,,,,,,,,,,,,,,,,,,,,,,,,,,,,,,,,NGA:4040,2,
S02-R0121,Baker_moderate,121,"Parkfield-02, CA",2004,PARKFIELD - EADES,US:parkfieldeades,35.894,-120.421,matched,S02,ROTD50_d050 row 4066; RSN=4065; PARKFIELD - EADES,NGA RSN + event + year; station name reviewed,,as supplied,4065,6,1.22,,35.8,2.9,,12.8,41,80,1,1,,,,,,,,,,,,,,,,,,,,,,,,,,,,,,,,,,,NGA:4065,2,
S02-R0122,Baker_moderate,122,"Parkfield-02, CA",2004,Slack Canyon,US:slackcanyon,36.034,-120.59,matched,S02,ROTD50_d050 row 4098; RSN=4097; Slack Canyon,NGA RSN + event + year; station name reviewed,,as supplied,4097,6,0.85,,53.2,3,,32.5,0,39,0,1,,,,,,,,,,,,,,,,,,,,,,,,,,,,,,,,,,,NGA:4097,2,
S02-R0123,Baker_moderate,123,"Parkfield-02, CA",2004,Parkfield - Cholame 1E,US:parkfieldcholame1e,35.743,-120.277,matched,S02,ROTD50_d050 row 4099; RSN=4098; Parkfield - Cholame 1E,NGA RSN + event + year; station name reviewed,,as supplied,4098,6,1.33,,51.6,3,,14,58,83,1,1,,,,,,,,,,,,,,,,,,,,,,,,,,,,,,,,,,,NGA:4098,2,
S02-R0124,Baker_moderate,124,"Parkfield-02, CA",2004,Parkfield - Cholame 2WA,US:parkfieldcholame2wa,35.733,-120.29,matched,S02,ROTD50_d050 row 4101; RSN=4100; Parkfield - Cholame 2WA,NGA RSN + event + year; station name reviewed,,as supplied,4100,6,1.08,,57.9,3,,14.1,67,74,1,1,,,,,,,,,,,,,,,,,,,,,,,,,,,,,,,,,,,NGA:4100,2,
S02-R0125,Baker_moderate,125,"Parkfield-02, CA",2004,Parkfield - Cholame 3E,US:parkfieldcholame3e,35.77,-120.247,matched,S02,ROTD50_d050 row 4102; RSN=4101; Parkfield - Cholame 3E,NGA RSN + event + year; station name reviewed,,as supplied,4101,6,0.52,,31,5.5,,14.4,66,75,1,1,,,,,,,,,,,,,,,,,,,,,,,,,,,,,,,,,,,NGA:4101,2,
S02-R0126,Baker_moderate,126,"Parkfield-02, CA",2004,Parkfield - Cholame 3W,US:parkfieldcholame3w,35.724,-120.294,matched,S02,ROTD50_d050 row 4103; RSN=4102; Parkfield - Cholame 3W,NGA RSN + event + year; station name reviewed,,as supplied,4102,6,1.02,,43.5,3.6,,14.6,27,66,1,1,,,,,,,,,,,,,,,,,,,,,,,,,,,,,,,,,,,NGA:4102,2,
S02-R0127,Baker_moderate,127,"Parkfield-02, CA",2004,Parkfield - Cholame 4W,US:parkfieldcholame4w,35.718,-120.304,matched,S02,ROTD50_d050 row 4104; RSN=4103; Parkfield - Cholame 4W,NGA RSN + event + year; station name reviewed,,as supplied,4103,6,0.7,,38.3,4.2,,14.7,43,82,1,1,,,,,,,,,,,,,,,,,,,,,,,,,,,,,,,,,,,NGA:4103,2,
S02-R0128,Baker_moderate,128,"Parkfield-02, CA",2004,Parkfield - Fault Zone 1,US:parkfieldfaultzone1,35.758,-120.307,matched,S02,ROTD50_d050 row 4108; RSN=4107; Parkfield - Fault Zone 1,NGA RSN + event + year; station name reviewed,,as supplied,4107,6,1.19,,81.9,2.5,,11.7,13,52,1,1,,,,,,,,,,,,,,,,,,,,,,,,,,,,,,,,,,,NGA:4107,2,
S02-R0129,Baker_moderate,129,"Parkfield-02, CA",2004,Parkfield - Fault Zone 9,US:parkfieldfaultzone9,35.879,-120.445,matched,S02,ROTD50_d050 row 4114; RSN=4113; Parkfield - Fault Zone 9,NGA RSN + event + year; station name reviewed,,as supplied,4113,6,1.13,,27,2.9,,12.9,63,78,1,1,,,,,,,,,,,,,,,,,,,,,,,,,,,,,,,,,,,NGA:4113,2,
S02-R0130,Baker_moderate,130,"Parkfield-02, CA",2004,Parkfield - Fault Zone 12,US:parkfieldfaultzone12,35.899,-120.433,matched,S02,ROTD50_d050 row 4116; RSN=4115; Parkfield - Fault Zone 12,NGA RSN + event + year; station name reviewed,,as supplied,4115,6,1.19,,56.5,2.6,,13.7,49,88,1,1,,,,,,,,,,,,,,,,,,,,,,,,,,,,,,,,,,,NGA:4115,2,
S02-R0131,Baker_moderate,131,"Parkfield-02, CA",2004,Parkfield - Stone Corral 4E,US:parkfieldstonecorral4e,35.855,-120.281,matched,S02,ROTD50_d050!CK359:CL359; RSN=358,region + normalized station,,as supplied,4116,6,0.6,,84.3,8.8,,11.9,64,77,1,0,,,,,,,,,,,,,,,,,,,,,,,,,,,,,,,,,,,NGA:4116,2,
S02-R0132,Baker_moderate,132,"Parkfield-02, CA",2004,PARKFIELD - STONE CORRAL 1E,US:parkfieldstonecorral1e,35.788,-120.294,matched,S02,ROTD50_d050 row 4127; RSN=4126; Parkfield - Stone Corral 1E,NGA RSN + event + year; station name reviewed,,as supplied,4126,6,0.57,,43.4,3.8,,10.8,56,85,1,1,,,,,,,,,,,,,,,,,,,,,,,,,,,,,,,,,,,NGA:4126,2,
S02-R0133,Baker_moderate,133,"Niigata, Japan",2004,NIG021,JP:nig021,37.1281,138.7468,matched,S02,ROTD50_d050 row 4212; RSN=4211; NIG021,NGA RSN + event + year; station name reviewed,,as supplied,4211,6.6,0.32,,66.9,11.3,,24,40,8,0,1,,,,,,,,,,,,,,,,,,,,,,,,,,,,,,,,,,,NGA:4211,2,
S02-R0134,Baker_moderate,134,"Niigata, Japan",2004,NIGH11,JP:nigh11,37.1697,138.7472,matched,S02,ROTD50_d050 row 4229; RSN=4228; NIGH11,NGA RSN + event + year; station name reviewed,,as supplied,4228,6.6,1.8,,65.6,8.9,,20.3,43,11,0,1,,,,,,,,,,,,,,,,,,,,,,,,,,,,,,,,,,,NGA:4228,2,
S02-R0135,Baker_moderate,135,"L'Aquila, Italy",2009,L'Aquila - V. Aterno - Centro Valle,IT:laquilavaternocentrovalle,42.377,13.344,matched,S02,ROTD50_d050 row 4481; RSN=4480; L'Aquila - V. Aterno - Centro Valle,NGA RSN + event + year; station name reviewed,,as supplied,4480,6.3,1.07,,42.1,6.3,,10.3,110,29,0,1,,,,,,,,,,,,,,,,,,,,,,,,,,,,,,,,,,,NGA:4480,2,
S02-R0136,Baker_moderate,136,"L'Aquila, Italy",2009,L'Aquila - V. Aterno -F. Aterno,IT:laquilavaternofaterno,42.376,13.339,matched,S02,ROTD50_d050 row 4483; RSN=4482; L'Aquila - V. Aterno -F. Aterno,NGA RSN + event + year; station name reviewed,,as supplied,4482,6.3,1.18,,31.6,6.5,,10.4,69,70,0,1,,,,,,,,,,,,,,,,,,,,,,,,,,,,,,,,,,,NGA:4482,2,
S02-R0137,Baker_moderate,137,"L'Aquila, Italy",2009,L'Aquila - Parking,IT:laquilaparking,42.345,13.401,matched,S02,ROTD50_d050 row 4484; RSN=4483; L'Aquila - Parking,NGA RSN + event + year; station name reviewed,,as supplied,4483,6.3,1.98,,46.3,5.4,,9.4,38,79,1,1,,,,,,,,,,,,,,,,,,,,,,,,,,,,,,,,,,,NGA:4483,2,
S02-R0138,Baker_moderate,138,Chuetsu-oki,2007,Joetsu Kakizakiku Kakizaki,JP:joetsukakizakikukakizaki,37.2736,138.3944,matched,S02,ROTD50_d050 row 4848; RSN=4847; Joetsu Kakizakiku Kakizaki,NGA RSN + event + year; station name reviewed,,as supplied,4847,6.8,1.4,,91.1,11.9,,36.6,86,52,0,1,,,,,,,,,,,,,,,,,,,,,,,,,,,,,,,,,,,NGA:4847,2,
S02-R0139,Baker_moderate,139,Chuetsu-oki,2007,Yoshikawaku Joetsu City,JP:yoshikawakujoetsucity,37.2203,138.4081,matched,S02,ROTD50_d050 row 4851; RSN=4850; Yoshikawaku Joetsu City,NGA RSN + event + year; station name reviewed,,as supplied,4850,6.8,1.33,,63.8,16.9,,40.9,52,18,0,0,,,,,,,,,,,,,,,,,,,,,,,,,,,,,,,,,,,NGA:4850,2,
S02-R0140,Baker_moderate,140,Chuetsu-oki,2007,Kashiwazaki City Center,JP:kashiwazakicitycenter,37.3686,138.5619,matched,S02,ROTD50_d050 row 4857; RSN=4856; Kashiwazaki City Center,NGA RSN + event + year; station name reviewed,,as supplied,4856,6.8,2.93,,126,11.1,,21.5,317,77,1,0,,,,,,,,,,,,,,,,,,,,,,,,,,,,,,,,,,,NGA:4856,2,
S02-R0141,Baker_moderate,141,Chuetsu-oki,2007,Oguni Nagaoka,JP:oguninagaoka,37.3022,138.7122,matched,S02,ROTD50_d050 row 4875; RSN=4874; Oguni Nagaoka,NGA RSN + event + year; station name reviewed,,as supplied,4874,6.8,0.8,,80.3,20,,29,306,88,1,0,,,,,,,,,,,,,,,,,,,,,,,,,,,,,,,,,,,NGA:4874,2,
S02-R0142,Baker_moderate,142,Chuetsu-oki,2007,Kariwa,JP:kariwa,37.4189,138.6258,matched,S02,ROTD50_d050 row 4876; RSN=4875; Kariwa,NGA RSN + event + year; station name reviewed,,as supplied,4875,6.8,3.08,,154.5,12,,16.1,319,75,1,0,,,,,,,,,,,,,,,,,,,,,,,,,,,,,,,,,,,NGA:4875,2,
S02-R0143,Baker_moderate,143,Chuetsu-oki,2007,Yan Sakuramachi City watershed,JP:yansakuramachicitywatershed,37.6233,138.8428,matched,S02,ROTD50_d050 row 4880; RSN=4879; Yan Sakuramachi City watershed,NGA RSN + event + year; station name reviewed,,as supplied,4879,6.8,1.41,,39.4,19,,23.8,304,90,1,0,,,,,,,,,,,,,,,,,,,,,,,,,,,,,,,,,,,NGA:4879,2,
S02-R0144,Baker_moderate,144,Chuetsu-oki,2007,Joetsu Otemachi,JP:joetsuotemachi,37.105,138.25,matched,S02,ROTD50_d050 row 4890; RSN=4889; Joetsu Otemachi,NGA RSN + event + year; station name reviewed,,as supplied,4889,6.8,0.55,,34.9,32.9,,58.8,51,17,0,0,,,,,,,,,,,,,,,,,,,,,,,,,,,,,,,,,,,NGA:4889,2,
S02-R0145,Baker_moderate,145,Chuetsu-oki,2007,Iizuna Imokawa,JP:iizunaimokawa,36.7642,138.255,matched,S02,ROTD50_d050 row 4892; RSN=4891; Iizuna Imokawa,NGA RSN + event + year; station name reviewed,,as supplied,4891,6.8,0.92,,81.5,66.4,,92.4,23,11,0,0,,,,,,,,,,,,,,,,,,,,,,,,,,,,,,,,,,,NGA:4891,2,
S02-R0146,Baker_moderate,146,Chuetsu-oki,2007,SERVICE HALL: 2.4 M DEPTH,JP:servicehall24mdepth,37.4267,138.6083,matched,S02,"ROTD50_d050 row 4897; RSN=4896; Kashiwazaki NPP, Service Hall Array 2.4 m depth",NGA RSN + event + year; station name reviewed,,as supplied,4896,6.8,2.39,,126,11,,16.3,78,44,0,0,,,,,,,,,,,,,,,,,,,,,,,,,,,,,,,,,,,NGA:4896,2,
S02-R0147,Baker_moderate,147,Chuetsu-oki,2007,SERVICE HALL:50.8 M DEPTH,JP:servicehall508mdepth,,,unresolved,,,,未找到可確定對應的座標。,as supplied,4897,6.8,2.98,,85.3,11,,16.3,66,32,0,0,,,,,,,,,,,,,,,,,,,,,,,,,,,,,,,,,,,NGA:4897,2,
S02-R0148,Baker_moderate,148,Iwate,2008,IWTH26,JP:iwth26,38.9661,141.0047,matched,S02,ROTD50_d050 row 5659; RSN=5658; IWTH26,NGA RSN + event + year; station name reviewed,,as supplied,5658,6.9,4,,56.9,6,,14.4,9,20,0,0,,,,,,,,,,,,,,,,,,,,,,,,,,,,,,,,,,,NGA:5658,2,
S02-R0149,Baker_moderate,149,Iwate,2008,Machimukai Town,JP:machimukaitown,38.755,140.5228,matched,S02,ROTD50_d050 row 5811; RSN=5810; Machimukai Town,NGA RSN + event + year; station name reviewed,,as supplied,5810,6.9,4.16,,40,24.1,,43.6,276,67,1,0,,,,,,,,,,,,,,,,,,,,,,,,,,,,,,,,,,,NGA:5810,2,
S02-R0150,Baker_moderate,150,"Joshua Tree, CA",1992,Indio - Jackson Road,US:indiojacksonroad,33.7462,-116.2163,matched,S02,ROTD50_d050 row 6878; RSN=6877; Indio - Jackson Road,NGA RSN + event + year; station name reviewed,,as supplied,6877,6.1,1.1,,53.3,25.5,,28.4,268,72,1,0,,,,,,,,,,,,,,,,,,,,,,,,,,,,,,,,,,,NGA:6877,2,
S02-R0151,Baker_moderate,151,"Christchurch, New Zealand",2011,CCCC,NZ:cccc,-43.5395,172.6464,matched,S02,ROTD50_d050 row 8065; Station ID=CCCC,region + normalized station + year,,as supplied,8064,6.1,1.72,,66.9,3.3,,8.3,266,27,0,0,,,,,,,,,,,,,,,,,,,,,,,,,,,,,,,,,,,NGA:8064,2,
S02-R0152,Baker_moderate,152,"Christchurch, New Zealand",2011,CHHC,NZ:chhc,-43.5355,172.6261,matched,S02,ROTD50_d050 row 8067; Station ID=CHHC,region + normalized station + year,,as supplied,8066,6.1,1.96,,81.3,4.8,,9.5,57,2,0,0,,,,,,,,,,,,,,,,,,,,,,,,,,,,,,,,,,,NGA:8066,2,
S02-R0153,Baker_moderate,153,"Christchurch, New Zealand",2011,CMHS,NZ:cmhs,-43.5673,172.6241,matched,S02,ROTD50_d050 row 8068; Station ID=CMHS,region + normalized station + year,,as supplied,8067,6.1,2.04,,48.1,4.5,,8.8,21,38,0,0,,,,,,,,,,,,,,,,,,,,,,,,,,,,,,,,,,,NGA:8067,2,
S02-R0154,Baker_moderate,154,"Christchurch, New Zealand",2011,HPSC,NZ:hpsc,-43.5016,172.7022,matched,S02,ROTD50_d050 row 8091; Station ID=HPSC,region + normalized station + year,,as supplied,8090,6.1,6.85,,48.3,4.3,,9.8,291,52,0,0,,,,,,,,,,,,,,,,,,,,,,,,,,,,,,,,,,,NGA:8090,2,
S02-R0155,Baker_moderate,155,"Christchurch, New Zealand",2011,PRPC,NZ:prpc,-43.527,172.7017,matched,S02,ROTD50_d050 row 8120; Station ID=PRPC,region + normalized station + year,,as supplied,8119,6.1,4.82,,123.1,2,,7.7,135,76,1,1,,,,,,,,,,,,,,,,,,,,,,,,,,,,,,,,,,,NGA:8119,2,
S02-R0156,Baker_moderate,156,"Christchurch, New Zealand",2011,REHS,NZ:rehs,-43.5236,172.635,matched,S02,ROTD50_d050 row 8124; Station ID=REHS,region + normalized station + year,,as supplied,8123,6.1,1.55,,97.5,5.1,,9.7,71,12,0,1,,,,,,,,,,,,,,,,,,,,,,,,,,,,,,,,,,,NGA:8123,2,
S02-R0157,Baker_moderate,157,"Christchurch, New Zealand",2011,SHLC,NZ:shlc,-43.5053,172.6634,matched,S02,ROTD50_d050 row 8131; Station ID=SHLC,region + normalized station + year,,as supplied,8130,6.1,3.58,,72.4,5.6,,10,295,56,0,0,,,,,,,,,,,,,,,,,,,,,,,,,,,,,,,,,,,NGA:8130,2,
S02-R0158,Baker_moderate,158,"Christchurch, New Zealand",2011,LPCC,NZ:lpcc,-43.6056,172.7223,matched,S02,ROTD50_d050 row 8159; RSN=8158; LPCC,NGA RSN + event + year; station name reviewed,,as supplied,8158,6.1,3.8,,44.7,6.1,,7.3,19,40,0,0,,,,,,,,,,,,,,,,,,,,,,,,,,,,,,,,,,,NGA:8158,2,
S03-R0002,Baker(2014),2,Northern Calif-03,1954,Ferndale City Hall,US:ferndalecityhall,40.576,-124.263,matched,S02,ROTD50_d050 row 21; RSN=20; Ferndale City Hall,NGA RSN + event + year; station name reviewed,,as supplied,20,6.5,2,,40.3,27,,32.4,19,47,0,0,Strike slip,0.6931471805599453,,,,,,,,,,,,,,,,,,,,,,,,,,,,,,,,,NGA:20,2,
S03-R0003,Baker(2014),3,San Fernando,1971,Pacoima Dam (upper left abut),US:pacoimadamupperleftabut,34.334,-118.396,matched,S02,ROTD50_d050 row 78; RSN=77; Pacoima Dam (upper left abut),NGA RSN + event + year; station name reviewed,,as supplied,77,6.6,1.64,,121.9,1.8,,17.6,189,84,1,1,Reverse-oblique,0.494696241836107,,,,,,,,,,,,,,,,,,,,,,,,,,,,,,,,,NGA:77,2,
S03-R0004,Baker(2014),4,"Tabas, Iran",1978,Tabas,IR:tabas,33.58,56.92,matched,S02,ROTD50_d050 row 144; RSN=143; Tabas,NGA RSN + event + year; station name reviewed,,as supplied,143,7.3,6.19,,129.7,2,,55.5,0,30,0,1,Reverse-oblique,1.8229350866965048,,,,,,,,,,,,,,,,,,,,,,,,,,,,,,,,,NGA:143,1,
S03-R0005,Baker(2014),5,"Montenegro, Yugo.",1979,Bar-Skupstina Opstine,ME:barskupstinaopstine,42.095,19.101,matched,S02,ROTD50_d050 row 4452; RSN=4451; Bar-Skupstina Opstine,NGA RSN + event + year; station name reviewed,,as supplied,4451,7.1,1.44,,62.7,7,,12.9,309,9,0,1,Reverse-oblique,0.36464311358790924,,,,,,,,,,,,,,,,,,,,,,,,,,,,,,,,,NGA:4451,1,
S03-R0006,Baker(2014),6,"Montenegro, Yugo.",1979,Ulcinj - Hotel Olimpic,ME:ulcinjhotelolimpic,41.911,19.249,matched,S02,ROTD50_d050 row 4459; RSN=4458; Ulcinj - Hotel Olimpic,NGA RSN + event + year; station name reviewed,,as supplied,4458,7.1,1.97,,62.8,5.8,,16.3,301,1,0,1,Reverse-oblique,0.6780335427498971,,,,,,,,,,,,,,,,,,,,,,,,,,,,,,,,,NGA:4458,1,
S03-R0007,Baker(2014),7,Coyote Lake,1979,Gilroy Array #2,US:gilroyarray2,36.982,-121.556,matched,S02,ROTD50_d050 row 148; RSN=147; Gilroy Array #2,NGA RSN + event + year; station name reviewed,,as supplied,147,5.7,1.46,,32,9,,13.6,139,17,0,1,Strike slip,0.37843643572024505,,,,,,,,,,,,,,,,,,,,,,,,,,,,,,,,,NGA:147,2,
S03-R0008,Baker(2014),8,Coyote Lake,1979,Gilroy Array #3,US:gilroyarray3,36.987,-121.536,matched,S02,ROTD50_d050 row 149; RSN=148; Gilroy Array #3,NGA RSN + event + year; station name reviewed,,as supplied,148,5.7,1.16,,30.8,7.4,,12.5,354,18,0,1,Strike slip,0.14842000511827322,,,,,,,,,,,,,,,,,,,,,,,,,,,,,,,,,NGA:148,2,
S03-R0009,Baker(2014),9,Coyote Lake,1979,Gilroy Array #4,US:gilroyarray4,37.001,-121.522,matched,S02,ROTD50_d050 row 150; RSN=149; Gilroy Array #4,NGA RSN + event + year; station name reviewed,,as supplied,149,5.7,1.35,,32.1,5.7,,11.1,350,14,0,1,Strike slip,0.30010459245033816,,,,,,,,,,,,,,,,,,,,,,,,,,,,,,,,,NGA:149,2,
S03-R0010,Baker(2014),10,Coyote Lake,1979,Gilroy Array #6,US:gilroyarray6,37.026,-121.484,matched,S02,ROTD50_d050 row 151; RSN=150; Gilroy Array #6,NGA RSN + event + year; station name reviewed,,as supplied,150,5.7,1.23,,49.6,3.1,,9.1,246,90,1,1,Strike slip,0.20701416938432612,,,,,,,,,,,,,,,,,,,,,,,,,,,,,,,,,NGA:150,2,
S03-R0011,Baker(2014),11,Imperial Valley-06,1979,Agrarias,US:agrarias,32.621,-115.301,matched,S02,ROTD50_d050 row 160; RSN=159; Agrarias,NGA RSN + event + year; station name reviewed,,as supplied,159,6.5,2.34,,53.5,0.7,,10.3,53,90,1,1,Strike slip,0.85015092936961,,,,,,,,,,,,,,,,,,,,,,,,,,,,,,,,,NGA:159,2,
S03-R0012,Baker(2014),12,Imperial Valley-06,1979,Brawley Airport,US:brawleyairport,32.991,-115.513,matched,S02,ROTD50_d050 row 162; RSN=161; Brawley Airport,NGA RSN + event + year; station name reviewed,,as supplied,161,6.5,4.4,,36.7,10.4,,44.3,226,83,1,1,Strike slip,1.4816045409242156,,,,,,,,,,,,,,,,,,,,,,,,,,,,,,,,,NGA:161,2,
S03-R0013,Baker(2014),13,Imperial Valley-06,1979,EC County Center FF,US:eccountycenterff,32.793,-115.562,matched,S02,ROTD50_d050 row 171; RSN=170; EC County Center FF,NGA RSN + event + year; station name reviewed,,as supplied,170,6.5,4.42,,70.8,7.3,,30.7,75,68,1,1,Strike slip,1.4861396960896067,,,,,,,,,,,,,,,,,,,,,,,,,,,,,,,,,NGA:170,2,
S03-R0014,Baker(2014),14,Imperial Valley-06,1979,El Centro - Meloland Geot. Array,US:elcentromelolandgeotarray,32.773,-115.447,matched,S02,ROTD50_d050 row 172; RSN=171; El Centro - Meloland Geot. Array,NGA RSN + event + year; station name reviewed,,as supplied,171,6.5,3.42,,116.4,0.1,,21.8,59,84,1,1,Strike slip,1.2296405510745139,,,,,,,,,,,,,,,,,,,,,,,,,,,,,,,,,NGA:171,2,
S03-R0015,Baker(2014),15,Imperial Valley-06,1979,El Centro Array #10,US:elcentroarray10,32.7806,-115.5681,matched,S02,ROTD50_d050 row 174; RSN=173; El Centro Array #10,NGA RSN + event + year; station name reviewed,,as supplied,173,6.5,4.52,,55.2,8.6,,30.5,79,64,1,1,Strike slip,1.5085119938441398,,,,,,,,,,,,,,,,,,,,,,,,,,,,,,,,,NGA:173,2,
S03-R0016,Baker(2014),16,Imperial Valley-06,1979,El Centro Array #3,US:elcentroarray3,32.894,-115.38,matched,S02,ROTD50_d050 row 179; RSN=178; El Centro Array #3,NGA RSN + event + year; station name reviewed,,as supplied,178,6.5,4.5,,55.8,12.9,,30.3,86,57,1,1,Strike slip,1.5040773967762742,,,,,,,,,,,,,,,,,,,,,,,,,,,,,,,,,NGA:178,2,
S03-R0017,Baker(2014),17,Imperial Valley-06,1979,El Centro Array #4,US:elcentroarray4,32.864,-115.432,matched,S02,ROTD50_d050 row 180; RSN=179; El Centro Array #4,NGA RSN + event + year; station name reviewed,,as supplied,179,6.5,4.79,,80.8,7,,28.9,229,86,1,1,Strike slip,1.5665304114228238,,,,,,,,,,,,,,,,,,,,,,,,,,,,,,,,,NGA:179,2,
S03-R0018,Baker(2014),18,Imperial Valley-06,1979,El Centro Array #5,US:elcentroarray5,32.855,-115.466,matched,S02,ROTD50_d050 row 181; RSN=180; El Centro Array #5,NGA RSN + event + year; station name reviewed,,as supplied,180,6.5,4.13,,96.5,4,,29.5,228,85,1,1,Strike slip,1.4182774069729414,,,,,,,,,,,,,,,,,,,,,,,,,,,,,,,,,NGA:180,2,
S03-R0019,Baker(2014),19,Imperial Valley-06,1979,El Centro Array #6,US:elcentroarray6,32.839,-115.487,matched,S02,ROTD50_d050 row 182; RSN=181; El Centro Array #6,NGA RSN + event + year; station name reviewed,,as supplied,181,6.5,3.77,,121.6,1.4,,29.2,71,72,1,1,Strike slip,1.3270750014599193,,,,,,,,,,,,,,,,,,,,,,,,,,,,,,,,,NGA:181,2,
S03-R0020,Baker(2014),20,Imperial Valley-06,1979,El Centro Array #7,US:elcentroarray7,32.829,-115.504,matched,S02,ROTD50_d050 row 183; RSN=182; El Centro Array #7,NGA RSN + event + year; station name reviewed,,as supplied,182,6.5,4.38,,111.9,0.6,,29.4,56,87,1,1,Strike slip,1.4770487243883548,,,,,,,,,,,,,,,,,,,,,,,,,,,,,,,,,NGA:182,2,
S03-R0021,Baker(2014),21,Imperial Valley-06,1979,El Centro Differential Array,US:elcentrodifferentialarray,32.796,-115.535,matched,S02,ROTD50_d050 row 185; RSN=184; El Centro Differential Array,NGA RSN + event + year; station name reviewed,,as supplied,184,6.5,6.27,,73.5,5.1,,29,253,70,1,1,Strike slip,1.8357763546448294,,,,,,,,,,,,,,,,,,,,,,,,,,,,,,,,,NGA:184,2,
S03-R0022,Baker(2014),22,Imperial Valley-06,1979,Holtville Post Office,US:holtvillepostoffice,32.8114,-115.3786,matched,S02,ROTD50_d050 row 186; RSN=185; Holtville Post Office,NGA RSN + event + year; station name reviewed,,as supplied,185,6.5,4.82,,73.4,7.5,,22.2,263,60,1,1,Strike slip,1.572773928062509,,,,,,,,,,,,,,,,,,,,,,,,,,,,,,,,,NGA:185,2,
S03-R0023,Baker(2014),23,Imperial Valley-07,1979,El Centro Array #6,US:elcentroarray6,32.839,-115.487,matched,S02,ROTD50_d050 row 205; RSN=204; El Centro Array #6,NGA RSN + event + year; station name reviewed,,as supplied,204,5,0.69,,26,10.4,,13.2,217,77,1,0,Strike slip,-0.37106368139083207,,,,,,,,,,,,,,,,,,,,,,,,,,,,,,,,,NGA:204,2,
S03-R0024,Baker(2014),24,"Irpinia, Italy-01",1980,Bagnoli Irpinio,IT:bagnoliirpinio,40.821,15.069,matched,S02,ROTD50_d050 row 286; RSN=285; Bagnoli Irpinio,NGA RSN + event + year; station name reviewed,,as supplied,285,6.9,1.71,,38.1,8.2,,24.6,72,61,1,1,Normal,0.5364933705145685,,,,,,,,,,,,,,,,,,,,,,,,,,,,,,,,,NGA:285,2,
S03-R0025,Baker(2014),25,"Irpinia, Italy-01",1980,Sturno (STN),IT:sturnostn,41.0184,15.1117,matched,S02,ROTD50_d050 row 293; RSN=292; Sturno (STN),NGA RSN + event + year; station name reviewed,,as supplied,292,6.9,3.27,,71.1,10.8,,31.8,87,46,0,1,Normal,1.184789984909162,,,,,,,,,,,,,,,,,,,,,,,,,,,,,,,,,NGA:292,2,
S03-R0026,Baker(2014),26,Mammoth Lakes-06,1980,Long Valley Dam (Upr L Abut),US:longvalleydamuprlabut,37.588,-118.705,matched,S02,ROTD50_d050 row 251; RSN=250; Long Valley Dam (Upr L Abut),NGA RSN + event + year; station name reviewed,,as supplied,250,5.9,1.01,,43.3,16,,19.8,65,43,1,0,Strike slip,0.009950330853168092,,,,,,,,,,,,,,,,,,,,,,,,,,,,,,,,,NGA:250,2,
S03-R0027,Baker(2014),27,Westmorland,1981,Parachute Test Site,US:parachutetestsite,32.929,-115.701,matched,S02,ROTD50_d050 row 317; RSN=316; Parachute Test Site,NGA RSN + event + year; station name reviewed,,as supplied,316,5.9,4.39,,60.8,16.7,,20.6,204,40,1,1,Strike slip,1.47932922708708,,,,,,,,,,,,,,,,,,,,,,,,,,,,,,,,,NGA:316,2,
S03-R0028,Baker(2014),28,Westmorland,1981,Westmorland Fire Sta,US:westmorlandfiresta,33.037,-115.623,matched,S02,ROTD50_d050 row 320; RSN=319; Westmorland Fire Sta,NGA RSN + event + year; station name reviewed,,as supplied,319,5.9,1.22,,52.9,6.5,,7.4,56,8,0,0,Strike slip,0.19885085874516517,,,,,,,,,,,,,,,,,,,,,,,,,,,,,,,,,NGA:319,2,
S03-R0029,Baker(2014),29,Coalinga-02,1983,Anticline Ridge Free-Field,US:anticlineridgefreefield,36.233,-120.333,matched,S02,ROTD50_d050 row 373; RSN=372; Anticline Ridge Free-Field,NGA RSN + event + year; station name reviewed,,as supplied,372,5.1,0.26,,26.3,11.6,,12.5,322,6,0,0,Reverse-oblique,-1.3470736479666092,,,,,,,,,,,,,,,,,,,,,,,,,,,,,,,,,NGA:372,2,
S03-R0030,Baker(2014),30,Coalinga-02,1983,Anticline Ridge Pad,US:anticlineridgepad,36.233,-120.333,matched,S02,ROTD50_d050 row 374; RSN=373; Anticline Ridge Pad,NGA RSN + event + year; station name reviewed,,as supplied,373,5.1,0.27,,23.3,11.6,,12.5,311,5,0,0,Reverse-oblique,-1.3093333199837622,,,,,,,,,,,,,,,,,,,,,,,,,,,,,,,,,NGA:373,2,
S03-R0031,Baker(2014),31,Coalinga-05,1983,Transmitter Hill,US:transmitterhill,36.249,-120.343,matched,S02,ROTD50_d050 row 416; RSN=415; Transmitter Hill,NGA RSN + event + year; station name reviewed,,as supplied,415,5.8,0.88,,64.4,9.5,,9.5,242,67,1,0,Reverse-oblique,-0.12783337150988489,,,,,,,,,,,,,,,,,,,,,,,,,,,,,,,,,NGA:415,2,
S03-R0032,Baker(2014),32,Coalinga-07,1983,Coalinga-14th & Elm (Old CHP),US:coalinga14thelmoldchp,36.151,-120.353,matched,S02,ROTD50_d050 row 419; RSN=418; Coalinga-14th & Elm (Old CHP),NGA RSN + event + year; station name reviewed,,as supplied,418,5.2,0.44,,32.8,10.9,,12.7,284,64,1,0,Reverse-oblique,-0.8209805520698302,,,,,,,,,,,,,,,,,,,,,,,,,,,,,,,,,NGA:418,2,
S03-R0033,Baker(2014),33,Morgan Hill,1984,Coyote Lake Dam (SW Abut),US:coyotelakedamswabut,37.118,-121.55,matched,S02,ROTD50_d050 row 452; RSN=451; Coyote Lake Dam - Southwest Abutment,NGA RSN + event + year; station name reviewed,,as supplied,451,6.2,1.07,,76.8,0.5,,26,114,34,1,1,Strike slip,0.06765864847381486,,,,,,,,,,,,,,,,,,,,,,,,,,,,,,,,,NGA:451,2,
S03-R0034,Baker(2014),34,Morgan Hill,1984,Gilroy Array #6,US:gilroyarray6,37.026,-121.484,matched,S02,ROTD50_d050 row 460; RSN=459; Gilroy Array #6,NGA RSN + event + year; station name reviewed,,as supplied,459,6.2,1.23,,37.3,9.9,,37.3,78,70,1,1,Strike slip,0.20701416938432612,,,,,,,,,,,,,,,,,,,,,,,,,,,,,,,,,NGA:459,2,
S03-R0035,Baker(2014),35,"Kalamata, Greece-02",1986,Kalamata (bsmt) (2nd trigger),GR:kalamatabsmt2ndtrigger,37.03,22.12,matched,S02,ROTD50_d050 row 567; RSN=566; Kalamata (bsmt) (2nd trigger),NGA RSN + event + year; station name reviewed,,as supplied,566,5.4,0.79,,27,5.6,,8.7,75,77,1,1,Normal,-0.23572233352106983,,,,,,,,,,,,,,,,,,,,,,,,,,,,,,,,,NGA:566,2,
S03-R0036,Baker(2014),36,N. Palm Springs,1986,Morongo Valley Fire Station,US:morongovalleyfirestation,34.0486,-116.5782,matched,S02,ROTD50_d050 row 528; RSN=527; Morongo Valley Fire Station,NGA RSN + event + year; station name reviewed,,as supplied,527,6.1,2.38,,39.4,12,,12.6,121,14,0,0,Reverse-oblique,0.8671004876833833,,,,,,,,,,,,,,,,,,,,,,,,,,,,,,,,,NGA:527,2,
S03-R0037,Baker(2014),37,Taiwan SMART1(40),1986,SMART1 C00,TW:smart1c00,24.6738,121.7646,matched,S02,ROTD50_d050 row 504; RSN=503; SMART1 C00,NGA RSN + event + year; station name reviewed,,as supplied,503,6.3,1.57,,34.8,59.9,,70,117,74,1,0,Reverse-oblique,0.45107561936021673,,,,,,,,,,,,,,,,,,,,,,,,,,,,,,,,,NGA:503,2,
S03-R0038,Baker(2014),38,Taiwan SMART1(40),1986,SMART1 E01,TW:smart1e01,24.6487,121.7644,matched,S02,ROTD50_d050 row 505; RSN=504; SMART1 E01,NGA RSN + event + year; station name reviewed,,as supplied,504,6.3,1.39,,36.9,57.3,,67.4,104,61,1,0,Reverse-oblique,0.3293037471426003,,,,,,,,,,,,,,,,,,,,,,,,,,,,,,,,,NGA:504,2,
S03-R0039,Baker(2014),39,Taiwan SMART1(40),1986,SMART1 I01,TW:smart1i01,24.6755,121.765,matched,S02,ROTD50_d050 row 506; RSN=505; SMART1 I01,NGA RSN + event + year; station name reviewed,,as supplied,505,6.3,1.57,,32.9,60.1,,70.2,113,70,1,0,Reverse-oblique,0.45107561936021673,,,,,,,,,,,,,,,,,,,,,,,,,,,,,,,,,NGA:505,2,
S03-R0040,Baker(2014),40,Taiwan SMART1(40),1986,SMART1 I07,TW:smart1i07,24.672,121.7642,matched,S02,ROTD50_d050 row 507; RSN=506; SMART1 I07,NGA RSN + event + year; station name reviewed,,as supplied,506,6.3,1.67,,34,59.7,,69.8,113,70,1,0,Reverse-oblique,0.5128236264286637,,,,,,,,,,,,,,,,,,,,,,,,,,,,,,,,,NGA:506,2,
S03-R0041,Baker(2014),41,Taiwan SMART1(40),1986,SMART1 M01,TW:smart1m01,24.6822,121.7666,matched,S02,ROTD50_d050 row 508; RSN=507; SMART1 M01,NGA RSN + event + year; station name reviewed,,as supplied,507,6.3,1.39,,26.1,60.9,,70.9,111,68,0,0,Reverse-oblique,0.3293037471426003,,,,,,,,,,,,,,,,,,,,,,,,,,,,,,,,,NGA:507,2,
S03-R0042,Baker(2014),42,Taiwan SMART1(40),1986,SMART1 M07,TW:smart1m07,24.6649,121.762,matched,S02,ROTD50_d050 row 509; RSN=508; SMART1 M07,NGA RSN + event + year; station name reviewed,,as supplied,508,6.3,1.54,,40.4,58.9,,69,114,71,1,0,Reverse-oblique,0.43178241642553783,,,,,,,,,,,,,,,,,,,,,,,,,,,,,,,,,NGA:508,2,
S03-R0043,Baker(2014),43,Taiwan SMART1(40),1986,SMART1 O07,TW:smart1o07,24.6561,121.7621,matched,S02,ROTD50_d050 row 511; RSN=510; SMART1 O07,NGA RSN + event + year; station name reviewed,,as supplied,510,6.3,1.53,,28.7,58,,68.1,106,63,1,0,Reverse-oblique,0.4252677354043441,,,,,,,,,,,,,,,,,,,,,,,,,,,,,,,,,NGA:510,2,
S03-R0044,Baker(2014),44,Taiwan SMART1(40),1986,SMART1 I02,TW:smart1i02,24.675,121.7661,matched,S02,ROTD50_d050 row 3635; RSN=3634; SMART1 I02,NGA RSN + event + year; station name reviewed,,as supplied,3634,6.3,1.67,,38.9,60.1,,70.2,120,77,1,0,Reverse-oblique,0.5128236264286637,,,,,,,,,,,,,,,,,,,,,,,,,,,,,,,,,NGA:3634,2,
S03-R0045,Baker(2014),45,Taiwan SMART1(40),1986,SMART1 I03,TW:smart1i03,24.6744,121.7667,matched,S02,ROTD50_d050 row 3636; RSN=3635; SMART1 I03,NGA RSN + event + year; station name reviewed,,as supplied,3635,6.3,1.67,,35.6,60,,70.1,116,73,1,0,Reverse-oblique,0.5128236264286637,,,,,,,,,,,,,,,,,,,,,,,,,,,,,,,,,NGA:3635,2,
S03-R0046,Baker(2014),46,Taiwan SMART1(40),1986,SMART1 I04,TW:smart1i04,24.6734,121.7668,matched,S02,ROTD50_d050 row 3637; RSN=3636; SMART1 I04,NGA RSN + event + year; station name reviewed,,as supplied,3636,6.3,1.67,,34.1,59.9,,70,112,69,1,0,Reverse-oblique,0.5128236264286637,,,,,,,,,,,,,,,,,,,,,,,,,,,,,,,,,NGA:3636,2,
S03-R0047,Baker(2014),47,Taiwan SMART1(40),1986,SMART1 I05,TW:smart1i05,24.6726,121.7663,matched,S02,ROTD50_d050 row 3638; RSN=3637; SMART1 I05,NGA RSN + event + year; station name reviewed,,as supplied,3637,6.3,1.69,,33.5,59.8,,69.9,120,77,1,0,Reverse-oblique,0.5247285289349821,,,,,,,,,,,,,,,,,,,,,,,,,,,,,,,,,NGA:3637,2,
S03-R0048,Baker(2014),48,Taiwan SMART1(40),1986,SMART1 I06,TW:smart1i06,24.6721,121.7652,matched,S02,ROTD50_d050 row 3639; RSN=3638; SMART1 I06,NGA RSN + event + year; station name reviewed,,as supplied,3638,6.3,1.67,,33.5,59.8,,69.8,124,81,1,0,Reverse-oblique,0.5128236264286637,,,,,,,,,,,,,,,,,,,,,,,,,,,,,,,,,NGA:3638,2,
S03-R0049,Baker(2014),49,Taiwan SMART1(40),1986,SMART1 I08,TW:smart1i08,24.6725,121.7636,matched,S02,ROTD50_d050 row 3640; RSN=3639; SMART1 I08,NGA RSN + event + year; station name reviewed,,as supplied,3639,6.3,1.67,,36.9,59.8,,69.8,117,74,1,0,Reverse-oblique,0.5128236264286637,,,,,,,,,,,,,,,,,,,,,,,,,,,,,,,,,NGA:3639,2,
S03-R0050,Baker(2014),50,Taiwan SMART1(40),1986,SMART1 I09,TW:smart1i09,24.6732,121.7629,matched,S02,ROTD50_d050 row 3641; RSN=3640; SMART1 I09,NGA RSN + event + year; station name reviewed,,as supplied,3640,6.3,1.67,,34.8,59.8,,69.9,119,76,1,0,Reverse-oblique,0.5128236264286637,,,,,,,,,,,,,,,,,,,,,,,,,,,,,,,,,NGA:3640,2,
S03-R0051,Baker(2014),51,Taiwan SMART1(40),1986,SMART1 I11,TW:smart1i11,24.6749,121.7634,matched,S02,ROTD50_d050 row 3642; RSN=3641; SMART1 I11,NGA RSN + event + year; station name reviewed,,as supplied,3641,6.3,1.57,,31.3,60,,70.1,121,78,1,0,Reverse-oblique,0.45107561936021673,,,,,,,,,,,,,,,,,,,,,,,,,,,,,,,,,NGA:3641,2,
S03-R0052,Baker(2014),52,Taiwan SMART1(40),1986,SMART1 I12,TW:smart1i12,24.6755,121.7641,matched,S02,ROTD50_d050 row 3643; RSN=3642; SMART1 I12,NGA RSN + event + year; station name reviewed,,as supplied,3642,6.3,1.57,,32.7,60.1,,70.2,111,68,1,0,Reverse-oblique,0.45107561936021673,,,,,,,,,,,,,,,,,,,,,,,,,,,,,,,,,NGA:3642,2,
S03-R0053,Baker(2014),53,Taiwan SMART1(40),1986,SMART1 M02,TW:smart1m02,24.6815,121.7717,matched,S02,ROTD50_d050 row 3644; RSN=3643; SMART1 M02,NGA RSN + event + year; station name reviewed,,as supplied,3643,6.3,1.48,,29.7,60.9,,71,117,74,1,0,Reverse-oblique,0.3920420877760237,,,,,,,,,,,,,,,,,,,,,,,,,,,,,,,,,NGA:3643,2,
S03-R0054,Baker(2014),54,Taiwan SMART1(40),1986,SMART1 M03,TW:smart1m03,24.6769,121.7735,matched,S02,ROTD50_d050 row 3645; RSN=3644; SMART1 M03,NGA RSN + event + year; station name reviewed,,as supplied,3644,6.3,1.57,,34,60.5,,70.5,118,75,1,0,Reverse-oblique,0.45107561936021673,,,,,,,,,,,,,,,,,,,,,,,,,,,,,,,,,NGA:3644,2,
S03-R0055,Baker(2014),55,Taiwan SMART1(40),1986,SMART1 M04,TW:smart1m04,24.6718,121.7745,matched,S02,ROTD50_d050 row 3646; RSN=3645; SMART1 M04,NGA RSN + event + year; station name reviewed,,as supplied,3645,6.3,1.51,,33.1,59.9,,70,108,65,1,0,Reverse-oblique,0.412109650826833,,,,,,,,,,,,,,,,,,,,,,,,,,,,,,,,,NGA:3645,2,
S03-R0056,Baker(2014),56,Taiwan SMART1(40),1986,SMART1 M05,TW:smart1m05,24.6683,121.7721,matched,S02,ROTD50_d050 row 3647; RSN=3646; SMART1 M05,NGA RSN + event + year; station name reviewed,,as supplied,3646,6.3,1.57,,36.2,59.5,,69.6,103,60,1,0,Reverse-oblique,0.45107561936021673,,,,,,,,,,,,,,,,,,,,,,,,,,,,,,,,,NGA:3646,2,
S03-R0057,Baker(2014),57,Taiwan SMART1(40),1986,SMART1 M06,TW:smart1m06,24.6651,121.7677,matched,S02,ROTD50_d050 row 3648; RSN=3647; SMART1 M06,NGA RSN + event + year; station name reviewed,,as supplied,3647,6.3,1.51,,37.3,59.1,,69.2,105,62,1,0,Reverse-oblique,0.412109650826833,,,,,,,,,,,,,,,,,,,,,,,,,,,,,,,,,NGA:3647,2,
S03-R0058,Baker(2014),58,Taiwan SMART1(40),1986,SMART1 M09,TW:smart1m09,24.6703,121.7553,matched,S02,ROTD50_d050 row 3650; RSN=3649; SMART1 M09,NGA RSN + event + year; station name reviewed,,as supplied,3649,6.3,1.57,,30.8,59.4,,69.4,102,59,0,0,Reverse-oblique,0.45107561936021673,,,,,,,,,,,,,,,,,,,,,,,,,,,,,,,,,NGA:3649,2,
S03-R0059,Baker(2014),59,Taiwan SMART1(40),1986,SMART1 M10,TW:smart1m10,24.675,121.7558,matched,S02,ROTD50_d050 row 3651; RSN=3650; SMART1 M10,NGA RSN + event + year; station name reviewed,,as supplied,3650,6.3,1.6,,30.4,59.9,,69.9,111,68,0,0,Reverse-oblique,0.47000362924573563,,,,,,,,,,,,,,,,,,,,,,,,,,,,,,,,,NGA:3650,2,
S03-R0060,Baker(2014),60,Taiwan SMART1(40),1986,SMART1 M12,TW:smart1m12,24.6824,121.7619,matched,S02,ROTD50_d050 row 3653; RSN=3652; SMART1 M12,NGA RSN + event + year; station name reviewed,,as supplied,3652,6.3,1.44,,25,60.8,,70.8,144,79,1,0,Reverse-oblique,0.36464311358790924,,,,,,,,,,,,,,,,,,,,,,,,,,,,,,,,,NGA:3652,2,
S03-R0061,Baker(2014),61,Taiwan SMART1(40),1986,SMART1 O04,TW:smart1o04,24.6703,121.784,matched,S02,ROTD50_d050 row 3656; RSN=3655; SMART1 O04,NGA RSN + event + year; station name reviewed,,as supplied,3655,6.3,1.44,,36.7,60,,70.1,98,55,1,0,Reverse-oblique,0.36464311358790924,,,,,,,,,,,,,,,,,,,,,,,,,,,,,,,,,NGA:3655,2,
S03-R0062,Baker(2014),62,Taiwan SMART1(40),1986,SMART1 O05,TW:smart1o05,24.662,121.7799,matched,S02,ROTD50_d050 row 3657; RSN=3656; SMART1 O05,NGA RSN + event + year; station name reviewed,,as supplied,3656,6.3,1.48,,33.4,59,,69.2,97,54,1,0,Reverse-oblique,0.3920420877760237,,,,,,,,,,,,,,,,,,,,,,,,,,,,,,,,,NGA:3656,2,
S03-R0063,Baker(2014),63,Taiwan SMART1(40),1986,SMART1 O06,TW:smart1o06,24.6565,121.7708,matched,S02,ROTD50_d050 row 3658; RSN=3657; SMART1 O06,NGA RSN + event + year; station name reviewed,,as supplied,3657,6.3,1.6,,34.3,58.2,,68.3,105,62,1,0,Reverse-oblique,0.47000362924573563,,,,,,,,,,,,,,,,,,,,,,,,,,,,,,,,,NGA:3657,2,
S03-R0064,Baker(2014),64,Taiwan SMART1(40),1986,SMART1 O08,TW:smart1o08,24.6594,121.7518,matched,S02,ROTD50_d050 row 3659; RSN=3658; SMART1 O08,NGA RSN + event + year; station name reviewed,,as supplied,3658,6.3,1.44,,31.9,58.1,,68.2,113,70,1,0,Reverse-oblique,0.36464311358790924,,,,,,,,,,,,,,,,,,,,,,,,,,,,,,,,,NGA:3658,2,
S03-R0065,Baker(2014),65,Taiwan SMART1(40),1986,SMART1 O11,TW:smart1o11,24.6856,121.7506,matched,S02,ROTD50_d050 row 3661; RSN=3660; SMART1 O11,NGA RSN + event + year; station name reviewed,,as supplied,3660,6.3,1.23,,27.6,60.9,,70.9,69,26,0,0,Reverse-oblique,0.20701416938432612,,,,,,,,,,,,,,,,,,,,,,,,,,,,,,,,,NGA:3660,2,
S03-R0066,Baker(2014),66,San Salvador,1986,Geotech Investig Center,SV:geotechinvestigcenter,13.7,-89.175,matched,S02,ROTD50_d050 row 569; RSN=568; Geotech Investig Center,NGA RSN + event + year; station name reviewed,,as supplied,568,5.8,0.81,,68.3,6.3,,13.5,121,89,1,1,Strike slip,-0.21072103131565253,,,,,,,,,,,,,,,,,,,,,,,,,,,,,,,,,NGA:568,2,
S03-R0067,Baker(2014),67,San Salvador,1986,National Geografical Inst,SV:nationalgeograficalinst,13.714,-89.171,matched,S02,ROTD50_d050 row 570; RSN=569; National Geografical Inst,NGA RSN + event + year; station name reviewed,,as supplied,569,5.8,1.13,,92.2,7,,14.5,231,19,0,1,Strike slip,0.12221763272424911,,,,,,,,,,,,,,,,,,,,,,,,,,,,,,,,,NGA:569,2,
S03-R0068,Baker(2014),68,Whittier Narrows-01,1987,Bell Gardens - Jaboneria,US:bellgardensjaboneria,33.965,-118.158,matched,S02,ROTD50_d050 row 596; RSN=595; Bell Gardens - Jaboneria,NGA RSN + event + year; station name reviewed,,as supplied,595,6,0.82,,30,17.8,,18.8,133,33,0,0,Reverse-oblique,-0.19845093872383832,,,,,,,,,,,,,,,,,,,,,,,,,,,,,,,,,NGA:595,2,
S03-R0069,Baker(2014),69,Whittier Narrows-01,1987,Compton - Castlegate St,US:comptoncastlegatest,33.899,-118.196,matched,S02,ROTD50_d050 row 612; RSN=611; Compton - Castlegate St,NGA RSN + event + year; station name reviewed,,as supplied,611,6,0.87,,32.8,23.4,,24.6,25,75,1,0,Reverse-oblique,-0.13926206733350766,,,,,,,,,,,,,,,,,,,,,,,,,,,,,,,,,NGA:611,2,
S03-R0070,Baker(2014),70,Whittier Narrows-01,1987,Downey - Birchdale,US:downeybirchdale,33.92,-118.137,matched,S02,ROTD50_d050 row 615; RSN=614; Downey - Birchdale,NGA RSN + event + year; station name reviewed,,as supplied,614,6,0.86,,40.1,20.8,,21.1,176,76,1,0,Reverse-oblique,-0.15082288973458366,,,,,,,,,,,,,,,,,,,,,,,,,,,,,,,,,NGA:614,2,
S03-R0071,Baker(2014),71,Whittier Narrows-01,1987,Downey - Co Maint Bldg,US:downeycomaintbldg,33.924,-118.167,matched,S02,ROTD50_d050 row 616; RSN=615; Downey - Co Maint Bldg,NGA RSN + event + year; station name reviewed,,as supplied,615,6,0.88,,33.1,20.8,,21.7,207,73,1,0,Reverse-oblique,-0.12783337150988489,,,,,,,,,,,,,,,,,,,,,,,,,,,,,,,,,NGA:615,2,
S03-R0072,Baker(2014),72,Whittier Narrows-01,1987,LB - Orange Ave,US:lborangeave,33.881,-118.176,matched,S02,ROTD50_d050 row 646; RSN=645; LB - Orange Ave,NGA RSN + event + year; station name reviewed,,as supplied,645,6,0.9,,31.2,24.5,,25.3,13,87,1,0,Reverse-oblique,-0.10536051565782628,,,,,,,,,,,,,,,,,,,,,,,,,,,,,,,,,NGA:645,2,
S03-R0073,Baker(2014),73,Whittier Narrows-01,1987,"Norwalk - Imp Hwy, S Grnd",US:norwalkimphwysgrnd,33.915,-118.07,matched,S02,"ROTD50_d050 row 669; RSN=668; Norwalk - Imp Hwy, S Grnd",NGA RSN + event + year; station name reviewed,,as supplied,668,6,0.9,,28,20.4,,20.9,162,62,0,0,Reverse-oblique,-0.10536051565782628,,,,,,,,,,,,,,,,,,,,,,,,,,,,,,,,,NGA:668,2,
S03-R0074,Baker(2014),74,Whittier Narrows-01,1987,Santa Fe Springs - E.Joslin,US:santafespringsejoslin,33.944,-118.087,matched,S02,ROTD50_d050 row 693; RSN=692; Santa Fe Springs - E.Joslin,NGA RSN + event + year; station name reviewed,,as supplied,692,6,0.81,,44.3,18.5,,18.7,74,26,0,0,Reverse-oblique,-0.21072103131565253,,,,,,,,,,,,,,,,,,,,,,,,,,,,,,,,,NGA:692,2,
S03-R0075,Baker(2014),75,Superstition Hills-02,1987,Kornbloom Road (temp),US:kornbloomroadtemp,33.125,-115.665,matched,S02,ROTD50_d050 row 723; RSN=722; Kornbloom Road (temp),NGA RSN + event + year; station name reviewed,,as supplied,722,6.5,2.13,,33.1,18.5,,21.3,321,14,0,1,Strike slip,0.7561219797213337,,,,,,,,,,,,,,,,,,,,,,,,,,,,,,,,,NGA:722,2,
S03-R0076,Baker(2014),76,Superstition Hills-02,1987,Parachute Test Site,US:parachutetestsite,32.929,-115.701,matched,S02,ROTD50_d050 row 724; RSN=723; Parachute Test Site,NGA RSN + event + year; station name reviewed,,as supplied,723,6.5,2.39,,143.9,0.9,,18.4,242,65,1,1,Strike slip,0.8712933659434193,,,,,,,,,,,,,,,,,,,,,,,,,,,,,,,,,NGA:723,2,
S03-R0077,Baker(2014),77,Superstition Hills-02,1987,Poe Road (temp),US:poeroadtemp,33.097,-115.751,matched,S02,ROTD50_d050 row 726; RSN=725; Poe Road (temp),NGA RSN + event + year; station name reviewed,,as supplied,725,6.5,2.87,,42.1,11.2,,14.4,319,12,0,0,Strike slip,1.0543120297715298,,,,,,,,,,,,,,,,,,,,,,,,,,,,,,,,,NGA:725,2,
S03-R0078,Baker(2014),78,Loma Prieta,1989,Alameda Naval Air Stn Hanger,US:alamedanavalairstnhanger,37.785,-122.303,matched,S02,ROTD50_d050 row 739; RSN=738; Alameda Naval Air Stn Hanger,NGA RSN + event + year; station name reviewed,,as supplied,738,6.9,2.1,,40.8,71,,92.4,254,54,0,0,Reverse-oblique,0.7419373447293773,,,,,,,,,,,,,,,,,,,,,,,,,,,,,,,,,NGA:738,2,
S03-R0079,Baker(2014),79,Loma Prieta,1989,Emeryville - 6363 Christie,US:emeryville6363christie,37.844,-122.295,matched,S02,"ROTD50_d050 row 759; RSN=758; Emeryville; Pacific Park #2, Free Field",NGA RSN + event + year; station name reviewed,,as supplied,758,6.9,1.67,,44,77,,98.1,264,44,0,0,Reverse-oblique,0.5128236264286637,,,,,,,,,,,,,,,,,,,,,,,,,,,,,,,,,NGA:758,2,
S03-R0080,Baker(2014),80,Loma Prieta,1989,Gilroy - Historic Bldg.,US:gilroyhistoricbldg,37.009,-121.569,matched,S02,ROTD50_d050 row 765; RSN=764; Gilroy - Historic Bldg.,NGA RSN + event + year; station name reviewed,,as supplied,764,6.9,1.64,,43.6,11,,33.1,147,19,0,1,Reverse-oblique,0.494696241836107,,,,,,,,,,,,,,,,,,,,,,,,,,,,,,,,,NGA:764,2,
S03-R0081,Baker(2014),81,Loma Prieta,1989,Gilroy Array #2,US:gilroyarray2,36.982,-121.556,matched,S02,ROTD50_d050 row 767; RSN=766; Gilroy Array #2,NGA RSN + event + year; station name reviewed,,as supplied,766,6.9,1.73,,46.2,11.1,,34.5,66,62,1,1,Reverse-oblique,0.5481214085096876,,,,,,,,,,,,,,,,,,,,,,,,,,,,,,,,,NGA:766,2,
S03-R0082,Baker(2014),82,Loma Prieta,1989,Gilroy Array #3,US:gilroyarray3,36.987,-121.536,matched,S02,ROTD50_d050 row 768; RSN=767; Gilroy Array #3,NGA RSN + event + year; station name reviewed,,as supplied,767,6.9,2.64,,44.8,12.8,,35.9,277,31,0,1,Reverse-oblique,0.9707789171582248,,,,,,,,,,,,,,,,,,,,,,,,,,,,,,,,,NGA:767,2,
S03-R0083,Baker(2014),83,Loma Prieta,1989,Oakland - Outer Harbor Wharf,US:oaklandouterharborwharf,37.813,-122.314,matched,S02,ROTD50_d050 row 784; RSN=783; Oakland - Outer Harbor Wharf,NGA RSN + event + year; station name reviewed,,as supplied,783,6.9,1.83,,48.2,74.3,,95.6,37,89,1,0,Reverse-oblique,0.6043159668533296,,,,,,,,,,,,,,,,,,,,,,,,,,,,,,,,,NGA:783,2,
S03-R0084,Baker(2014),84,Loma Prieta,1989,Oakland - Title & Trust,US:oaklandtitletrust,37.806,-122.267,matched,S02,ROTD50_d050 row 785; RSN=784; Oakland - Title & Trust,NGA RSN + event + year; station name reviewed,,as supplied,784,6.9,1.39,,36.3,72.2,,93.3,261,47,0,0,Reverse-oblique,0.3293037471426003,,,,,,,,,,,,,,,,,,,,,,,,,,,,,,,,,NGA:784,2,
S03-R0085,Baker(2014),85,Loma Prieta,1989,SF - Presidio,US:sfpresidio,37.792,-122.457,matched,S02,ROTD50_d050 row 797; RSN=796; SF - Presidio,NGA RSN + event + year; station name reviewed,,as supplied,796,6.9,1.32,,32.9,77.4,,99.3,68,60,0,0,Reverse-oblique,0.27763173659827955,,,,,,,,,,,,,,,,,,,,,,,,,,,,,,,,,NGA:796,2,
S03-R0086,Baker(2014),86,Loma Prieta,1989,Saratoga - Aloha Ave,US:saratogaalohaave,37.255,-122.031,matched,S02,ROTD50_d050 row 803; RSN=802; Saratoga - Aloha Ave,NGA RSN + event + year; station name reviewed,,as supplied,802,6.9,4.57,,53.5,8.5,,32.4,70,58,0,1,Reverse-oblique,1.5195132049061133,,,,,,,,,,,,,,,,,,,,,,,,,,,,,,,,,NGA:802,2,
S03-R0087,Baker(2014),87,Loma Prieta,1989,Saratoga - W Valley Coll.,US:saratogawvalleycoll,37.262,-122.009,matched,S02,ROTD50_d050 row 804; RSN=803; Saratoga - W Valley Coll.,NGA RSN + event + year; station name reviewed,,as supplied,803,6.9,5.65,,62,9.3,,32.2,280,28,0,1,Reverse-oblique,1.7316555451583497,,,,,,,,,,,,,,,,,,,,,,,,,,,,,,,,,NGA:803,2,
S03-R0088,Baker(2014),88,Loma Prieta,1989,Treasure Island,US:treasureisland,37.825,-122.373,matched,S02,ROTD50_d050 row 809; RSN=808; Treasure Island,NGA RSN + event + year; station name reviewed,,as supplied,808,6.9,2.08,,33.4,77.4,,99,67,61,1,0,Reverse-oblique,0.7323678937132266,,,,,,,,,,,,,,,,,,,,,,,,,,,,,,,,,NGA:808,2,
S03-R0089,Baker(2014),89,Loma Prieta,1989,Los Gatos - Lexington Dam,US:losgatoslexingtondam,37.202,-121.991,matched,S02,ROTD50_d050 row 3549; RSN=3548; Los Gatos - Lexington Dam,NGA RSN + event + year; station name reviewed,,as supplied,3548,6.9,1.57,,121.3,5,,26.8,49,79,1,1,Reverse-oblique,0.45107561936021673,,,,,,,,,,,,,,,,,,,,,,,,,,,,,,,,,NGA:3548,2,
S03-R0090,Baker(2014),90,Cape Mendocino,1992,Cape Mendocino,US:capemendocino,40.348,-124.352,matched,S02,ROTD50_d050 row 826; RSN=825; Cape Mendocino,NGA RSN + event + year; station name reviewed,,as supplied,825,7,4.84,,124.1,7,,14.1,2,12,0,0,Reverse-oblique,1.5769147207285403,,,,,,,,,,,,,,,,,,,,,,,,,,,,,,,,,NGA:825,1,
S03-R0091,Baker(2014),91,Cape Mendocino,1992,Petrolia,US:petrolia,40.324,-124.286,matched,S02,ROTD50_d050 row 829; RSN=828; Petrolia,NGA RSN + event + year; station name reviewed,,as supplied,828,7,3,,96.7,8.2,,10.5,287,63,1,1,Reverse-oblique,1.0986122886681098,,,,,,,,,,,,,,,,,,,,,,,,,,,,,,,,,NGA:828,1,
S03-R0092,Baker(2014),92,Cape Mendocino,1992,Bunker Hill FAA,US:bunkerhillfaa,40.4976,-124.2945,matched,S02,ROTD50_d050 row 3745; RSN=3744; Bunker Hill FAA,NGA RSN + event + year; station name reviewed,,as supplied,3744,7,5.36,,80.6,12.2,,21.9,245,75,1,1,Reverse-oblique,1.6789639750827108,,,,,,,,,,,,,,,,,,,,,,,,,,,,,,,,,NGA:3744,1,
S03-R0093,Baker(2014),93,Cape Mendocino,1992,"Centerville Beach, Naval Fac",US:centervillebeachnavalfac,40.563,-124.348,matched,S02,"ROTD50_d050 row 3747; RSN=3746; Centerville Beach, Naval Fac",NGA RSN + event + year; station name reviewed,,as supplied,3746,7,1.97,,57.5,18.3,,29.6,225,55,1,1,Reverse-oblique,0.6780335427498971,,,,,,,,,,,,,,,,,,,,,,,,,,,,,,,,,NGA:3746,1,
S03-R0094,Baker(2014),94,"Joshua Tree, CA",1992,Indio - Jackson Road,US:indiojacksonroad,33.7462,-116.2163,matched,S02,ROTD50_d050 row 6878; RSN=6877; Indio - Jackson Road,NGA RSN + event + year; station name reviewed,,as supplied,6877,6.1,1.1,,53.3,25.5,,28.4,268,72,1,0,Strike slip,0.09531017980432493,,,,,,,,,,,,,,,,,,,,,,,,,,,,,,,,,NGA:6877,2,
S03-R0095,Baker(2014),95,Landers,1992,Barstow,US:barstow,34.887,-117.047,matched,S02,ROTD50_d050 row 839; RSN=838; Barstow,NGA RSN + event + year; station name reviewed,,as supplied,838,7.3,9.13,,28.8,34.9,,95,47,88,1,1,Strike slip,2.211565694606877,,,,,,,,,,,,,,,,,,,,,,,,,,,,,,,,,NGA:838,1,
S03-R0096,Baker(2014),96,Landers,1992,Lucerne,US:lucerne,34.568,-116.612,matched,S02,ROTD50_d050 row 880; RSN=879; Lucerne,NGA RSN + event + year; station name reviewed,,as supplied,879,7.3,5.12,,132.3,2.2,,44.6,270,59,1,1,Strike slip,1.6331544390514163,,,,,,,,,,,,,,,,,,,,,,,,,,,,,,,,,NGA:879,1,
S03-R0097,Baker(2014),97,Landers,1992,Yermo Fire Station,US:yermofirestation,34.904,-116.823,matched,S02,ROTD50_d050 row 901; RSN=900; Yermo Fire Station,NGA RSN + event + year; station name reviewed,,as supplied,900,7.3,7.5,,55.8,23.6,,86.3,238,77,1,1,Strike slip,2.0149030205422647,,,,,,,,,,,,,,,,,,,,,,,,,,,,,,,,,NGA:900,1,
S03-R0098,Baker(2014),98,Northridge-01,1994,Jensen Filter Plant,US:jensenfilterplant,34.312,-118.496,matched,S02,ROTD50_d050 row 983; RSN=982; Jensen Filter Plant Administrative Building,NGA RSN + event + year; station name reviewed,,as supplied,982,6.7,3.16,,101.5,5.4,,21.8,49,73,1,1,Reverse-oblique,1.1505720275988207,,,,,,,,,,,,,,,,,,,,,,,,,,,,,,,,,NGA:982,2,
S03-R0099,Baker(2014),99,Northridge-01,1994,Jensen Filter Plant Generator,US:jensenfilterplantgenerator,34.313,-118.498,matched,S02,ROTD50_d050 row 984; RSN=983; Jensen Filter Plant Generator Building,NGA RSN + event + year; station name reviewed,,as supplied,983,6.7,3.54,,66.1,5.4,,21.8,34,88,1,1,Reverse-oblique,1.264126727145683,,,,,,,,,,,,,,,,,,,,,,,,,,,,,,,,,NGA:983,2,
S03-R0100,Baker(2014),100,Northridge-01,1994,LA - Saturn St,US:lasaturnst,34.046,-118.355,matched,S02,ROTD50_d050 row 1004; RSN=1003; LA - Saturn St,NGA RSN + event + year; station name reviewed,,as supplied,1003,6.7,0.98,,41.6,27,,30.9,87,35,0,0,Reverse-oblique,-0.020202707317519466,,,,,,,,,,,,,,,,,,,,,,,,,,,,,,,,,NGA:1003,2,
S03-R0101,Baker(2014),101,Northridge-01,1994,LA - Sepulveda VA Hospital,US:lasepulvedavahospital,34.2489,-118.4789,matched,S02,ROTD50_d050 row 1005; RSN=1004; LA - Sepulveda VA Hospital,NGA RSN + event + year; station name reviewed,,as supplied,1004,6.7,0.93,,77.9,8.4,,19.4,271,31,0,1,Reverse-oblique,-0.07257069283483537,,,,,,,,,,,,,,,,,,,,,,,,,,,,,,,,,NGA:1004,2,
S03-R0102,Baker(2014),102,Northridge-01,1994,LA Dam,US:ladam,34.294,-118.483,matched,S02,ROTD50_d050 row 1014; RSN=1013; LA Dam,NGA RSN + event + year; station name reviewed,,as supplied,1013,6.7,1.62,,86.3,5.9,,21.1,31,89,1,1,Reverse-oblique,0.4824261492442928,,,,,,,,,,,,,,,,,,,,,,,,,,,,,,,,,NGA:1013,2,
S03-R0103,Baker(2014),103,Northridge-01,1994,Newhall - Fire Sta,US:newhallfiresta,34.387,-118.533,matched,S02,ROTD50_d050 row 1045; RSN=1044; Newhall - Fire Sta,NGA RSN + event + year; station name reviewed,,as supplied,1044,6.7,1.37,,116.1,5.9,,26.8,21,79,0,1,Reverse-oblique,0.3148107398400336,,,,,,,,,,,,,,,,,,,,,,,,,,,,,,,,,NGA:1044,2,
S03-R0104,Baker(2014),104,Northridge-01,1994,Newhall - W Pico Canyon Rd.,US:newhallwpicocanyonrd,34.391,-118.622,matched,S02,ROTD50_d050 row 1046; RSN=1045; Newhall - W Pico Canyon Rd.,NGA RSN + event + year; station name reviewed,,as supplied,1045,6.7,2.98,,118.3,5.5,,27.8,34,88,1,1,Reverse-oblique,1.091923300517313,,,,,,,,,,,,,,,,,,,,,,,,,,,,,,,,,NGA:1045,2,
S03-R0105,Baker(2014),105,Northridge-01,1994,Pacoima Dam (downstr),US:pacoimadamdownstr,34.334,-118.396,matched,S02,ROTD50_d050 row 1051; RSN=1050; Pacoima Dam (downstr),NGA RSN + event + year; station name reviewed,,as supplied,1050,6.7,0.59,,50.2,7,,26.9,205,83,0,1,Reverse-oblique,-0.527632742082372,,,,,,,,,,,,,,,,,,,,,,,,,,,,,,,,,NGA:1050,2,
S03-R0106,Baker(2014),106,Northridge-01,1994,Pacoima Dam (upper left),US:pacoimadamupperleft,34.334,-118.396,matched,S02,ROTD50_d050 row 1052; RSN=1051; Pacoima Dam (upper left),NGA RSN + event + year; station name reviewed,,as supplied,1051,6.7,0.84,,106.1,7,,26.9,41,81,1,1,Reverse-oblique,-0.1743533871447778,,,,,,,,,,,,,,,,,,,,,,,,,,,,,,,,,NGA:1051,2,
S03-R0107,Baker(2014),107,Northridge-01,1994,Pacoima Kagel Canyon,US:pacoimakagelcanyon,34.296,-118.375,matched,S02,ROTD50_d050 row 1053; RSN=1052; Pacoima Kagel Canyon,NGA RSN + event + year; station name reviewed,,as supplied,1052,6.7,0.73,,56.8,7.3,,26,33,89,0,1,Reverse-oblique,-0.31471074483970024,,,,,,,,,,,,,,,,,,,,,,,,,,,,,,,,,NGA:1052,2,
S03-R0108,Baker(2014),108,Northridge-01,1994,Pardee - SCE,US:pardeesce,34.435,-118.582,matched,S02,ROTD50_d050 row 1055; RSN=1054; Pardee - SCE,NGA RSN + event + year; station name reviewed,,as supplied,1054,6.7,1.23,,76.3,7.5,,31.1,-999,-999,-999,1,Reverse-oblique,0.20701416938432612,,,,,,,,,,,,,,,,,,,,,,,,,,,,,,,,,NGA:1054,2,
S03-R0109,Baker(2014),109,Northridge-01,1994,Rinaldi Receiving Sta,US:rinaldireceivingsta,34.281,-118.478,matched,S02,ROTD50_d050 row 1064; RSN=1063; Rinaldi Receiving Sta,NGA RSN + event + year; station name reviewed,,as supplied,1063,6.7,1.25,,149.1,6.5,,20.6,209,87,1,1,Reverse-oblique,0.22314355131420976,,,,,,,,,,,,,,,,,,,,,,,,,,,,,,,,,NGA:1063,2,
S03-R0110,Baker(2014),110,Northridge-01,1994,Sylmar - Converter Sta,US:sylmarconvertersta,34.311,-118.49,matched,S02,ROTD50_d050 row 1085; RSN=1084; Sylmar - Converter Sta,NGA RSN + event + year; station name reviewed,,as supplied,1084,6.7,2.98,,106.3,5.3,,21.9,63,59,0,1,Reverse-oblique,1.091923300517313,,,,,,,,,,,,,,,,,,,,,,,,,,,,,,,,,NGA:1084,2,
S03-R0111,Baker(2014),111,Northridge-01,1994,Sylmar - Converter Sta East,US:sylmarconverterstaeast,34.312,-118.481,matched,S02,ROTD50_d050 row 1086; RSN=1085; Sylmar - Converter Sta East,NGA RSN + event + year; station name reviewed,,as supplied,1085,6.7,3.53,,114,5.2,,22.2,37,85,1,1,Reverse-oblique,1.2612978709452054,,,,,,,,,,,,,,,,,,,,,,,,,,,,,,,,,NGA:1085,2,
S03-R0112,Baker(2014),112,Northridge-01,1994,Sylmar - Olive View Med FF,US:sylmaroliveviewmedff,34.326,-118.444,matched,S02,ROTD50_d050 row 1087; RSN=1086; Sylmar - Olive View Med FF,NGA RSN + event + year; station name reviewed,,as supplied,1086,6.7,2.44,,130.6,5.3,,24.2,20,78,1,1,Reverse-oblique,0.8919980393051105,,,,,,,,,,,,,,,,,,,,,,,,,,,,,,,,,NGA:1086,2,
S03-R0113,Baker(2014),113,"Kobe, Japan",1995,KJMA,JP:kjma,34.6833,135.18,matched,S02,ROTD50_d050 row 1107; RSN=1106; KJMA,NGA RSN + event + year; station name reviewed,,as supplied,1106,6.9,1.09,,105.6,1,,25.6,318,88,1,1,Strike slip,0.08617769624105241,,,,,,,,,,,,,,,,,,,,,,,,,,,,,,,,,NGA:1106,2,
S03-R0114,Baker(2014),114,"Kobe, Japan",1995,Port Island (0 m),JP:portisland0m,34.67,135.201,matched,S02,ROTD50_d050 row 1115; RSN=1114; Port Island (0 m),NGA RSN + event + year; station name reviewed,,as supplied,1114,6.9,2.83,,103,3.3,,26.3,332,78,1,1,Strike slip,1.0402767116551463,,,,,,,,,,,,,,,,,,,,,,,,,,,,,,,,,NGA:1114,2,
S03-R0115,Baker(2014),115,"Kobe, Japan",1995,Takarazuka,JP:takarazuka,34.809,135.344,matched,S02,ROTD50_d050 row 1120; RSN=1119; Takarazuka,NGA RSN + event + year; station name reviewed,,as supplied,1119,6.9,1.81,,95.6,0.3,,42.5,301,71,1,1,Strike slip,0.5933268452777344,,,,,,,,,,,,,,,,,,,,,,,,,,,,,,,,,NGA:1119,2,
S03-R0116,Baker(2014),116,"Kobe, Japan",1995,Takatori,JP:takatori,34.649,135.139,matched,S02,ROTD50_d050 row 1121; RSN=1120; Takatori,NGA RSN + event + year; station name reviewed,,as supplied,1120,6.9,1.55,,153.2,1.5,,22.2,318,88,1,1,Strike slip,0.4382549309311553,,,,,,,,,,,,,,,,,,,,,,,,,,,,,,,,,NGA:1120,2,
S03-R0117,Baker(2014),117,"Kobe, Japan",1995,Port Island (83 m),JP:portisland83m,,,unresolved,,,,未找到可確定對應的座標。,as supplied,3763,6.9,2.53,,71.6,3.3,,26.3,345,65,0,1,Strike slip,0.9282193027394288,,,,,,,,,,,,,,,,,,,,,,,,,,,,,,,,,NGA:3763,2,
S03-R0118,Baker(2014),118,Northwest China-03,1997,Jiashi,CN:jiashi,39.496,76.739,matched,S02,ROTD50_d050 row 1753; RSN=1752; Jiashi,NGA RSN + event + year; station name reviewed,,as supplied,1752,6.1,1.09,,34.6,17.7,,27.7,85,64,1,0,Normal,0.08617769624105241,,,,,,,,,,,,,,,,,,,,,,,,,,,,,,,,,NGA:1752,2,
S03-R0119,Baker(2014),119,"Chi-Chi, Taiwan",1999,CHY006,TW:chy006,23.5815,120.552,matched,S02,ROTD50_d050 row 1183; RSN=1182; CHY006,NGA RSN + event + year; station name reviewed,,as supplied,1182,7.6,2.57,,58.3,9.8,,41.3,291,89,1,1,Reverse-oblique,0.9439058989071284,,,,,,,,,,,,,,,,,,,,,,,,,,,,,,,,,NGA:1182,1,
S03-R0120,Baker(2014),120,"Chi-Chi, Taiwan",1999,CHY024,TW:chy024,23.757,120.6062,matched,S02,ROTD50_d050 row 1194; RSN=1193; CHY024,NGA RSN + event + year; station name reviewed,,as supplied,1193,7.6,6.65,,61.6,9.6,,25.4,144,33,0,1,Reverse-oblique,1.8946168546677629,,,,,,,,,,,,,,,,,,,,,,,,,,,,,,,,,NGA:1193,1,
S03-R0121,Baker(2014),121,"Chi-Chi, Taiwan",1999,CHY101,TW:chy101,23.6862,120.5622,matched,S02,ROTD50_d050 row 1245; RSN=1244; CHY101,NGA RSN + event + year; station name reviewed,,as supplied,1244,7.6,5.34,,108.9,9.9,,33,6,13,1,1,Reverse-oblique,1.6752256529721035,,,,,,,,,,,,,,,,,,,,,,,,,,,,,,,,,NGA:1244,1,
S03-R0122,Baker(2014),122,"Chi-Chi, Taiwan",1999,NST,TW:nst,24.6312,121.0005,matched,S02,ROTD50_d050 row 1403; RSN=1402; NST,NGA RSN + event + year; station name reviewed,,as supplied,1402,7.6,7.88,,32.3,38.4,,89.2,48,11,0,1,Reverse-oblique,2.064327903869788,,,,,,,,,,,,,,,,,,,,,,,,,,,,,,,,,NGA:1402,1,
S03-R0123,Baker(2014),123,"Chi-Chi, Taiwan",1999,NSY,TW:nsy,24.4162,120.7607,matched,S02,ROTD50_d050 row 1404; RSN=1403; NSY,NGA RSN + event + year; station name reviewed,,as supplied,1403,7.6,9.16,,59.3,13.1,,63.8,89,53,1,1,Reverse-oblique,2.214846178686039,,,,,,,,,,,,,,,,,,,,,,,,,,,,,,,,,NGA:1403,1,
S03-R0124,Baker(2014),124,"Chi-Chi, Taiwan",1999,TCU,TW:tcu,24.1475,120.676,matched,S02,ROTD50_d050 row 1463; RSN=1462; TCU,NGA RSN + event + year; station name reviewed,,as supplied,1462,7.6,4.51,,43.8,5.2,,37.1,56,40,0,1,Reverse-oblique,1.506297153514587,,,,,,,,,,,,,,,,,,,,,,,,,,,,,,,,,NGA:1462,1,
S03-R0125,Baker(2014),125,"Chi-Chi, Taiwan",1999,TCU006,TW:tcu006,24.9118,121.1405,matched,S02,ROTD50_d050 row 1465; RSN=1464; TCU006,NGA RSN + event + year; station name reviewed,,as supplied,1464,7.6,10.88,,35.8,72.6,,122.8,76,40,0,0,Reverse-oblique,2.3869262414277967,,,,,,,,,,,,,,,,,,,,,,,,,,,,,,,,,NGA:1464,1,
S03-R0126,Baker(2014),126,"Chi-Chi, Taiwan",1999,TCU014,TW:tcu014,25.0463,121.3075,matched,S02,ROTD50_d050 row 1471; RSN=1470; TCU014,NGA RSN + event + year; station name reviewed,,as supplied,1470,7.6,10.37,,27.2,92.7,,142.2,80,44,0,0,Reverse-oblique,2.3389170222414357,,,,,,,,,,,,,,,,,,,,,,,,,,,,,,,,,NGA:1470,1,
S03-R0127,Baker(2014),127,"Chi-Chi, Taiwan",1999,TCU015,TW:tcu015,24.7572,120.9345,matched,S02,ROTD50_d050 row 1472; RSN=1471; TCU015,NGA RSN + event + year; station name reviewed,,as supplied,1471,7.6,9.11,,44,49.8,,101.9,68,31,0,0,Reverse-oblique,2.209372711271867,,,,,,,,,,,,,,,,,,,,,,,,,,,,,,,,,NGA:1471,1,
S03-R0128,Baker(2014),128,"Chi-Chi, Taiwan",1999,TCU017,TW:tcu017,24.7808,121.0068,matched,S02,ROTD50_d050 row 1473; RSN=1472; TCU017,NGA RSN + event + year; station name reviewed,,as supplied,1472,7.6,8.67,,47.5,54.3,,105.6,59,23,0,0,Reverse-oblique,2.1598687907924505,,,,,,,,,,,,,,,,,,,,,,,,,,,,,,,,,NGA:1472,1,
S03-R0129,Baker(2014),129,"Chi-Chi, Taiwan",1999,TCU018,TW:tcu018,24.88,121.0535,matched,S02,ROTD50_d050 row 1474; RSN=1473; TCU018,NGA RSN + event + year; station name reviewed,,as supplied,1473,7.6,10.23,,42.7,66.3,,117.3,69,33,0,0,Reverse-oblique,2.325324579963535,,,,,,,,,,,,,,,,,,,,,,,,,,,,,,,,,NGA:1473,1,
S03-R0130,Baker(2014),130,"Chi-Chi, Taiwan",1999,TCU026,TW:tcu026,24.7757,121.075,matched,S02,ROTD50_d050 row 1476; RSN=1475; TCU026,NGA RSN + event + year; station name reviewed,,as supplied,1475,7.6,8.37,,45.7,56.1,,106.5,57,21,0,1,Reverse-oblique,2.124653884501384,,,,,,,,,,,,,,,,,,,,,,,,,,,,,,,,,NGA:1475,1,
S03-R0131,Baker(2014),131,"Chi-Chi, Taiwan",1999,TCU029,TW:tcu029,24.5588,120.7492,matched,S02,ROTD50_d050 row 1477; RSN=1476; TCU029,NGA RSN + event + year; station name reviewed,,as supplied,1476,7.6,5.29,,62.7,28,,79.6,155,61,1,1,Reverse-oblique,1.665818245870208,,,,,,,,,,,,,,,,,,,,,,,,,,,,,,,,,NGA:1476,1,
S03-R0132,Baker(2014),132,"Chi-Chi, Taiwan",1999,TCU031,TW:tcu031,24.5615,120.701,matched,S02,ROTD50_d050 row 1478; RSN=1477; TCU031,NGA RSN + event + year; station name reviewed,,as supplied,1477,7.6,5.93,,63.3,30.2,,80.5,123,87,1,1,Reverse-oblique,1.780024213009634,,,,,,,,,,,,,,,,,,,,,,,,,,,,,,,,,NGA:1477,1,
S03-R0133,Baker(2014),133,"Chi-Chi, Taiwan",1999,TCU033,TW:tcu033,24.6855,120.8623,matched,S02,ROTD50_d050 row 1479; RSN=1478; TCU033,NGA RSN + event + year; station name reviewed,,as supplied,1478,7.6,8.97,,41.7,40.9,,93.4,71,35,0,1,Reverse-oblique,2.1938856760707046,,,,,,,,,,,,,,,,,,,,,,,,,,,,,,,,,NGA:1478,1,
S03-R0134,Baker(2014),134,"Chi-Chi, Taiwan",1999,TCU034,TW:tcu034,24.639,120.8568,matched,S02,ROTD50_d050 row 1480; RSN=1479; TCU034,NGA RSN + event + year; station name reviewed,,as supplied,1479,7.6,8.87,,45.2,35.7,,88.2,72,36,0,1,Reverse-oblique,2.182674796321488,,,,,,,,,,,,,,,,,,,,,,,,,,,,,,,,,NGA:1479,1,
S03-R0135,Baker(2014),135,"Chi-Chi, Taiwan",1999,TCU036,TW:tcu036,24.4488,120.6963,matched,S02,ROTD50_d050 row 1481; RSN=1480; TCU036,NGA RSN + event + year; station name reviewed,,as supplied,1480,7.6,5.38,,63.2,19.8,,68.3,131,56,1,1,Reverse-oblique,1.682688374173693,,,,,,,,,,,,,,,,,,,,,,,,,,,,,,,,,NGA:1480,1,
S03-R0136,Baker(2014),136,"Chi-Chi, Taiwan",1999,TCU038,TW:tcu038,24.4912,120.663,matched,S02,ROTD50_d050 row 1482; RSN=1481; TCU038,NGA RSN + event + year; station name reviewed,,as supplied,1481,7.6,9.58,,54.9,25.4,,73.5,70,62,1,1,Reverse-oblique,2.259677591982769,,,,,,,,,,,,,,,,,,,,,,,,,,,,,,,,,NGA:1481,1,
S03-R0137,Baker(2014),137,"Chi-Chi, Taiwan",1999,TCU039,TW:tcu039,24.4917,120.7837,matched,S02,ROTD50_d050 row 1483; RSN=1482; TCU039,NGA RSN + event + year; station name reviewed,,as supplied,1482,7.6,9.33,,57.8,19.9,,72,94,58,1,1,Reverse-oblique,2.2332350148592526,,,,,,,,,,,,,,,,,,,,,,,,,,,,,,,,,NGA:1482,1,
S03-R0138,Baker(2014),138,"Chi-Chi, Taiwan",1999,TCU040,TW:tcu040,24.4497,120.6455,matched,S02,ROTD50_d050 row 1484; RSN=1483; TCU040,NGA RSN + event + year; station name reviewed,,as supplied,1483,7.6,6.43,,47.6,22.1,,69.5,162,25,1,1,Reverse-oblique,1.860974538249528,,,,,,,,,,,,,,,,,,,,,,,,,,,,,,,,,NGA:1483,1,
S03-R0139,Baker(2014),139,"Chi-Chi, Taiwan",1999,TCU045,TW:tcu045,24.5412,120.9137,matched,S02,ROTD50_d050 row 1486; RSN=1485; TCU045,NGA RSN + event + year; station name reviewed,,as supplied,1485,7.6,9.34,,43.7,26,,77.9,75,39,0,1,Reverse-oblique,2.234306252240751,,,,,,,,,,,,,,,,,,,,,,,,,,,,,,,,,NGA:1485,1,
S03-R0140,Baker(2014),140,"Chi-Chi, Taiwan",1999,TCU046,TW:tcu046,24.4683,120.8543,matched,S02,ROTD50_d050 row 1487; RSN=1486; TCU046,NGA RSN + event + year; station name reviewed,,as supplied,1486,7.6,8.04,,31.3,16.7,,69.3,112,76,1,1,Reverse-oblique,2.0844290831908747,,,,,,,,,,,,,,,,,,,,,,,,,,,,,,,,,NGA:1486,1,
S03-R0141,Baker(2014),141,"Chi-Chi, Taiwan",1999,TCU047,TW:tcu047,24.6188,120.9387,matched,S02,ROTD50_d050 row 1488; RSN=1487; TCU047,NGA RSN + event + year; station name reviewed,,as supplied,1487,7.6,12.31,,44.4,35,,86.8,55,19,0,1,Reverse-oblique,2.510411940196362,,,,,,,,,,,,,,,,,,,,,,,,,,,,,,,,,NGA:1487,1,
S03-R0142,Baker(2014),142,"Chi-Chi, Taiwan",1999,TCU049,TW:tcu049,24.179,120.6902,matched,S02,ROTD50_d050 row 1490; RSN=1489; TCU049,NGA RSN + event + year; station name reviewed,,as supplied,1489,7.6,10.22,,56.5,3.8,,39.7,76,68,1,1,Reverse-oblique,2.3243465847755584,,,,,,,,,,,,,,,,,,,,,,,,,,,,,,,,,NGA:1489,1,
S03-R0143,Baker(2014),143,"Chi-Chi, Taiwan",1999,TCU051,TW:tcu051,24.1603,120.6518,matched,S02,ROTD50_d050 row 1492; RSN=1491; TCU051,NGA RSN + event + year; station name reviewed,,as supplied,1491,7.6,10.38,,52.8,7.6,,39.4,100,86,1,1,Reverse-oblique,2.3398808777377424,,,,,,,,,,,,,,,,,,,,,,,,,,,,,,,,,NGA:1491,1,
S03-R0144,Baker(2014),144,"Chi-Chi, Taiwan",1999,TCU052,TW:tcu052,24.198,120.7393,matched,S02,ROTD50_d050 row 1493; RSN=1492; TCU052,NGA RSN + event + year; station name reviewed,,as supplied,1492,7.6,11.96,,209.1,0.7,,40.4,142,46,1,1,Reverse-oblique,2.481567748522486,,,,,,,,,,,,,,,,,,,,,,,,,,,,,,,,,NGA:1492,1,
S03-R0145,Baker(2014),145,"Chi-Chi, Taiwan",1999,TCU053,TW:tcu053,24.1935,120.6688,matched,S02,ROTD50_d050 row 1494; RSN=1493; TCU053,NGA RSN + event + year; station name reviewed,,as supplied,1493,7.6,13.12,,37.1,6,,42,83,75,1,1,Reverse-oblique,2.574137783515943,,,,,,,,,,,,,,,,,,,,,,,,,,,,,,,,,NGA:1493,1,
S03-R0146,Baker(2014),146,"Chi-Chi, Taiwan",1999,TCU056,TW:tcu056,24.1588,120.6238,matched,S02,ROTD50_d050 row 1497; RSN=1496; TCU056,NGA RSN + event + year; station name reviewed,,as supplied,1496,7.6,8.94,,45.3,10.5,,40.5,77,63,0,1,Reverse-oblique,2.190535589185423,,,,,,,,,,,,,,,,,,,,,,,,,,,,,,,,,NGA:1496,1,
S03-R0147,Baker(2014),147,"Chi-Chi, Taiwan",1999,TCU059,TW:tcu059,24.2687,120.5637,matched,S02,ROTD50_d050 row 1499; RSN=1498; TCU059,NGA RSN + event + year; station name reviewed,,as supplied,1498,7.6,7.78,,64.1,17.1,,54,45,38,0,1,Reverse-oblique,2.0515563381903004,,,,,,,,,,,,,,,,,,,,,,,,,,,,,,,,,NGA:1498,1,
S03-R0148,Baker(2014),148,"Chi-Chi, Taiwan",1999,TCU063,TW:tcu063,24.1083,120.6158,matched,S02,ROTD50_d050 row 1502; RSN=1501; TCU063,NGA RSN + event + year; station name reviewed,,as supplied,1501,7.6,6.55,,78.9,9.8,,36.4,136,43,0,1,Reverse-oblique,1.8794650496471605,,,,,,,,,,,,,,,,,,,,,,,,,,,,,,,,,NGA:1501,1,
S03-R0149,Baker(2014),149,"Chi-Chi, Taiwan",1999,TCU064,TW:tcu064,24.3457,120.61,matched,S02,ROTD50_d050 row 1503; RSN=1502; TCU064,NGA RSN + event + year; station name reviewed,,as supplied,1502,7.6,8.46,,52.3,16.6,,59.7,34,28,1,1,Reverse-oblique,2.135349173618132,,,,,,,,,,,,,,,,,,,,,,,,,,,,,,,,,NGA:1502,1,
S03-R0150,Baker(2014),150,"Chi-Chi, Taiwan",1999,TCU065,TW:tcu065,24.0588,120.6912,matched,S02,ROTD50_d050 row 1504; RSN=1503; TCU065,NGA RSN + event + year; station name reviewed,,as supplied,1503,7.6,5.74,,136.5,0.6,,27.9,113,66,1,1,Reverse-oblique,1.747459210331475,,,,,,,,,,,,,,,,,,,,,,,,,,,,,,,,,NGA:1503,1,
S03-R0151,Baker(2014),151,"Chi-Chi, Taiwan",1999,TCU068,TW:tcu068,24.2772,120.7658,matched,S02,ROTD50_d050 row 1506; RSN=1505; TCU068,NGA RSN + event + year; station name reviewed,,as supplied,1505,7.6,12.29,,342.1,0.3,,48.5,144,45,1,1,Reverse-oblique,2.5087859235779435,,,,,,,,,,,,,,,,,,,,,,,,,,,,,,,,,NGA:1505,1,
S03-R0152,Baker(2014),152,"Chi-Chi, Taiwan",1999,TCU075,TW:tcu075,23.9827,120.6778,matched,S02,ROTD50_d050 row 1511; RSN=1510; TCU075,NGA RSN + event + year; station name reviewed,,as supplied,1510,7.6,5,,104.9,0.9,,22.2,109,69,1,1,Reverse-oblique,1.6094379124341003,,,,,,,,,,,,,,,,,,,,,,,,,,,,,,,,,NGA:1510,1,
S03-R0153,Baker(2014),153,"Chi-Chi, Taiwan",1999,TCU076,TW:tcu076,23.9077,120.6757,matched,S02,ROTD50_d050 row 1512; RSN=1511; TCU076,NGA RSN + event + year; station name reviewed,,as supplied,1511,7.6,4.73,,71.2,2.7,,17.9,125,56,1,1,Reverse-oblique,1.5539252025038417,,,,,,,,,,,,,,,,,,,,,,,,,,,,,,,,,NGA:1511,1,
S03-R0154,Baker(2014),154,"Chi-Chi, Taiwan",1999,TCU081,TW:tcu081,24.8022,120.9695,matched,S02,ROTD50_d050 row 1515; RSN=1514; TCU081,NGA RSN + event + year; station name reviewed,,as supplied,1514,7.6,9.38,,42.5,55.5,,107.3,65,29,0,0,Reverse-oblique,2.238579763018133,,,,,,,,,,,,,,,,,,,,,,,,,,,,,,,,,NGA:1514,1,
S03-R0155,Baker(2014),155,"Chi-Chi, Taiwan",1999,TCU082,TW:tcu082,24.1475,120.676,matched,S02,ROTD50_d050 row 1516; RSN=1515; TCU082,NGA RSN + event + year; station name reviewed,,as supplied,1515,7.6,8.1,,56.2,5.2,,37.1,85,69,0,1,Reverse-oblique,2.0918640616783932,,,,,,,,,,,,,,,,,,,,,,,,,,,,,,,,,NGA:1515,1,
S03-R0156,Baker(2014),156,"Chi-Chi, Taiwan",1999,TCU087,TW:tcu087,24.3482,120.7733,matched,S02,ROTD50_d050 row 1520; RSN=1519; TCU087,NGA RSN + event + year; station name reviewed,,as supplied,1519,7.6,10.4,,45.5,7,,56.2,91,55,1,1,Reverse-oblique,2.341805806147327,,,,,,,,,,,,,,,,,,,,,,,,,,,,,,,,,NGA:1519,1,
S03-R0157,Baker(2014),157,"Chi-Chi, Taiwan",1999,TCU088,TW:tcu088,24.2533,121.1758,matched,S02,ROTD50_d050 row 1521; RSN=1520; TCU088,NGA RSN + event + year; station name reviewed,,as supplied,1520,7.6,11.14,,35.5,18.2,,58.2,5,31,0,0,Reverse-oblique,2.410542234499138,,,,,,,,,,,,,,,,,,,,,,,,,,,,,,,,,NGA:1520,1,
S03-R0158,Baker(2014),158,"Chi-Chi, Taiwan",1999,TCU094,TW:tcu094,24.7695,121.0488,matched,S02,ROTD50_d050 row 1524; RSN=1523; TCU094,NGA RSN + event + year; station name reviewed,,as supplied,1523,7.6,8.3,,39.6,54.5,,105.2,66,30,0,0,Reverse-oblique,2.1162555148025524,,,,,,,,,,,,,,,,,,,,,,,,,,,,,,,,,NGA:1523,1,
S03-R0159,Baker(2014),159,"Chi-Chi, Taiwan",1999,TCU095,TW:tcu095,24.6917,121.0135,matched,S02,ROTD50_d050 row 1525; RSN=1524; TCU095,NGA RSN + event + year; station name reviewed,,as supplied,1524,7.6,7.67,,42.8,45.2,,96,63,26,0,0,Reverse-oblique,2.0373166153791646,,,,,,,,,,,,,,,,,,,,,,,,,,,,,,,,,NGA:1524,1,
S03-R0160,Baker(2014),160,"Chi-Chi, Taiwan",1999,TCU096,TW:tcu096,24.7957,120.9558,matched,S02,ROTD50_d050 row 1526; RSN=1525; TCU096,NGA RSN + event + year; station name reviewed,,as supplied,1525,7.6,9.46,,40.7,54.5,,106.4,60,24,0,0,Reverse-oblique,2.247072383063787,,,,,,,,,,,,,,,,,,,,,,,,,,,,,,,,,NGA:1525,1,
S03-R0161,Baker(2014),161,"Chi-Chi, Taiwan",1999,TCU098,TW:tcu098,24.7433,120.899,matched,S02,ROTD50_d050 row 1527; RSN=1526; TCU098,NGA RSN + event + year; station name reviewed,,as supplied,1526,7.6,9.28,,46.8,47.7,,100.1,63,27,0,0,Reverse-oblique,2.2278615467981093,,,,,,,,,,,,,,,,,,,,,,,,,,,,,,,,,NGA:1526,1,
S03-R0162,Baker(2014),162,"Chi-Chi, Taiwan",1999,TCU101,TW:tcu101,24.242,120.7092,matched,S02,ROTD50_d050 row 1529; RSN=1528; TCU101,NGA RSN + event + year; station name reviewed,,as supplied,1528,7.6,10.32,,76.7,2.1,,45.8,70,62,1,1,Reverse-oblique,2.334083760053417,,,,,,,,,,,,,,,,,,,,,,,,,,,,,,,,,NGA:1528,1,
S03-R0163,Baker(2014),163,"Chi-Chi, Taiwan",1999,TCU102,TW:tcu102,24.2493,120.7208,matched,S02,ROTD50_d050 row 1530; RSN=1529; TCU102,NGA RSN + event + year; station name reviewed,,as supplied,1529,7.6,9.63,,104.8,1.5,,46.3,76,68,1,1,Reverse-oblique,2.2648832258100344,,,,,,,,,,,,,,,,,,,,,,,,,,,,,,,,,NGA:1529,1,
S03-R0164,Baker(2014),164,"Chi-Chi, Taiwan",1999,TCU103,TW:tcu103,24.3098,120.7072,matched,S02,ROTD50_d050 row 1531; RSN=1530; TCU103,NGA RSN + event + year; station name reviewed,,as supplied,1530,7.6,8.69,,67.1,6.1,,53,75,68,1,1,Reverse-oblique,2.162172939277301,,,,,,,,,,,,,,,,,,,,,,,,,,,,,,,,,NGA:1530,1,
S03-R0165,Baker(2014),165,"Chi-Chi, Taiwan",1999,TCU104,TW:tcu104,24.2455,120.6018,matched,S02,ROTD50_d050 row 1532; RSN=1531; TCU104,NGA RSN + event + year; station name reviewed,,as supplied,1531,7.6,7.19,,56.1,12.9,,49.9,34,26,0,1,Reverse-oblique,1.9726911717329554,,,,,,,,,,,,,,,,,,,,,,,,,,,,,,,,,NGA:1531,1,
S03-R0166,Baker(2014),166,"Chi-Chi, Taiwan",1999,TCU128,TW:tcu128,24.4162,120.7607,matched,S02,ROTD50_d050 row 1549; RSN=1548; TCU128,NGA RSN + event + year; station name reviewed,,as supplied,1548,7.6,9.02,,60.7,13.1,,63.8,84,48,1,1,Reverse-oblique,2.199444334074532,,,,,,,,,,,,,,,,,,,,,,,,,,,,,,,,,NGA:1548,1,
S03-R0167,Baker(2014),167,"Chi-Chi, Taiwan",1999,TCU136,TW:tcu136,24.2603,120.6518,matched,S02,ROTD50_d050 row 1551; RSN=1550; TCU136,NGA RSN + event + year; station name reviewed,,as supplied,1550,7.6,8.88,,61.5,8.3,,49.4,49,42,0,1,Reverse-oblique,2.1838015570040787,,,,,,,,,,,,,,,,,,,,,,,,,,,,,,,,,NGA:1550,1,
S03-R0168,Baker(2014),168,"Chi-Chi, Taiwan",1999,WGK,TW:wgk,23.6862,120.5622,matched,S02,ROTD50_d050 row 1596; RSN=1595; WGK,NGA RSN + event + year; station name reviewed,,as supplied,1595,7.6,5.74,,104.3,9.9,,33,174,25,1,1,Reverse-oblique,1.747459210331475,,,,,,,,,,,,,,,,,,,,,,,,,,,,,,,,,NGA:1595,1,
S03-R0169,Baker(2014),169,"Chi-Chi, Taiwan-03",1999,CHY024,TW:chy024,23.757,120.6062,matched,S02,ROTD50_d050 row 2458; RSN=2457; CHY024,NGA RSN + event + year; station name reviewed,,as supplied,2457,6.2,3.19,,32.7,19.6,,26.7,274,86,1,0,Reverse-oblique,1.1600209167967532,,,,,,,,,,,,,,,,,,,,,,,,,,,,,,,,,NGA:2457,2,
S03-R0170,Baker(2014),170,"Chi-Chi, Taiwan-03",1999,CHY035,TW:chy035,23.52,120.584,matched,S02,ROTD50_d050 row 2467; RSN=2466; CHY035,NGA RSN + event + year; station name reviewed,,as supplied,2466,6.2,1.06,,30.1,34.5,,42.9,74,74,0,0,Reverse-oblique,0.058268908123975824,,,,,,,,,,,,,,,,,,,,,,,,,,,,,,,,,NGA:2466,2,
S03-R0171,Baker(2014),171,"Chi-Chi, Taiwan-03",1999,CHY080,TW:chy080,23.5972,120.6777,matched,S02,ROTD50_d050 row 2496; RSN=2495; CHY080,NGA RSN + event + year; station name reviewed,,as supplied,2495,6.2,1.38,,69.8,22.4,,30.5,272,88,1,0,Reverse-oblique,0.3220834991691132,,,,,,,,,,,,,,,,,,,,,,,,,,,,,,,,,NGA:2495,2,
S03-R0172,Baker(2014),172,"Chi-Chi, Taiwan-03",1999,TCU065,TW:tcu065,24.0588,120.6912,matched,S02,ROTD50_d050 row 2619; RSN=2618; TCU065,NGA RSN + event + year; station name reviewed,,as supplied,2618,6.2,1.53,,35.4,26.1,,33,305,55,0,0,Reverse-oblique,0.4252677354043441,,,,,,,,,,,,,,,,,,,,,,,,,,,,,,,,,NGA:2618,2,
S03-R0173,Baker(2014),173,"Chi-Chi, Taiwan-03",1999,TCU076,TW:tcu076,23.9077,120.6757,matched,S02,ROTD50_d050 row 2628; RSN=2627; TCU076,NGA RSN + event + year; station name reviewed,,as supplied,2627,6.2,0.92,,61.5,14.7,,22.2,280,80,1,0,Reverse-oblique,-0.08338160893905101,,,,,,,,,,,,,,,,,,,,,,,,,,,,,,,,,NGA:2627,2,
S03-R0174,Baker(2014),174,"Chi-Chi, Taiwan-03",1999,TCU078,TW:tcu078,23.812,120.8455,matched,S02,ROTD50_d050 row 2629; RSN=2628; TCU078,NGA RSN + event + year; station name reviewed,,as supplied,2628,6.2,3.86,,56.3,7.6,,7.8,280,80,0,0,Reverse-oblique,1.3506671834767394,,,,,,,,,,,,,,,,,,,,,,,,,,,,,,,,,NGA:2628,2,
S03-R0175,Baker(2014),175,"Chi-Chi, Taiwan-06",1999,CHY101,TW:chy101,23.6862,120.5622,matched,S02,ROTD50_d050 row 3318; RSN=3317; CHY101,NGA RSN + event + year; station name reviewed,,as supplied,3317,6.3,3.26,,34.1,36,,52.5,275,90,1,0,Reverse-oblique,1.1817271953786161,,,,,,,,,,,,,,,,,,,,,,,,,,,,,,,,,NGA:3317,2,
S03-R0176,Baker(2014),176,"Chi-Chi, Taiwan-06",1999,TCU078,TW:tcu078,23.812,120.8455,matched,S02,ROTD50_d050 row 3474; RSN=3473; TCU078,NGA RSN + event + year; station name reviewed,,as supplied,3473,6.3,4.15,,38.4,11.5,,24,288,77,0,1,Reverse-oblique,1.423108334242607,,,,,,,,,,,,,,,,,,,,,,,,,,,,,,,,,NGA:3473,2,
S03-R0177,Baker(2014),177,"Chi-Chi, Taiwan-06",1999,TCU080,TW:tcu080,23.9,120.93,matched,S02,ROTD50_d050 row 3476; RSN=3475; TCU080,NGA RSN + event + year; station name reviewed,,as supplied,3475,6.3,1.02,,39.3,10.2,,18.3,50,45,0,1,Reverse-oblique,0.01980262729617973,,,,,,,,,,,,,,,,,,,,,,,,,,,,,,,,,NGA:3475,2,
S03-R0178,Baker(2014),178,"Chi-Chi, Taiwan-04",1999,CHY074,TW:chy074,23.5103,120.8052,matched,S02,ROTD50_d050 row 2735; RSN=2734; CHY074,NGA RSN + event + year; station name reviewed,,as supplied,2734,6.2,2.44,,44,6.2,,20.6,355,25,0,1,Strike slip,0.8919980393051105,,,,,,,,,,,,,,,,,,,,,,,,,,,,,,,,,NGA:2734,2,
S03-R0179,Baker(2014),179,"Duzce, Turkey",1999,Bolu,TR:bolu,40.745,31.61,matched,S02,ROTD50_d050 row 1603; RSN=1602; Bolu,NGA RSN + event + year; station name reviewed,,as supplied,1602,7.1,0.88,,65.8,12,,43.6,88,10,0,1,Strike slip,-0.12783337150988489,,,,,,,,,,,,,,,,,,,,,,,,,,,,,,,,,NGA:1602,1,
S03-R0180,Baker(2014),180,"Duzce, Turkey",1999,Duzce,TR:duzce,40.844,31.149,matched,S02,ROTD50_d050 row 1606; RSN=1605; Duzce,NGA RSN + event + year; station name reviewed,,as supplied,1605,7.1,5.94,,78.9,6.6,,14.1,131,49,1,0,Strike slip,1.7817091333745536,,,,,,,,,,,,,,,,,,,,,,,,,,,,,,,,,NGA:1605,1,
S03-R0181,Baker(2014),181,"Duzce, Turkey",1999,IRIGM 487,TR:irigm487,40.74893,30.8892,matched,S02,ROTD50_d050 row 8165; RSN=8164; IRIGM 487,NGA RSN + event + year; station name reviewed,,as supplied,8164,7.1,10.05,,39.2,2.6,,26.7,329,66,0,1,Strike slip,2.307572634505085,,,,,,,,,,,,,,,,,,,,,,,,,,,,,,,,,NGA:8164,1,
S03-R0182,Baker(2014),182,"Kocaeli, Turkey",1999,Arcelik,TR:arcelik,40.8236,29.3607,matched,S02,ROTD50_d050 row 1149; RSN=1148; Arcelik,NGA RSN + event + year; station name reviewed,,as supplied,1148,7.5,7.79,,40.3,13.5,,56,80,14,0,1,Strike slip,2.052840859882657,,,,,,,,,,,,,,,,,,,,,,,,,,,,,,,,,NGA:1148,1,
S03-R0183,Baker(2014),183,"Kocaeli, Turkey",1999,Gebze,TR:gebze,40.82,29.44,matched,S02,ROTD50_d050 row 1162; RSN=1161; Gebze,NGA RSN + event + year; station name reviewed,,as supplied,1161,7.5,5.99,,53,10.9,,49.7,33,61,1,1,Strike slip,1.7900914121273581,,,,,,,,,,,,,,,,,,,,,,,,,,,,,,,,,NGA:1161,1,
S03-R0184,Baker(2014),184,"Kocaeli, Turkey",1999,Izmit,TR:izmit,40.79,29.96,matched,S02,ROTD50_d050 row 1166; RSN=1165; Izmit,NGA RSN + event + year; station name reviewed,,as supplied,1165,7.5,5.37,,38.1,7.2,,16.9,265,5,0,1,Strike slip,1.6808279085207734,,,,,,,,,,,,,,,,,,,,,,,,,,,,,,,,,NGA:1165,1,
S03-R0185,Baker(2014),185,"Kocaeli, Turkey",1999,Yarimca,TR:yarimca,40.7644,29.762,matched,S02,ROTD50_d050 row 1177; RSN=1176; Yarimca,NGA RSN + event + year; station name reviewed,,as supplied,1176,7.5,4.95,,90.6,4.8,,25.1,25,64,1,1,Strike slip,1.599387576580599,,,,,,,,,,,,,,,,,,,,,,,,,,,,,,,,,NGA:1176,1,
S03-R0186,Baker(2014),186,"Tottori, Japan",2000,TTR008,JP:ttr008,35.4227,133.3327,matched,S02,ROTD50_d050 row 3966; RSN=3965; TTR008,NGA RSN + event + year; station name reviewed,,as supplied,3965,6.6,1.54,,53.2,6.9,,20.7,276,54,0,1,Strike slip,0.43178241642553783,,,,,,,,,,,,,,,,,,,,,,,,,,,,,,,,,NGA:3965,2,
S03-R0187,Baker(2014),187,Yountville,2000,Napa Fire Station #3,US:napafirestation3,38.33,-122.318,matched,S02,ROTD50_d050 row 1854; RSN=1853; Napa Fire Station #3,NGA RSN + event + year; station name reviewed,,as supplied,1853,5,0.73,,42.4,11.5,,14.2,66,84,1,0,Strike slip,-0.31471074483970024,,,,,,,,,,,,,,,,,,,,,,,,,,,,,,,,,NGA:1853,2,
S03-R0188,Baker(2014),188,"Denali, Alaska",2002,TAPS Pump Station #10,US:tapspumpstation10,63.4239,-145.7658,matched,S02,ROTD50_d050 row 2115; RSN=2114; TAPS Pump Station #10,NGA RSN + event + year; station name reviewed,,as supplied,2114,7.9,3.16,,121.4,2.7,,84.9,56,13,0,1,Strike slip,1.1505720275988207,,,,,,,,,,,,,,,,,,,,,,,,,,,,,,,,,NGA:2114,1,
S03-R0189,Baker(2014),189,"Bam, Iran",2003,Bam,IR:bam,29.097,58.353,matched,S02,ROTD50_d050 row 4041; RSN=4040; Bam,NGA RSN + event + year; station name reviewed,,as supplied,4040,6.6,2.02,,124.2,1.7,,13.9,277,78,1,1,Strike slip,0.7030975114131134,,,,,,,,,,,,,,,,,,,,,,,,,,,,,,,,,NGA:4040,2,
S03-R0190,Baker(2014),190,"Niigata, Japan",2004,NIG021,JP:nig021,37.1281,138.7468,matched,S02,ROTD50_d050 row 4212; RSN=4211; NIG021,NGA RSN + event + year; station name reviewed,,as supplied,4211,6.6,0.32,,66.9,11.3,,24,40,8,0,1,Reverse-oblique,-1.1394342831883648,,,,,,,,,,,,,,,,,,,,,,,,,,,,,,,,,NGA:4211,2,
S03-R0191,Baker(2014),191,"Niigata, Japan",2004,NIGH11,JP:nigh11,37.1697,138.7472,matched,S02,ROTD50_d050 row 4229; RSN=4228; NIGH11,NGA RSN + event + year; station name reviewed,,as supplied,4228,6.6,1.8,,65.6,8.9,,20.3,43,11,0,1,Reverse-oblique,0.5877866649021191,,,,,,,,,,,,,,,,,,,,,,,,,,,,,,,,,NGA:4228,2,
S03-R0192,Baker(2014),192,"Parkfield-02, CA",2004,PARKFIELD - EADES,US:parkfieldeades,35.894,-120.421,matched,S02,ROTD50_d050 row 4066; RSN=4065; PARKFIELD - EADES,NGA RSN + event + year; station name reviewed,,as supplied,4065,6,1.22,,35.8,2.9,,12.8,41,80,1,1,Strike slip,0.19885085874516517,,,,,,,,,,,,,,,,,,,,,,,,,,,,,,,,,NGA:4065,2,
S03-R0193,Baker(2014),193,"Parkfield-02, CA",2004,Slack Canyon,US:slackcanyon,36.034,-120.59,matched,S02,ROTD50_d050 row 4098; RSN=4097; Slack Canyon,NGA RSN + event + year; station name reviewed,,as supplied,4097,6,0.85,,53.2,3,,32.5,0,39,0,1,Strike slip,-0.16251892949777494,,,,,,,,,,,,,,,,,,,,,,,,,,,,,,,,,NGA:4097,2,
S03-R0194,Baker(2014),194,"Parkfield-02, CA",2004,Parkfield - Cholame 1E,US:parkfieldcholame1e,35.743,-120.277,matched,S02,ROTD50_d050 row 4099; RSN=4098; Parkfield - Cholame 1E,NGA RSN + event + year; station name reviewed,,as supplied,4098,6,1.33,,51.6,3,,14,58,83,1,1,Strike slip,0.28517894223366247,,,,,,,,,,,,,,,,,,,,,,,,,,,,,,,,,NGA:4098,2,
S03-R0195,Baker(2014),195,"Parkfield-02, CA",2004,Parkfield - Cholame 2WA,US:parkfieldcholame2wa,35.733,-120.29,matched,S02,ROTD50_d050 row 4101; RSN=4100; Parkfield - Cholame 2WA,NGA RSN + event + year; station name reviewed,,as supplied,4100,6,1.08,,57.9,3,,14.1,67,74,1,1,Strike slip,0.0769610411361284,,,,,,,,,,,,,,,,,,,,,,,,,,,,,,,,,NGA:4100,2,
S03-R0196,Baker(2014),196,"Parkfield-02, CA",2004,Parkfield - Cholame 3E,US:parkfieldcholame3e,35.77,-120.247,matched,S02,ROTD50_d050 row 4102; RSN=4101; Parkfield - Cholame 3E,NGA RSN + event + year; station name reviewed,,as supplied,4101,6,0.52,,31,5.5,,14.4,66,75,1,1,Strike slip,-0.6539264674066639,,,,,,,,,,,,,,,,,,,,,,,,,,,,,,,,,NGA:4101,2,
S03-R0197,Baker(2014),197,"Parkfield-02, CA",2004,Parkfield - Cholame 3W,US:parkfieldcholame3w,35.724,-120.294,matched,S02,ROTD50_d050 row 4103; RSN=4102; Parkfield - Cholame 3W,NGA RSN + event + year; station name reviewed,,as supplied,4102,6,1.02,,43.5,3.6,,14.6,27,66,1,1,Strike slip,0.01980262729617973,,,,,,,,,,,,,,,,,,,,,,,,,,,,,,,,,NGA:4102,2,
S03-R0198,Baker(2014),198,"Parkfield-02, CA",2004,Parkfield - Cholame 4W,US:parkfieldcholame4w,35.718,-120.304,matched,S02,ROTD50_d050 row 4104; RSN=4103; Parkfield - Cholame 4W,NGA RSN + event + year; station name reviewed,,as supplied,4103,6,0.7,,38.3,4.2,,14.7,43,82,1,1,Strike slip,-0.35667494393873245,,,,,,,,,,,,,,,,,,,,,,,,,,,,,,,,,NGA:4103,2,
S03-R0199,Baker(2014),199,"Parkfield-02, CA",2004,Parkfield - Fault Zone 1,US:parkfieldfaultzone1,35.758,-120.307,matched,S02,ROTD50_d050 row 4108; RSN=4107; Parkfield - Fault Zone 1,NGA RSN + event + year; station name reviewed,,as supplied,4107,6,1.19,,81.9,2.5,,11.7,13,52,1,1,Strike slip,0.17395330712343798,,,,,,,,,,,,,,,,,,,,,,,,,,,,,,,,,NGA:4107,2,
S03-R0200,Baker(2014),200,"Parkfield-02, CA",2004,Parkfield - Fault Zone 9,US:parkfieldfaultzone9,35.879,-120.445,matched,S02,ROTD50_d050 row 4114; RSN=4113; Parkfield - Fault Zone 9,NGA RSN + event + year; station name reviewed,,as supplied,4113,6,1.13,,27,2.9,,12.9,63,78,1,1,Strike slip,0.12221763272424911,,,,,,,,,,,,,,,,,,,,,,,,,,,,,,,,,NGA:4113,2,
S03-R0201,Baker(2014),201,"Parkfield-02, CA",2004,Parkfield - Fault Zone 12,US:parkfieldfaultzone12,35.899,-120.433,matched,S02,ROTD50_d050 row 4116; RSN=4115; Parkfield - Fault Zone 12,NGA RSN + event + year; station name reviewed,,as supplied,4115,6,1.19,,56.5,2.6,,13.7,49,88,1,1,Strike slip,0.17395330712343798,,,,,,,,,,,,,,,,,,,,,,,,,,,,,,,,,NGA:4115,2,
S03-R0202,Baker(2014),202,"Parkfield-02, CA",2004,Parkfield - Stone Corral 4E,US:parkfieldstonecorral4e,35.855,-120.281,matched,S02,ROTD50_d050!CK359:CL359; RSN=358,region + normalized station,,as supplied,4116,6,0.6,,84.3,8.8,,11.9,64,77,1,0,Strike slip,-0.5108256237659907,,,,,,,,,,,,,,,,,,,,,,,,,,,,,,,,,NGA:4116,2,
S03-R0203,Baker(2014),203,"Parkfield-02, CA",2004,PARKFIELD - STONE CORRAL 1E,US:parkfieldstonecorral1e,35.788,-120.294,matched,S02,ROTD50_d050 row 4127; RSN=4126; Parkfield - Stone Corral 1E,NGA RSN + event + year; station name reviewed,,as supplied,4126,6,0.57,,43.4,3.8,,10.8,56,85,1,1,Strike slip,-0.5621189181535413,,,,,,,,,,,,,,,,,,,,,,,,,,,,,,,,,NGA:4126,2,
S03-R0204,Baker(2014),204,Chuetsu-oki,2007,Joetsu Kakizakiku Kakizaki,JP:joetsukakizakikukakizaki,37.2736,138.3944,matched,S02,ROTD50_d050 row 4848; RSN=4847; Joetsu Kakizakiku Kakizaki,NGA RSN + event + year; station name reviewed,,as supplied,4847,6.8,1.4,,91.1,11.9,,36.6,86,52,0,1,Reverse-oblique,0.3364722366212129,,,,,,,,,,,,,,,,,,,,,,,,,,,,,,,,,NGA:4847,2,
S03-R0205,Baker(2014),205,Chuetsu-oki,2007,Yoshikawaku Joetsu City,JP:yoshikawakujoetsucity,37.2203,138.4081,matched,S02,ROTD50_d050 row 4851; RSN=4850; Yoshikawaku Joetsu City,NGA RSN + event + year; station name reviewed,,as supplied,4850,6.8,1.33,,63.8,16.9,,40.9,52,18,0,0,Reverse-oblique,0.28517894223366247,,,,,,,,,,,,,,,,,,,,,,,,,,,,,,,,,NGA:4850,2,
S03-R0206,Baker(2014),206,Chuetsu-oki,2007,Kashiwazaki City Center,JP:kashiwazakicitycenter,37.3686,138.5619,matched,S02,ROTD50_d050 row 4857; RSN=4856; Kashiwazaki City Center,NGA RSN + event + year; station name reviewed,,as supplied,4856,6.8,2.93,,126,11.1,,21.5,317,77,1,0,Reverse-oblique,1.075002423028976,,,,,,,,,,,,,,,,,,,,,,,,,,,,,,,,,NGA:4856,2,
S03-R0207,Baker(2014),207,Chuetsu-oki,2007,Oguni Nagaoka,JP:oguninagaoka,37.3022,138.7122,matched,S02,ROTD50_d050 row 4875; RSN=4874; Oguni Nagaoka,NGA RSN + event + year; station name reviewed,,as supplied,4874,6.8,0.8,,80.3,20,,29,306,88,1,0,Reverse-oblique,-0.2231435513142097,,,,,,,,,,,,,,,,,,,,,,,,,,,,,,,,,NGA:4874,2,
S03-R0208,Baker(2014),208,Chuetsu-oki,2007,Kariwa,JP:kariwa,37.4189,138.6258,matched,S02,ROTD50_d050 row 4876; RSN=4875; Kariwa,NGA RSN + event + year; station name reviewed,,as supplied,4875,6.8,3.08,,154.5,12,,16.1,319,75,1,0,Reverse-oblique,1.1249295969854831,,,,,,,,,,,,,,,,,,,,,,,,,,,,,,,,,NGA:4875,2,
S03-R0209,Baker(2014),209,Chuetsu-oki,2007,Yan Sakuramachi City watershed,JP:yansakuramachicitywatershed,37.6233,138.8428,matched,S02,ROTD50_d050 row 4880; RSN=4879; Yan Sakuramachi City watershed,NGA RSN + event + year; station name reviewed,,as supplied,4879,6.8,1.41,,39.4,19,,23.8,304,90,1,0,Reverse-oblique,0.34358970439007686,,,,,,,,,,,,,,,,,,,,,,,,,,,,,,,,,NGA:4879,2,
S03-R0210,Baker(2014),210,Chuetsu-oki,2007,Joetsu Otemachi,JP:joetsuotemachi,37.105,138.25,matched,S02,ROTD50_d050 row 4890; RSN=4889; Joetsu Otemachi,NGA RSN + event + year; station name reviewed,,as supplied,4889,6.8,0.55,,34.9,32.9,,58.8,51,17,0,0,Reverse-oblique,-0.5978370007556204,,,,,,,,,,,,,,,,,,,,,,,,,,,,,,,,,NGA:4889,2,
S03-R0211,Baker(2014),211,Chuetsu-oki,2007,Iizuna Imokawa,JP:iizunaimokawa,36.7642,138.255,matched,S02,ROTD50_d050 row 4892; RSN=4891; Iizuna Imokawa,NGA RSN + event + year; station name reviewed,,as supplied,4891,6.8,0.92,,81.5,66.4,,92.4,23,11,0,0,Reverse-oblique,-0.08338160893905101,,,,,,,,,,,,,,,,,,,,,,,,,,,,,,,,,NGA:4891,2,
S03-R0212,Baker(2014),212,Chuetsu-oki,2007,SERVICE HALL: 2.4 M DEPTH,JP:servicehall24mdepth,37.4267,138.6083,matched,S02,"ROTD50_d050 row 4897; RSN=4896; Kashiwazaki NPP, Service Hall Array 2.4 m depth",NGA RSN + event + year; station name reviewed,,as supplied,4896,6.8,2.39,,126,11,,16.3,78,44,0,0,Reverse-oblique,0.8712933659434193,,,,,,,,,,,,,,,,,,,,,,,,,,,,,,,,,NGA:4896,2,
S03-R0213,Baker(2014),213,Chuetsu-oki,2007,SERVICE HALL:50.8 M DEPTH,JP:servicehall508mdepth,,,unresolved,,,,未找到可確定對應的座標。,as supplied,4897,6.8,2.98,,85.3,11,,16.3,66,32,0,0,Reverse-oblique,1.091923300517313,,,,,,,,,,,,,,,,,,,,,,,,,,,,,,,,,NGA:4897,2,
S03-R0214,Baker(2014),214,Iwate,2008,IWTH26,JP:iwth26,38.9661,141.0047,matched,S02,ROTD50_d050 row 5659; RSN=5658; IWTH26,NGA RSN + event + year; station name reviewed,,as supplied,5658,6.9,4,,56.9,6,,14.4,9,20,0,0,Reverse-oblique,1.3862943611198906,,,,,,,,,,,,,,,,,,,,,,,,,,,,,,,,,NGA:5658,2,
S03-R0215,Baker(2014),215,Iwate,2008,Machimukai Town,JP:machimukaitown,38.755,140.5228,matched,S02,ROTD50_d050 row 5811; RSN=5810; Machimukai Town,NGA RSN + event + year; station name reviewed,,as supplied,5810,6.9,4.16,,40,24.1,,43.6,276,67,1,0,Reverse-oblique,1.425515074273172,,,,,,,,,,,,,,,,,,,,,,,,,,,,,,,,,NGA:5810,2,
S03-R0216,Baker(2014),216,"Wenchuan, China",2008,Deyangbaima,CN:deyangbaima,31.3,104.5,matched,S02,ROTD50_d050 row 4717; RSN=4716; Deyangbaima,NGA RSN + event + year; station name reviewed,,as supplied,4716,7.9,6.75,,36,30.5,,111.4,11,37,0,1,Reverse-oblique,1.9095425048844386,,,,,,,,,,,,,,,,,,,,,,,,,,,,,,,,,NGA:4716,1,
S03-R0217,Baker(2014),217,"Wenchuan, China",2008,Mianzuqingping,CN:mianzuqingping,31.5,104.1,matched,S02,ROTD50_d050 row 4817; RSN=4816; Mianzuqingping,NGA RSN + event + year; station name reviewed,,as supplied,4816,7.9,9.37,,144.5,6.6,,90.3,295,67,1,1,Reverse-oblique,2.2375130962503307,,,,,,,,,,,,,,,,,,,,,,,,,,,,,,,,,NGA:4816,1,
S03-R0218,Baker(2014),218,"L'Aquila, Italy",2009,L'Aquila - V. Aterno - Centro Valle,IT:laquilavaternocentrovalle,42.377,13.344,matched,S02,ROTD50_d050 row 4481; RSN=4480; L'Aquila - V. Aterno - Centro Valle,NGA RSN + event + year; station name reviewed,,as supplied,4480,6.3,1.07,,42.1,6.3,,10.3,110,29,0,1,Normal,0.06765864847381486,,,,,,,,,,,,,,,,,,,,,,,,,,,,,,,,,NGA:4480,2,
S03-R0219,Baker(2014),219,"L'Aquila, Italy",2009,L'Aquila - V. Aterno -F. Aterno,IT:laquilavaternofaterno,42.376,13.339,matched,S02,ROTD50_d050 row 4483; RSN=4482; L'Aquila - V. Aterno -F. Aterno,NGA RSN + event + year; station name reviewed,,as supplied,4482,6.3,1.18,,31.6,6.5,,10.4,69,70,0,1,Normal,0.16551443847757333,,,,,,,,,,,,,,,,,,,,,,,,,,,,,,,,,NGA:4482,2,
S03-R0220,Baker(2014),220,"L'Aquila, Italy",2009,L'Aquila - Parking,IT:laquilaparking,42.345,13.401,matched,S02,ROTD50_d050 row 4484; RSN=4483; L'Aquila - Parking,NGA RSN + event + year; station name reviewed,,as supplied,4483,6.3,1.98,,46.3,5.4,,9.4,38,79,1,1,Normal,0.6830968447064438,,,,,,,,,,,,,,,,,,,,,,,,,,,,,,,,,NGA:4483,2,
S03-R0221,Baker(2014),221,"Darfield, New Zealand",2010,CBGS,NZ:cbgs,-43.531,172.6197,matched,S02,ROTD50_d050 row 6888; Station ID=CBGS,region + normalized station + year,,as supplied,6887,7,12.62,,59.9,18.1,,48.2,346,81,1,1,Strike slip,2.5352828571130672,,,,,,,,,,,,,,,,,,,,,,,,,,,,,,,,,NGA:6887,1,
S03-R0222,Baker(2014),222,"Darfield, New Zealand",2010,DSLC,NZ:dslc,-43.6692,172.1978,matched,S02,ROTD50_d050 row 6898; RSN=6897; DSLC,NGA RSN + event + year; station name reviewed,,as supplied,6897,7,7.83,,65.9,8.5,,17.3,44,41,1,1,Strike slip,2.057962510002712,,,,,,,,,,,,,,,,,,,,,,,,,,,,,,,,,NGA:6897,1,
S03-R0223,Baker(2014),223,"Darfield, New Zealand",2010,GDLC,NZ:gdlc,-43.588,172.0893,matched,S02,ROTD50_d050 row 6907; RSN=6906; GDLC,NGA RSN + event + year; station name reviewed,,as supplied,6906,7,6.23,,128.5,1.2,,11.8,295,30,0,1,Strike slip,1.8293763327993617,,,,,,,,,,,,,,,,,,,,,,,,,,,,,,,,,NGA:6906,1,
S03-R0224,Baker(2014),224,"Darfield, New Zealand",2010,HORC,NZ:horc,-43.5413,171.9598,matched,S02,ROTD50_d050 row 6912; RSN=6911; HORC,NGA RSN + event + year; station name reviewed,,as supplied,6911,7,9.92,,106.1,7.3,,15.4,16,69,1,1,Strike slip,2.2945529212967815,,,,,,,,,,,,,,,,,,,,,,,,,,,,,,,,,NGA:6911,1,
S03-R0225,Baker(2014),225,"Darfield, New Zealand",2010,LINC,NZ:linc,-43.6248,172.4679,matched,S02,ROTD50_d050 row 6928; RSN=6927; LINC,NGA RSN + event + year; station name reviewed,,as supplied,6927,7,7.37,,116.5,7.1,,35.5,359,86,1,1,Strike slip,1.9974177062012453,,,,,,,,,,,,,,,,,,,,,,,,,,,,,,,,,NGA:6927,1,
S03-R0226,Baker(2014),226,"Darfield, New Zealand",2010,LPCC,NZ:lpcc,-43.6056,172.7223,matched,S02,ROTD50_d050 row 6929; RSN=6928; LPCC,NGA RSN + event + year; station name reviewed,,as supplied,6928,7,10.63,,30.2,25.7,,55.3,358,87,1,1,Strike slip,2.363680192353857,,,,,,,,,,,,,,,,,,,,,,,,,,,,,,,,,NGA:6928,1,
S03-R0227,Baker(2014),227,"Darfield, New Zealand",2010,NNBS,NZ:nnbs,-43.4971,172.7179,matched,S02,ROTD50_d050 row 6942; Station ID=NNBS,region + normalized station + year,,as supplied,6942,7,8.04,,56.5,26.8,,56.6,154,69,1,1,Strike slip,2.0844290831908747,,,,,,,,,,,,,,,,,,,,,,,,,,,,,,,,,NGA:6942,1,
S03-R0228,Baker(2014),228,"Darfield, New Zealand",2010,REHS,NZ:rehs,-43.5236,172.635,matched,S02,ROTD50_d050 row 6960; Station ID=REHS,region + normalized station + year,,as supplied,6959,7,12.02,,65.3,19.5,,49.5,342,77,0,1,Strike slip,2.4865719291070616,,,,,,,,,,,,,,,,,,,,,,,,,,,,,,,,,NGA:6959,1,
S03-R0229,Baker(2014),229,"Darfield, New Zealand",2010,RHSC,NZ:rhsc,-43.5362,172.5644,matched,S02,ROTD50_d050 row 6961; Station ID=RHSC,region + normalized station + year,,as supplied,6960,7,9.39,,63.8,13.6,,43.8,356,90,1,1,Strike slip,2.2396452932201716,,,,,,,,,,,,,,,,,,,,,,,,,,,,,,,,,NGA:6960,1,
S03-R0230,Baker(2014),230,"Darfield, New Zealand",2010,ROLC,NZ:rolc,-43.5945,172.381,matched,S02,ROTD50_d050 row 6963; RSN=6962; ROLC,NGA RSN + event + year; station name reviewed,,as supplied,6962,7,7.14,,85.7,1.5,,29,151,66,1,1,Strike slip,1.965712776351493,,,,,,,,,,,,,,,,,,,,,,,,,,,,,,,,,NGA:6962,1,
S03-R0231,Baker(2014),231,"Darfield, New Zealand",2010,SHLC,NZ:shlc,-43.5053,172.6634,matched,S02,ROTD50_d050 row 6967; Station ID=SHLC,region + normalized station + year,,as supplied,6966,7,8.76,,65.7,22.3,,52.2,157,72,1,1,Strike slip,2.1701959049483,,,,,,,,,,,,,,,,,,,,,,,,,,,,,,,,,NGA:6966,1,
S03-R0232,Baker(2014),232,"Darfield, New Zealand",2010,SMTC,NZ:smtc,-43.4675,172.6139,matched,S02,ROTD50_d050 row 6970; Station ID=SMTC,region + normalized station + year,,as supplied,6969,7,9.35,,64.4,20.9,,49.6,334,68,1,1,Strike slip,2.2353763433005955,,,,,,,,,,,,,,,,,,,,,,,,,,,,,,,,,NGA:6969,1,
S03-R0233,Baker(2014),233,"Darfield, New Zealand",2010,TPLC,NZ:tplc,-43.5517,172.4718,matched,S02,ROTD50_d050 row 6976; RSN=6975; TPLC,NGA RSN + event + year; station name reviewed,,as supplied,6975,7,8.93,,74.1,6.1,,36.5,354,89,1,1,Strike slip,2.189416394888408,,,,,,,,,,,,,,,,,,,,,,,,,,,,,,,,,NGA:6975,1,
S03-R0234,Baker(2014),234,El Mayor-Cucapah,2010,TAMAULIPAS,MX:tamaulipas,32.5495,-115.2357,matched,S02,ROTD50_d050 row 5833; RSN=5832; TAMAULIPAS,NGA RSN + event + year; station name reviewed,,as supplied,5832,7.2,8.43,,56.3,26.6,,28.4,284,71,0,0,Strike slip,2.131796772013764,,,,,,,,,,,,,,,,,,,,,,,,,,,,,,,,,NGA:5832,1,
S03-R0235,Baker(2014),235,El Mayor-Cucapah,2010,El Centro Array #12,MX:elcentroarray12,32.718,-115.637,matched,S02,ROTD50_d050 row 8162; RSN=8161; El Centro Array #12,NGA RSN + event + year; station name reviewed,,as supplied,8161,7.2,8.72,,72.6,11.3,,58.3,83,48,1,1,Strike slip,2.1656192379208883,,,,,,,,,,,,,,,,,,,,,,,,,,,,,,,,,NGA:8161,1,
S03-R0236,Baker(2014),236,El Mayor-Cucapah,2010,Westside Elementary School,MX:westsideelementaryschool,32.75904,-115.7316,matched,S02,ROTD50_d050 row 8607; RSN=8606; Westside Elementary School,NGA RSN + event + year; station name reviewed,,as supplied,8606,7.2,7.08,,60.7,11.4,,67.4,311,0,0,1,Strike slip,1.9572739077056285,,,,,,,,,,,,,,,,,,,,,,,,,,,,,,,,,NGA:8606,1,
S03-R0237,Baker(2014),237,"Christchurch, New Zealand",2011,CCCC,NZ:cccc,-43.5395,172.6464,matched,S02,ROTD50_d050 row 8065; Station ID=CCCC,region + normalized station + year,,as supplied,8064,6.1,1.72,,66.9,3.3,,8.3,266,27,0,0,Reverse-oblique,0.5423242908253617,,,,,,,,,,,,,,,,,,,,,,,,,,,,,,,,,NGA:8064,2,
S03-R0238,Baker(2014),238,"Christchurch, New Zealand",2011,CHHC,NZ:chhc,-43.5355,172.6261,matched,S02,ROTD50_d050 row 8067; Station ID=CHHC,region + normalized station + year,,as supplied,8066,6.1,1.96,,81.3,4.8,,9.5,57,2,0,0,Reverse-oblique,0.6729444732424258,,,,,,,,,,,,,,,,,,,,,,,,,,,,,,,,,NGA:8066,2,
S03-R0239,Baker(2014),239,"Christchurch, New Zealand",2011,CMHS,NZ:cmhs,-43.5673,172.6241,matched,S02,ROTD50_d050 row 8068; Station ID=CMHS,region + normalized station + year,,as supplied,8067,6.1,2.04,,48.1,4.5,,8.8,21,38,0,0,Reverse-oblique,0.712949807856125,,,,,,,,,,,,,,,,,,,,,,,,,,,,,,,,,NGA:8067,2,
S03-R0240,Baker(2014),240,"Christchurch, New Zealand",2011,HPSC,NZ:hpsc,-43.5016,172.7022,matched,S02,ROTD50_d050 row 8091; Station ID=HPSC,region + normalized station + year,,as supplied,8090,6.1,6.85,,48.3,4.3,,9.8,291,52,0,0,Reverse-oblique,1.9242486522741338,,,,,,,,,,,,,,,,,,,,,,,,,,,,,,,,,NGA:8090,2,
S03-R0241,Baker(2014),241,"Christchurch, New Zealand",2011,PRPC,NZ:prpc,-43.527,172.7017,matched,S02,ROTD50_d050 row 8120; Station ID=PRPC,region + normalized station + year,,as supplied,8119,6.1,4.82,,123.1,2,,7.7,135,76,1,1,Reverse-oblique,1.572773928062509,,,,,,,,,,,,,,,,,,,,,,,,,,,,,,,,,NGA:8119,2,
S03-R0242,Baker(2014),242,"Christchurch, New Zealand",2011,REHS,NZ:rehs,-43.5236,172.635,matched,S02,ROTD50_d050 row 8124; Station ID=REHS,region + normalized station + year,,as supplied,8123,6.1,1.55,,97.5,5.1,,9.7,71,12,0,1,Reverse-oblique,0.4382549309311553,,,,,,,,,,,,,,,,,,,,,,,,,,,,,,,,,NGA:8123,2,
S03-R0243,Baker(2014),243,"Christchurch, New Zealand",2011,SHLC,NZ:shlc,-43.5053,172.6634,matched,S02,ROTD50_d050 row 8131; Station ID=SHLC,region + normalized station + year,,as supplied,8130,6.1,3.58,,72.4,5.6,,10,295,56,0,0,Reverse-oblique,1.275362800412609,,,,,,,,,,,,,,,,,,,,,,,,,,,,,,,,,NGA:8130,2,
S03-R0244,Baker(2014),244,"Christchurch, New Zealand",2011,LPCC,NZ:lpcc,-43.6056,172.7223,matched,S02,ROTD50_d050 row 8159; RSN=8158; LPCC,NGA RSN + event + year; station name reviewed,,as supplied,8158,6.1,3.8,,44.7,6.1,,7.3,19,40,0,0,Reverse-oblique,1.33500106673234,,,,,,,,,,,,,,,,,,,,,,,,,,,,,,,,,NGA:8158,2,
S04-R0002,Tf_Kamai(2014),2,DENALI,2002,PS10,US:ps10,63.4239,-145.7658,matched,S02,ROTD50_d050 row 2115; Station ID=ps10,region + normalized station + year,,as supplied,,7.9,,14.542004550357596,,,2.7,,,,,,0,,,,,,,,,,,,,,,,,,,,,,,2.7,20.64559356990419,254.87699984355288,0,254.87699984355288,14.542004550357596,331.9551933435467,0.7678054296315101,14.542004550357596,82,,2002:denali:US:ps10,1,
S04-R0003,Tf_Kamai(2014),3,WENCHUAN,2008,051LXT,CN:051lxt,31.6,103.4,matched,S02,ROTD50_d050 row 4738; Station ID=051LXT,region + normalized station + year,NGA 座標僅至 0.1°，屬粗略位置，不宜用於近斷層距離重算。,as supplied,,7.9,,36.867593819877015,,,32.3,,,,,,3,,,,,,,,,,,,,,,,,,,,,,,56.25,22.895395340962565,93.09380059710753,0,93.09380059710753,36.867593819877015,331.9551933435467,0.2804408620917794,,50,Tf_within_10km_s:NaN,2008:wenchuan:CN:051lxt,1,
S04-R0004,Tf_Kamai(2014),4,WENCHUAN,2008,051AXT,CN:051axt,31.5,104.3,matched,S02,ROTD50_d050 row 4799; Station ID=051AXT,region + normalized station + year,NGA 座標僅至 0.1°，屬粗略位置，不宜用於近斷層距離重算。,as supplied,,7.9,,8.096891027690933,,,0.05,,,,,,3,,,,,,,,,,,,,,,,,,,,,,,0.1,31.735318453889537,60.45510834890556,0,60.45510834890556,8.096891027690933,331.9551933435467,0.1821182784941082,8.096891027690933,50,,2008:wenchuan:CN:051axt,1,
S04-R0005,Tf_Kamai(2014),5,WENCHUAN,2008,051MZQ,CN:051mzq,31.5,104.1,matched,S02,ROTD50_d050 row 4817; Station ID=051MZQ,region + normalized station + year,NGA 座標僅至 0.1°，屬粗略位置，不宜用於近斷層距離重算。,as supplied,,7.9,,8.37246825737983,,,6.62,,,,,,3,,,,,,,,,,,,,,,,,,,,,,,11.54,32.71034184858394,93.94019616155742,0,93.94019616155742,8.37246825737983,331.9551933435467,0.28299059043289904,,50,Tf_within_10km_s:NaN,2008:wenchuan:CN:051mzq,1,
S04-R0006,Tf_Kamai(2014),6,WENCHUAN,2008,051MXT,CN:051mxt,31.7,103.9,matched,S02,ROTD50_d050 row 4741; Station ID=051MXT,region + normalized station + year,NGA 座標僅至 0.1°，屬粗略位置，不宜用於近斷層距離重算。,as supplied,,7.9,,10.296245731058496,,,22.3,,,,,,3,,,,,,,,,,,,,,,,,,,,,,,38.9,27.46662250184687,43.231982893437085,0,43.231982893437085,10.296245731058496,331.9551933435467,0.13023439235275194,,50,Tf_within_10km_s:NaN,2008:wenchuan:CN:051mxt,1,
S04-R0007,Tf_Kamai(2014),7,WENCHUAN,2008,051MXN,CN:051mxn,31.6,103.7,matched,S02,ROTD50_d050 row 4743; Station ID=051MXN,region + normalized station + year,NGA 座標僅至 0.1°，屬粗略位置，不宜用於近斷層距離重算。,as supplied,,7.9,,19.88886495772396,,,21.9,,,,,,3,,,,,,,,,,,,,,,,,,,,,,,38.1,23.669608779417914,60.17213768923478,0,60.17213768923478,19.88886495772396,331.9551933435467,0.1812658421853985,,50,Tf_within_10km_s:NaN,2008:wenchuan:CN:051mxn,1,
S04-R0008,Tf_Kamai(2014),8,WENCHUAN,2008,051SFB,CN:051sfb,31.3,104.0,matched,S02,ROTD50_d050 row 4745; Station ID=051SFB,region + normalized station + year,NGA 座標僅至 0.1°，屬粗略位置，不宜用於近斷層距離重算。,as supplied,,7.9,,31.524498902868583,,,1.56,,,,,,3,,,,,,,,,,,,,,,,,,,,,,,1.56,28.133110825351878,383.68987557461367,0,383.68987557461367,31.524498902868583,331.9551933435467,1.155848389386473,31.524498902868583,50,,2008:wenchuan:CN:051sfb,1,
S04-R0009,Tf_Kamai(2014),9,WENCHUAN,2008,051JYH,CN:051jyh,31.8,104.6,matched,S02,ROTD50_d050 row 4784; Station ID=051JYH,region + normalized station + year,NGA 座標僅至 0.1°，屬粗略位置，不宜用於近斷層距離重算。,as supplied,,7.9,,7.282702283874538,,,11.44,,,,,,3,,,,,,,,,,,,,,,,,,,,,,,0.7,44.300174890859864,125.91796243233203,0,125.91796243233203,7.282702283874538,331.9551933435467,0.37932216442842986,7.282702283874538,50,,2008:wenchuan:CN:051jyh,1,
S04-R0010,Tf_Kamai(2014),10,CHICHI,1999,CHY006,TW:chy006,23.5795,120.560167,matched,S01,Taiwan database(NCREE)!H82:I82,region + normalized station + year,,as supplied,,7.6,,26.354619519148237,,,9.76,,,,,,3,,,,,,,,,,,,,,,,,,,,,,,4.21,31.758161370659156,3.615499023578155,1,,,235.09742436523834,,26.354619519148237,33,"Dsite_after_flag:NaN, Tf_after_flag_s:NaN",1999:chichi:TW:chy006,1,normalized_Dsite = #VALUE!
S04-R0011,Tf_Kamai(2014),11,CHICHI,1999,CHY024,TW:chy024,23.755333,120.615667,matched,S01,Taiwan database(NCREE)!H64:I64,region + normalized station + year,,as supplied,,7.6,,5.8098984471723725,,,9.62,,,,,,3,,,,,,,,,,,,,,,,,,,,,,,9.62,23.570173158644124,50.457552887695066,0,50.457552887695066,5.8098984471723725,235.09742436523834,0.2146240139547686,5.8098984471723725,33,,1999:chichi:TW:chy024,1,
S04-R0012,Tf_Kamai(2014),12,CHICHI,1999,CHY025,TW:chy025,23.7795,120.5137,matched,S04,line 16,region + normalized station + year,,as supplied,,7.6,,5.675089073286639,,,19.07,,,,,,3,,,,,,,,,,,,,,,,,,,,,,,19.07,24.519072010317164,20.131887733089467,0,20.131887733089467,5.675089073286639,235.09742436523834,0.08563210672105594,,33,Tf_within_10km_s:NaN,1999:chichi:TW:chy025,1,
S04-R0013,Tf_Kamai(2014),13,CHICHI,1999,CHY028,TW:chy028,23.632,120.6052,matched,S04,line 21,region + normalized station + year,,as supplied,,7.6,,31.774969290401568,,,3.12,,,,,,3,,,,,,,,,,,,,,,,,,,,,,,2.92,20.859014993745024,22.443298381714346,0,22.443298381714346,31.774969290401568,235.09742436523834,0.09546382076414116,31.774969290401568,33,,1999:chichi:TW:chy028,1,
S04-R0014,Tf_Kamai(2014),14,CHICHI,1999,CHY029,TW:chy029,23.6135,120.5282,matched,S04,line 38,region + normalized station + year,,as supplied,,7.6,,12.187480641397821,,,10.96,,,,,,3,,,,,,,,,,,,,,,,,,,,,,,8.23,22.024203806767943,12.332966312185041,0,12.332966312185041,12.187480641397821,235.09742436523834,0.052458959707806146,12.187480641397821,33,,1999:chichi:TW:chy029,1,
S04-R0015,Tf_Kamai(2014),15,CHICHI,1999,CHY035,TW:chy035,23.518667,120.591667,matched,S01,Taiwan database(NCREE)!H65:I65,region + normalized station + year,,as supplied,,7.6,,4.203227067491625,,,12.65,,,,,,3,,,,,,,,,,,,,,,,,,,,,,,2.35,27.663671159031402,8.45358632997882,0,8.45358632997882,4.203227067491625,235.09742436523834,0.03595780069817206,4.203227067491625,33,,1999:chichi:TW:chy035,1,
S04-R0016,Tf_Kamai(2014),16,CHICHI,1999,CHY080,TW:chy080,23.597167,120.676833,matched,S01,Taiwan database(NCREE)!H66:I66,region + normalized station + year,,as supplied,,7.6,,4.726219939468402,,,2.69,,,,,,3,,,,,,,,,,,,,,,,,,,,,,,5.37,27.725439242822276,34.04688314471131,0,34.04688314471131,4.726219939468402,235.09742436523834,0.1448203153932362,4.726219939468402,33,,1999:chichi:TW:chy080,1,
S04-R0017,Tf_Kamai(2014),17,CHICHI,1999,CHY101,TW:chy101,23.6845,120.570333,matched,S01,Taiwan database(NCREE)!H78:I78,region + normalized station + year,,as supplied,,7.6,,12.963982201644667,,,9.94,,,,,,3,,,,,,,,,,,,,,,,,,,,,,,9.94,23.479226825009448,34.54896468748432,0,34.54896468748432,12.963982201644667,235.09742436523834,0.146955947223864,12.963982201644667,33,,1999:chichi:TW:chy101,1,
S04-R0018,Tf_Kamai(2014),18,CHICHI,1999,TCU036,TW:tcu036,24.446833,120.704833,matched,S01,Taiwan database(NCREE)!H95:I95,region + normalized station + year,,as supplied,,7.6,,8.092264013552677,,,19.83,,,,,,3,,,,,,,,,,,,,,,,,,,,,,,14.8,30.195207289758333,46.911794466379966,0,46.911794466379966,8.092264013552677,235.09742436523834,0.19954193285205712,,33,Tf_within_10km_s:NaN,1999:chichi:TW:tcu036,1,
S04-R0019,Tf_Kamai(2014),19,CHICHI,1999,TCU039,TW:tcu039,24.489667,120.790833,matched,S01,Taiwan database(NCREE)!H97:I97,region + normalized station + year,,as supplied,,7.6,,5.938754727309648,,,19.89,,,,,,3,,,,,,,,,,,,,,,,,,,,,,,11.2,30.495512146012622,29.025311215713458,0,29.025311215713458,5.938754727309648,235.09742436523834,0.123460779266645,,33,Tf_within_10km_s:NaN,1999:chichi:TW:tcu039,1,
S04-R0020,Tf_Kamai(2014),20,CHICHI,1999,TCU046,TW:tcu046,24.466167,120.861167,matched,S01,Taiwan database(NCREE)!H101:I101,region + normalized station + year,,as supplied,,7.6,,1.4439120057884174,,,16.74,,,,,,3,,,,,,,,,,,,,,,,,,,,,,,3.59,30.326165269292957,14.006973146442133,0,14.006973146442133,1.4439120057884174,235.09742436523834,0.05957944109452019,1.4439120057884174,33,,1999:chichi:TW:tcu046,1,
S04-R0021,Tf_Kamai(2014),21,CHICHI,1999,TCU048,TW:tcu048,24.18,120.5888,matched,S04,line 47,region + normalized station + year,,as supplied,,7.6,,10.764183118957916,,,13.53,,,,,,3,,,,,,,,,,,,,,,,,,,,,,,13.53,25.92117998497398,56.097298118331764,0,56.097298118331764,10.764183118957916,235.09742436523834,0.23861298467983705,,33,Tf_within_10km_s:NaN,1999:chichi:TW:tcu048,1,
S04-R0022,Tf_Kamai(2014),22,CHICHI,1999,TCU049,TW:tcu049,24.177333,120.699667,matched,S01,Taiwan database(NCREE)!H103:I103,region + normalized station + year,,as supplied,,7.6,,4.269108956209956,,,3.76,,,,,,3,,,,,,,,,,,,,,,,,,,,,,,3.76,29.281399390379214,30.11708282004183,0,30.11708282004183,4.269108956209956,235.09742436523834,0.12810469064626198,4.269108956209956,33,,1999:chichi:TW:tcu049,1,
S04-R0023,Tf_Kamai(2014),23,CHICHI,1999,TCU050,TW:tcu050,24.18,120.641667,matched,S01,Taiwan database(NCREE)!H104:I104,region + normalized station + year,,as supplied,,7.6,,6.550068430782632,,,9.49,,,,,,3,,,,,,,,,,,,,,,,,,,,,,,9.49,27.53953585939435,70.458445177298,0,70.458445177298,6.550068430782632,235.09742436523834,0.2996989242546378,6.550068430782632,33,,1999:chichi:TW:tcu050,1,
S04-R0024,Tf_Kamai(2014),24,CHICHI,1999,TCU051,TW:tcu051,24.159833,120.659667,matched,S01,Taiwan database(NCREE)!H105:I105,region + normalized station + year,,as supplied,,7.6,,4.22369209629153,,,7.64,,,,,,3,,,,,,,,,,,,,,,,,,,,,,,7.64,27.83616013091235,25.6607496335006,0,25.6607496335006,4.22369209629153,235.09742436523834,0.10914942901983922,4.22369209629153,33,,1999:chichi:TW:tcu051,1,
S04-R0025,Tf_Kamai(2014),25,CHICHI,1999,TCU052,TW:tcu052,24.195833,120.748,matched,S01,Taiwan database(NCREE)!H106:I106,region + normalized station + year,,as supplied,,7.6,,7.403543274024277,,,0.66,,,,,,3,,,,,,,,,,,,,,,,,,,,,,,1.2,30.523555641442304,45.04665842700021,1,,,235.09742436523834,,7.403543274024277,33,"Dsite_after_flag:NaN, Tf_after_flag_s:NaN",1999:chichi:TW:tcu052,1,normalized_Dsite = #VALUE!
S04-R0026,Tf_Kamai(2014),26,CHICHI,1999,TCU053,TW:tcu053,24.191667,120.678833,matched,S01,Taiwan database(NCREE)!H107:I107,region + normalized station + year,,as supplied,,7.6,,4.62255478280674,,,5.95,,,,,,3,,,,,,,,,,,,,,,,,,,,,,,5.95,29.405791478222973,45.29425967550254,0,45.29425967550254,4.62255478280674,235.09742436523834,0.1926616584498821,4.62255478280674,33,,1999:chichi:TW:tcu053,1,
S04-R0027,Tf_Kamai(2014),27,CHICHI,1999,TCU054,TW:tcu054,24.16,120.684833,matched,S01,Taiwan database(NCREE)!H108:I108,region + normalized station + year,,as supplied,,7.6,,5.440472833862779,,,5.28,,,,,,3,,,,,,,,,,,,,,,,,,,,,,,5.28,28.796976750850693,91.25072266773367,0,91.25072266773367,5.440472833862779,235.09742436523834,0.3881400356218707,5.440472833862779,33,,1999:chichi:TW:tcu054,1,
S04-R0028,Tf_Kamai(2014),28,CHICHI,1999,TCU055,TW:tcu055,24.1382,120.6748,matched,S01,Taiwan database(NCREE)!H109:I109,region + normalized station + year,,as supplied,,7.6,,5.221993404493949,,,6.34,,,,,,3,,,,,,,,,,,,,,,,,,,,,,,6.34,9.927997954020631,56.734449994641054,0,56.734449994641054,5.221993404493949,235.09742436523834,0.24132314570363217,5.221993404493949,33,,1999:chichi:TW:tcu055,1,
S04-R0029,Tf_Kamai(2014),29,CHICHI,1999,TCU056,TW:tcu056,24.157,120.6335,matched,S01,Taiwan database(NCREE)!H110:I110,region + normalized station + year,,as supplied,,7.6,,7.496273717838695,,,10.48,,,,,,3,,,,,,,,,,,,,,,,,,,,,,,10.48,25.960063550199536,64.11881867509261,0,64.11881867509261,7.496273717838695,235.09742436523834,0.2727329695261998,,33,Tf_within_10km_s:NaN,1999:chichi:TW:tcu056,1,
S04-R0030,Tf_Kamai(2014),30,CHICHI,1999,TCU057,TW:tcu057,24.1732,120.6107,matched,S04,line 41,region + normalized station + year,,as supplied,,7.6,,7.783314482434429,,,11.83,,,,,,3,,,,,,,,,,,,,,,,,,,,,,,11.83,25.5124615561434,60.173862077291965,0,60.173862077291965,7.783314482434429,235.09742436523834,0.2559528767265785,,33,Tf_within_10km_s:NaN,1999:chichi:TW:tcu057,1,
S04-R0031,Tf_Kamai(2014),31,CHICHI,1999,TCU059,TW:tcu059,24.267,120.571833,matched,S01,Taiwan database(NCREE)!H111:I111,region + normalized station + year,,as supplied,,7.6,,10.356953819814816,,,17.11,,,,,,3,,,,,,,,,,,,,,,,,,,,,,,17.11,26.00576048657878,50.741776961672215,0,50.741776961672215,10.356953819814816,235.09742436523834,0.21583297689744885,,33,Tf_within_10km_s:NaN,1999:chichi:TW:tcu059,1,
S04-R0032,Tf_Kamai(2014),32,CHICHI,1999,TCU060,TW:tcu060,24.2247,120.644,matched,S02,ROTD50_d050!CK1500:CL1500; RSN=1499,region + normalized station + year,,as supplied,,7.6,,6.345093883582409,,,8.51,,,,,,3,,,,,,,,,,,,,,,,,,,,,,,8.51,26.58834251567147,69.59925004680932,0,69.59925004680932,6.345093883582409,235.09742436523834,0.29604428987143044,6.345093883582409,33,,1999:chichi:TW:tcu060,1,
S04-R0033,Tf_Kamai(2014),33,CHICHI,1999,TCU061,TW:tcu061,24.1355,120.549,matched,S04,line 42,region + normalized station + year,,as supplied,,7.6,,13.891207617477534,,,17.17,,,,,,3,,,,,,,,,,,,,,,,,,,,,,,17.17,23.578150284104243,55.96728538951132,0,55.96728538951132,13.891207617477534,235.09742436523834,0.23805996829026374,,33,Tf_within_10km_s:NaN,1999:chichi:TW:tcu061,1,
S04-R0034,Tf_Kamai(2014),34,CHICHI,1999,TCU063,TW:tcu063,24.107833,120.623833,matched,S01,Taiwan database(NCREE)!H112:I112,region + normalized station + year,,as supplied,,7.6,,7.639378701641247,,,9.78,,,,,,3,,,,,,,,,,,,,,,,,,,,,,,9.78,25.45486362318512,79.12208668663634,0,79.12208668663634,7.639378701641247,235.09742436523834,0.33655020636770266,7.639378701641247,33,,1999:chichi:TW:tcu063,1,
S04-R0035,Tf_Kamai(2014),35,CHICHI,1999,TCU064,TW:tcu064,24.3445,120.619333,matched,S01,Taiwan database(NCREE)!H113:I113,region + normalized station + year,,as supplied,,7.6,,7.7532039358011975,,,16.59,,,,,,3,,,,,,,,,,,,,,,,,,,,,,,16.59,27.938686605549602,40.81626934856446,0,40.81626934856446,7.7532039358011975,235.09742436523834,0.17361427696950807,,33,Tf_within_10km_s:NaN,1999:chichi:TW:tcu064,1,
S04-R0036,Tf_Kamai(2014),36,CHICHI,1999,TCU065,TW:tcu065,24.056167,120.699833,matched,S01,Taiwan database(NCREE)!H67:I67,region + normalized station + year,,as supplied,,7.6,,2.683850293438948,,,0.57,,,,,,3,,,,,,,,,,,,,,,,,,,,,,,0.57,27.830119043157545,165.47552916496446,0,165.47552916496446,2.683850293438948,235.09742436523834,0.7038593877059581,2.683850293438948,33,,1999:chichi:TW:tcu065,1,
S04-R0037,Tf_Kamai(2014),37,CHICHI,1999,TCU067,TW:tcu067,24.09,120.728167,matched,S01,Taiwan database(NCREE)!H73:I73,region + normalized station + year,,as supplied,,7.6,,3.284346509566166,,,0.62,,,,,,3,,,,,,,,,,,,,,,,,,,,,,,0.62,28.05755092820478,131.07322283381453,0,131.07322283381453,3.284346509566166,235.09742436523834,0.5575272599762054,3.284346509566166,33,,1999:chichi:TW:tcu067,1,
S04-R0038,Tf_Kamai(2014),38,CHICHI,1999,TCU068,TW:tcu068,24.276,120.773167,matched,S01,Taiwan database(NCREE)!H116:I116,region + normalized station + year,,as supplied,,7.6,,4.56031414886213,,,0.32,,,,,,3,,,,,,,,,,,,,,,,,,,,,,,0.37,33.499147909591024,876.7889625509424,0,876.7889625509424,4.56031414886213,235.09742436523834,3.729470728649059,4.56031414886213,33,,1999:chichi:TW:tcu068,1,
S04-R0039,Tf_Kamai(2014),39,CHICHI,1999,TCU070,TW:tcu070,24.196,120.5403,matched,S02,ROTD50_d050!CK1507:CL1507; RSN=1506,region + normalized station + year,,as supplied,,7.6,,16.626091365104422,,,19,,,,,,3,,,,,,,,,,,,,,,,,,,,,,,19,21.76109924175104,51.90128024181334,0,51.90128024181334,16.626091365104422,235.09742436523834,0.22076498873582512,,33,Tf_within_10km_s:NaN,1999:chichi:TW:tcu070,1,
S04-R0040,Tf_Kamai(2014),40,CHICHI,1999,TCU071,TW:tcu071,23.984,120.795167,matched,S01,Taiwan database(NCREE)!H74:I74,region + normalized station + year,來源有微小座標差異（最大 0.000033°）；保留所列來源值。,as supplied,,7.6,,12.44070880319909,,,5.8,,,,,,3,,,,,,,,,,,,,,,,,,,,,,,10.22,24.226404362164818,261.16750901152596,0,261.16750901152596,12.44070880319909,235.09742436523834,1.1108905583150335,,33,Tf_within_10km_s:NaN,1999:chichi:TW:tcu071,1,
S04-R0041,Tf_Kamai(2014),41,CHICHI,1999,TCU072,TW:tcu072,24.0407,120.8488,matched,S04,line 9,region + normalized station + year,,as supplied,,7.6,,9.138525284229397,,,7.08,,,,,,3,,,,,,,,,,,,,,,,,,,,,,,13.34,8.56330672304254,3.4193931367433197,1,,,235.09742436523834,,,33,"Dsite_after_flag:NaN, Tf_after_flag_s:NaN, Tf_within_10km_s:NaN",1999:chichi:TW:tcu072,1,normalized_Dsite = #VALUE!
S04-R0042,Tf_Kamai(2014),42,CHICHI,1999,TCU074,TW:tcu074,23.9622,120.9618,matched,S02,ROTD50_d050!CK1510:CL1510; RSN=1509,NGA exact event + station,本地集集清單 TCU074 出現兩個不同位置；採 NGA 1999 主震位置。2013 原表座標另保留。,as supplied,,7.6,,23.230348742583807,,,13.46,,,,,,3,,,,,,,,,,,,,,,,,,,,,,,26.62,24.321636004712033,232.38798729841392,0,232.38798729841392,23.230348742583807,235.09742436523834,0.9884752583991939,,33,Tf_within_10km_s:NaN,1999:chichi:TW:tcu074,1,
S04-R0043,Tf_Kamai(2014),43,CHICHI,1999,TCU075,TW:tcu075,23.9815,120.687667,matched,S01,Taiwan database(NCREE)!H118:I118,region + normalized station + year,,as supplied,,7.6,,1.8478159468286888,,,0.89,,,,,,3,,,,,,,,,,,,,,,,,,,,,,,0.89,26.535410055917943,61.371226604940766,1,,,235.09742436523834,,1.8478159468286888,33,"Dsite_after_flag:NaN, Tf_after_flag_s:NaN",1999:chichi:TW:tcu075,1,normalized_Dsite = #VALUE!
S04-R0044,Tf_Kamai(2014),44,CHICHI,1999,TCU076,TW:tcu076,23.9065,120.6835,matched,S01,Taiwan database(NCREE)!H68:I68,region + normalized station + year,,as supplied,,7.6,,3.09893741976948,,,2.74,,,,,,3,,,,,,,,,,,,,,,,,,,,,,,2.74,25.466824288948906,104.1068525089433,0,104.1068525089433,3.09893741976948,235.09742436523834,0.4428243005640372,3.09893741976948,33,,1999:chichi:TW:tcu076,1,
S04-R0045,Tf_Kamai(2014),45,CHICHI,1999,TCU078,TW:tcu078,23.8105,120.853667,matched,S01,Taiwan database(NCREE)!H69:I69,region + normalized station + year,,as supplied,,7.6,,4.171865810434143,,,8.2,,,,,,3,,,,,,,,,,,,,,,,,,,,,,,14.67,25.288630243924874,46.63589003198807,1,,,235.09742436523834,,,33,"Dsite_after_flag:NaN, Tf_after_flag_s:NaN, Tf_within_10km_s:NaN",1999:chichi:TW:tcu078,1,normalized_Dsite = #VALUE!
S04-R0046,Tf_Kamai(2014),46,CHICHI,1999,TCU079,TW:tcu079,23.836833,120.902167,matched,S01,Taiwan database(NCREE)!H75:I75,region + normalized station + year,,as supplied,,7.6,,26.946914554680802,,,10.97,,,,,,3,,,,,,,,,,,,,,,,,,,,,,,19.59,18.12364519343901,148.79708433576602,0,148.79708433576602,26.946914554680802,235.09742436523834,0.6329166928881389,,33,Tf_within_10km_s:NaN,1999:chichi:TW:tcu079,1,
S04-R0047,Tf_Kamai(2014),47,CHICHI,1999,TCU082,TW:tcu082,24.145667,120.684167,matched,S01,Taiwan database(NCREE)!H121:I121,region + normalized station + year,,as supplied,,7.6,,5.5308456760914515,,,5.16,,,,,,3,,,,,,,,,,,,,,,,,,,,,,,5.16,27.4567937348492,59.26679832153854,0,59.26679832153854,5.5308456760914515,235.09742436523834,0.25209463047737996,5.5308456760914515,33,,1999:chichi:TW:tcu082,1,
S04-R0048,Tf_Kamai(2014),48,CHICHI,1999,TCU084,TW:tcu084,23.881333,120.908167,matched,S01,Taiwan database(NCREE)!H76:I76,region + normalized station + year,,as supplied,,7.6,,20.50220777352174,,,11.48,,,,,,3,,,,,,,,,,,,,,,,,,,,,,,20.09,22.27951792614148,163.9800705096149,0,163.9800705096149,20.50220777352174,235.09742436523834,0.6974983709513625,,33,Tf_within_10km_s:NaN,1999:chichi:TW:tcu084,1,
S04-R0049,Tf_Kamai(2014),49,CHICHI,1999,TCU087,TW:tcu087,24.3465,120.780833,matched,S01,Taiwan database(NCREE)!H122:I122,region + normalized station + year,,as supplied,,7.6,,4.451547204087308,,,6.98,,,,,,3,,,,,,,,,,,,,,,,,,,,,,,6.9,31.59924031846728,49.442699666547426,0,49.442699666547426,4.451547204087308,235.09742436523834,0.2103072792058119,4.451547204087308,33,,1999:chichi:TW:tcu087,1,
S04-R0050,Tf_Kamai(2014),50,CHICHI,1999,TCU089,TW:tcu089,23.9037,120.8565,matched,S04,line 3,region + normalized station + year,,as supplied,,7.6,,20.438412475661295,,,9,,,,,,3,,,,,,,,,,,,,,,,,,,,,,,15.66,21.84544369957067,203.65544929718575,0,203.65544929718575,20.438412475661295,235.09742436523834,0.8662598063209509,,33,Tf_within_10km_s:NaN,1999:chichi:TW:tcu089,1,
S04-R0051,Tf_Kamai(2014),51,CHICHI,1999,TCU100,TW:tcu100,24.183833,120.625,matched,S01,Taiwan database(NCREE)!H127:I127,region + normalized station + year,,as supplied,,7.6,,8.081332776528502,,,11.37,,,,,,3,,,,,,,,,,,,,,,,,,,,,,,11.37,26.113166614257594,49.167746021768245,0,49.167746021768245,8.081332776528502,235.09742436523834,0.20913774855050357,,33,Tf_within_10km_s:NaN,1999:chichi:TW:tcu100,1,
S04-R0052,Tf_Kamai(2014),52,CHICHI,1999,TCU101,TW:tcu101,24.239333,120.717167,matched,S01,Taiwan database(NCREE)!H128:I128,region + normalized station + year,,as supplied,,7.6,,6.191096781956658,,,2.11,,,,,,3,,,,,,,,,,,,,,,,,,,,,,,2.11,9.222210193718892,75.12244934050979,0,75.12244934050979,6.191096781956658,235.09742436523834,0.319537525956909,6.191096781956658,33,,1999:chichi:TW:tcu101,1,
S04-R0053,Tf_Kamai(2014),53,CHICHI,1999,TCU102,TW:tcu102,24.247,120.728667,matched,S01,Taiwan database(NCREE)!H129:I129,region + normalized station + year,,as supplied,,7.6,,6.49381811870223,,,1.49,,,,,,3,,,,,,,,,,,,,,,,,,,,,,,1.49,29.51712430367033,76.14553314900152,0,76.14553314900152,6.49381811870223,235.09742436523834,0.3238892699679463,6.49381811870223,33,,1999:chichi:TW:tcu102,1,
S04-R0054,Tf_Kamai(2014),54,CHICHI,1999,TCU103,TW:tcu103,24.3075,120.715,matched,S01,Taiwan database(NCREE)!H130:I130,region + normalized station + year,,as supplied,,7.6,,9.936333683826096,,,6.08,,,,,,3,,,,,,,,,,,,,,,,,,,,,,,6.08,27.955202593124927,77.45163089586073,0,77.45163089586073,9.936333683826096,235.09742436523834,0.3294448295423894,9.936333683826096,33,,1999:chichi:TW:tcu103,1,
S04-R0055,Tf_Kamai(2014),55,CHICHI,1999,TCU104,TW:tcu104,24.244333,120.609167,matched,S01,Taiwan database(NCREE)!H131:I131,region + normalized station + year,,as supplied,,7.6,,6.072056198571203,,,12.87,,,,,,3,,,,,,,,,,,,,,,,,,,,,,,12.87,28.052541121445906,41.66015725355577,0,41.66015725355577,6.072056198571203,235.09742436523834,0.17720380121576382,,33,Tf_within_10km_s:NaN,1999:chichi:TW:tcu104,1,
S04-R0056,Tf_Kamai(2014),56,CHICHI,1999,TCU105,TW:tcu105,24.239,120.559,matched,S02,ROTD50_d050!CK1533:CL1533; RSN=1532,region + normalized station + year,,as supplied,,7.6,,4.684757995169411,,,17.16,,,,,,3,,,,,,,,,,,,,,,,,,,,,,,17.16,29.41563828078772,39.88634915872264,0,39.88634915872264,4.684757995169411,235.09742436523834,0.1696588096037868,,33,Tf_within_10km_s:NaN,1999:chichi:TW:tcu105,1,
S04-R0057,Tf_Kamai(2014),57,CHICHI,1999,TCU106,TW:tcu106,24.0833,120.5518,matched,S04,line 29,region + normalized station + year,,as supplied,,7.6,,8.555330903090066,,,14.97,,,,,,3,,,,,,,,,,,,,,,,,,,,,,,14.97,23.86913569803324,30.297602885148333,0,30.297602885148333,8.555330903090066,235.09742436523834,0.12887254280625013,,33,Tf_within_10km_s:NaN,1999:chichi:TW:tcu106,1,
S04-R0058,Tf_Kamai(2014),58,CHICHI,1999,TCU109,TW:tcu109,24.848,120.5713,matched,S04,line 25,region + normalized station + year,,as supplied,,7.6,,14.637468165835745,,,13.06,,,,,,3,,,,,,,,,,,,,,,,,,,,,,,13.06,22.242889808310878,63.708834500138295,0,63.708834500138295,14.637468165835745,235.09742436523834,0.2709890789835396,,33,Tf_within_10km_s:NaN,1999:chichi:TW:tcu109,1,
S04-R0059,Tf_Kamai(2014),59,CHICHI,1999,TCU110,TW:tcu110,23.9622,120.5695,matched,S02,ROTD50_d050!CK1537:CL1537; RSN=1536,region + normalized station + year,,as supplied,,7.6,,8.111276141903966,,,11.58,,,,,,3,,,,,,,,,,,,,,,,,,,,,,,11.58,21.678717776299422,39.228927746882896,0,39.228927746882896,8.111276141903966,235.09742436523834,0.1668624309806914,,33,Tf_within_10km_s:NaN,1999:chichi:TW:tcu110,1,
S04-R0060,Tf_Kamai(2014),60,CHICHI,1999,TCU116,TW:tcu116,23.8557,120.5888,matched,S01,Taiwan database(NCREE)!H70:I70,region + normalized station + year,,as supplied,,7.6,,5.95465341270611,,,12.38,,,,,,3,,,,,,,,,,,,,,,,,,,,,,,12.38,22.69416884323952,35.41730784967116,0,35.41730784967116,5.95465341270611,235.09742436523834,0.15064949326985475,,33,Tf_within_10km_s:NaN,1999:chichi:TW:tcu116,1,
S04-R0061,Tf_Kamai(2014),61,CHICHI,1999,TCU120,TW:tcu120,23.9803,120.613,matched,S04,line 13,region + normalized station + year,,as supplied,,7.6,,6.209163571927774,,,7.4,,,,,,3,,,,,,,,,,,,,,,,,,,,,,,7.4,23.15582044608983,41.50417106684644,0,41.50417106684644,6.209163571927774,235.09742436523834,0.17654030527517456,6.209163571927774,33,,1999:chichi:TW:tcu120,1,
S04-R0062,Tf_Kamai(2014),62,CHICHI,1999,TCU122,TW:tcu122,23.8128,120.6097,matched,S02,ROTD50_d050!CK1547:CL1547; RSN=1546,region + normalized station + year,,as supplied,,7.6,,5.071674836504909,,,9.34,,,,,,3,,,,,,,,,,,,,,,,,,,,,,,9.34,24.083462411205893,55.22246996075304,0,55.22246996075304,5.071674836504909,235.09742436523834,0.234891854344442,5.071674836504909,33,,1999:chichi:TW:tcu122,1,
S04-R0063,Tf_Kamai(2014),63,CHICHI,1999,TCU123,TW:tcu123,24.0187,120.5437,matched,S04,line 19,region + normalized station + year,,as supplied,,7.6,,9.605218805900451,,,14.91,,,,,,3,,,,,,,,,,,,,,,,,,,,,,,14.91,23.64203061605496,55.96066774755144,0,55.96066774755144,9.605218805900451,235.09742436523834,0.23803181978128818,,33,Tf_within_10km_s:NaN,1999:chichi:TW:tcu123,1,
S04-R0064,Tf_Kamai(2014),64,CHICHI,1999,TCU128,TW:tcu128,24.4145,120.769667,matched,S01,Taiwan database(NCREE)!H132:I132,region + normalized station + year,,as supplied,,7.6,,6.220803616918414,,,13.13,,,,,,3,,,,,,,,,,,,,,,,,,,,,,,10.61,31.705312573118093,48.004766199380114,0,48.004766199380114,6.220803616918414,235.09742436523834,0.20419094904588045,,33,Tf_within_10km_s:NaN,1999:chichi:TW:tcu128,1,
S04-R0065,Tf_Kamai(2014),65,CHICHI,1999,TCU129,TW:tcu129,23.8765,120.6925,matched,S01,Taiwan database(NCREE)!H133:I133,region + normalized station + year,,as supplied,,7.6,,3.9127143846853842,,,1.83,,,,,,3,,,,,,,,,,,,,,,,,,,,,,,1.83,24.655361260237722,119.19500517716808,0,119.19500517716808,3.9127143846853842,235.09742436523834,0.5070025990246124,3.9127143846853842,33,,1999:chichi:TW:tcu129,1,
S04-R0066,Tf_Kamai(2014),66,CHICHI,1999,TCU136,TW:tcu136,24.258333,120.658667,matched,S01,Taiwan database(NCREE)!H135:I135,region + normalized station + year,,as supplied,,7.6,,3.4642289625664895,,,8.27,,,,,,3,,,,,,,,,,,,,,,,,,,,,,,8.27,29.54311606649354,24.005872810535912,1,,,235.09742436523834,,3.4642289625664895,33,"Dsite_after_flag:NaN, Tf_after_flag_s:NaN",1999:chichi:TW:tcu136,1,normalized_Dsite = #VALUE!
S04-R0067,Tf_Kamai(2014),67,CHICHI,1999,TCU138,TW:tcu138,23.9205,120.602833,matched,S01,Taiwan database(NCREE)!H71:I71,region + normalized station + year,,as supplied,,7.6,,7.2965998921528294,,,9.78,,,,,,3,,,,,,,,,,,,,,,,,,,,,,,9.78,23.05454983597374,61.44855759330006,0,61.44855759330006,7.2965998921528294,235.09742436523834,0.2613748651615848,7.2965998921528294,33,,1999:chichi:TW:tcu138,1,
S04-R0068,Tf_Kamai(2014),68,KOCAELI,1999,IZT,TR:izt,40.79,29.96,matched,S01,Taiwan database(NCREE)!H166:I166; alias izt=Izmit (S11),region + normalized station + year,,as supplied,,7.5,,2.514347609604159,,,7.21,,,,,,0,,,,,,,,,,,,,,,,,,,,,,,7.34,2.4612069771744847,45.32916692674124,0,45.32916692674124,2.514347609604159,209.55788459887077,0.21630857275310317,2.514347609604159,80,,1999:kocaeli:TR:izt,1,
S04-R0069,Tf_Kamai(2014),69,KOCAELI,1999,SKR,TR:skr,40.737,30.384,matched,S02,ROTD50_d050!CK1172:CL1172; RSN=1171; alias skr=Sakarya (S11),region + normalized station + year,,as supplied,,7.5,,5.176462077527931,,,3.12,,,,,,0,,,,,,,,,,,,,,,,,,,,,,,3.17,31.110382054098125,247.91995393370794,0,247.91995393370794,5.176462077527931,209.55788459887077,1.1830619230016979,5.176462077527931,80,,1999:kocaeli:TR:skr,1,
S04-R0070,Tf_Kamai(2014),70,KOCAELI,1999,YPT,TR:ypt,40.7644,29.762,matched,S01,Taiwan database(NCREE)!H167:I167; alias ypt=Yarimca (S11),region + normalized station + year,,as supplied,,7.5,,9.837112025895426,,,4.83,,,,,,0,,,,,,,,,,,,,,,,,,,,,,,4.91,5.332343963288787,182.90364111092762,0,182.90364111092762,9.837112025895426,209.55788459887077,0.8728072506602943,9.837112025895426,80,,1999:kocaeli:TR:ypt,1,
S04-R0071,Tf_Kamai(2014),71,LANDERS,1992,LCNWI,US:lcnwi,,,unresolved,,,,未找到可確定對應的座標。,as supplied,,7.3,,5.595879225760249,,,2.2,,,,,,0,,,,,,,,,,,,,,,,,,,,,,,2.2,5.865844065206089,189.27290108089576,0,189.27290108089576,5.595879225760249,166.50078098331866,1.136768848548876,5.595879225760249,90,,1992:landers:US:lcnwi,1,
S04-R0072,Tf_Kamai(2014),72,DUZCE,1999,375,TR:375,40.743,30.876,matched,S02,ROTD50_d050 row 1618; Station ID=375,region + normalized station + year,,as supplied,,7.1,,1.2426564451132787,,,3.93,,,,,,0,,,,,,,,,,,,,,,,,,,,,,,1.46,15.42286606823256,8.711962605299691,0,8.711962605299691,1.2426564451132787,132.29046533429474,0.06585480354373822,1.2426564451132787,65,,1999:duzce:TR:375,1,
S04-R0073,Tf_Kamai(2014),73,DUZCE,1999,531,TR:531,40.703,30.855,matched,S02,ROTD50_d050 row 1619; Station ID=531,region + normalized station + year,,as supplied,,7.1,,6.677719081881591,,,8.03,,,,,,0,,,,,,,,,,,,,,,,,,,,,,,5.9,13.461373980172695,16.10730604658743,0,16.10730604658743,6.677719081881591,132.29046533429474,0.1217571198792344,6.677719081881591,65,,1999:duzce:TR:531,1,
S04-R0074,Tf_Kamai(2014),74,DUZCE,1999,1058,TR:1058,40.755,31.015,matched,S02,ROTD50_d050 row 1612; Station ID=1058,region + normalized station + year,,as supplied,,7.1,,6.549609415231774,,,0.21,,,,,,0,,,,,,,,,,,,,,,,,,,,,,,0.21,11.870448416372685,35.62735804888731,0,35.62735804888731,6.549609415231774,132.29046533429474,0.269311608806106,6.549609415231774,65,,1999:duzce:TR:1058,1,
S04-R0075,Tf_Kamai(2014),75,DUZCE,1999,1059,TR:1059,40.745,30.872,matched,S02,ROTD50_d050 row 1613; Station ID=1059,region + normalized station + year,,as supplied,,7.1,,2.4323860673947864,,,4.17,,,,,,0,,,,,,,,,,,,,,,,,,,,,,,1.23,14.952379956176475,13.532442275632864,0,13.532442275632864,2.4323860673947864,132.29046533429474,0.10229340596419187,2.4323860673947864,65,,1999:duzce:TR:1059,1,
S04-R0076,Tf_Kamai(2014),76,DUZCE,1999,1061,TR:1061,40.72,30.792,matched,S02,ROTD50_d050 row 1615; Station ID=1061,region + normalized station + year,,as supplied,,7.1,,3.8172512640855665,,,11.46,,,,,,0,,,,,,,,,,,,,,,,,,,,,,,3.96,16.49771055501386,12.791559177450683,0,12.791559177450683,3.8172512640855665,132.29046533429474,0.096692978931828,3.8172512640855665,65,,1999:duzce:TR:1061,1,
S04-R0077,Tf_Kamai(2014),77,DUZCE,1999,1062,TR:1062,40.723,30.82,matched,S02,ROTD50_d050 row 1616; Station ID=1062,region + normalized station + year,,as supplied,,7.1,,4.403839646051818,,,9.14,,,,,,0,,,,,,,,,,,,,,,,,,,,,,,3.64,15.723849834448062,13.968265608819243,0,13.968265608819243,4.403839646051818,132.29046533429474,0.10558784847813318,4.403839646051818,65,,1999:duzce:TR:1062,1,
S04-R0078,Tf_Kamai(2014),78,DUZCE,1999,BOL,TR:bol,40.745,31.61,matched,S01,Taiwan database(NCREE)!H156:I156; alias bol=Bolu (S11),region + normalized station + year,,as supplied,,7.1,,10.509307869757615,,,12.04,,,,,,0,,,,,,,,,,,,,,,,,,,,,,,0.64,3.1053925372222473,11.131903226425726,0,11.131903226425726,10.509307869757615,132.29046533429474,0.0841474341956216,10.509307869757615,65,,1999:duzce:TR:bol,1,
S04-R0079,Tf_Kamai(2014),79,DUZCE,1999,DZC,TR:dzc,40.844,31.149,matched,S02,ROTD50_d050!CK1159:CL1159; RSN=1158; alias dzc=Duzce (S11),region + normalized station + year,,as supplied,,7.1,,2.725484295166064,,,6.58,,,,,,0,,,,,,,,,,,,,,,,,,,,,,,7.27,0.877199221947832,57.21606462626551,0,57.21606462626551,2.725484295166064,132.29046533429474,0.4325033136869081,2.725484295166064,65,,1999:duzce:TR:dzc,1,
S04-R0080,Tf_Kamai(2014),80,DARFIELD,2010,GDLC,NZ:gdlc,-43.588,172.0893,matched,S01,Taiwan database(NCREE)!H227:I227,region + normalized station + year,,as supplied,,7,,3.428376384896688,,,1.22,,,,,,0,,,,,,,,,,,,,,,,,,,,,,,1.22,9.23659283014184,153.96193979382227,0,153.96193979382227,3.428376384896688,117.91924196067062,1.30565577961545,3.428376384896688,82.2,,2010:darfield:NZ:gdlc,2,
S04-R0081,Tf_Kamai(2014),81,DARFIELD,2010,ROLC,NZ:rolc,-43.5945,172.381,matched,S01,Taiwan database(NCREE)!H233:I233,region + normalized station + year,,as supplied,,7,,0.724526320292431,,,1.54,,,,,,0,,,,,,,,,,,,,,,,,,,,,,,1.56,13.536976626221822,33.86572292062483,0,33.86572292062483,0.724526320292431,117.91924196067062,0.28719420475854146,0.724526320292431,82.2,,2010:darfield:NZ:rolc,2,
S04-R0082,Tf_Kamai(2014),82,L-AQUILA,2009,AM043,IT:am043,42.345,13.401,matched,S01,Taiwan database(NCREE)!H219:I219; alias am043=L'Aquila - Parking (S12),region + normalized station + year,,as supplied,,6.3,,0.06987791230110472,,,5.4,,,,,,1,,,,,,,,,,,,,,,,,,,,,,,6.51,3.3628894623767764,0.5081008538191322,1,,,52.72026938964728,,0.06987791230110472,48,"Dsite_after_flag:NaN, Tf_after_flag_s:NaN",2009:laquila:IT:am043,1,normalized_Dsite = #VALUE!
S04-R0083,Tf_Kamai(2014),83,L-AQUILA,2009,CU104,IT:cu104,42.376,13.339,matched,S01,Taiwan database(NCREE)!H221:I221; alias cu104=L'Aquila - V. Aterno -F. Aterno (S12),region + normalized station + year,,as supplied,,6.3,,1.2545530918930554,,,6.55,,,,,,1,,,,,,,,,,,,,,,,,,,,,,,8.1,4.875175953891363,4.485553000199397,0,4.485553000199397,1.2545530918930554,52.72026938964728,0.08508213353477721,1.2545530918930554,48,,2009:laquila:IT:cu104,1,
S04-R0084,Tf_Kamai(2014),84,L-AQUILA,2009,FA030,IT:fa030,42.373,13.337,matched,S02,ROTD50_d050!CK4482:CL4482; RSN=4481; alias fa030=L'Aquila - V. Aterno -Colle Grilli (S12),region + normalized station + year,,as supplied,,6.3,,1.5287285321215958,,,6.81,,,,,,1,,,,,,,,,,,,,,,,,,,,,,,8.44,2.523057961381807,5.809215627770749,0,5.809215627770749,1.5287285321215958,52.72026938964728,0.11018941471705586,1.5287285321215958,48,,2009:laquila:IT:fa030,1,
S04-R0085,Tf_Kamai(2014),85,L-AQUILA,2009,GX066,IT:gx066,42.377,13.344,matched,S01,Taiwan database(NCREE)!H220:I220; alias gx066=L'Aquila - V. Aterno - Centro Valle (S12),region + normalized station + year,,as supplied,,6.3,,7.74619104195693,,,6.27,,,,,,1,,,,,,,,,,,,,,,,,,,,,,,7.71,0.8807857624745336,3.8285714265775233,0,3.8285714265775233,7.74619104195693,52.72026938964728,0.07262048299262566,7.74619104195693,48,,2009:laquila:IT:gx066,1,
S05-R0002,Yen(2022),2,Kumamoto,2016,93002,JP:93002,32.968,131.046,matched,S03,line 96,region + normalized station + year,,as supplied,,7,11.16,,62.24,,8.3,37.7,348.43,36.56999999999999,,,,,,,,,,,,,,,,,,,,,,,,,,,,,,,,,,,,,2016:kumamoto:JP:93002,1,
S05-R0003,Yen(2022),3,Kumamoto,2016,93009,JP:93009,32.822,131.084,matched,S03,line 101,region + normalized station + year,,as supplied,,7,4.28,,70.43,,10.3,33.4,17.76,7.239999999999998,,,,,,,,,,,,,,,,,,,,,,,,,,,,,,,,,,,,,2016:kumamoto:JP:93009,1,
S05-R0004,Yen(2022),4,Kumamoto,2016,93010,JP:93010,32.819,131.034,matched,S03,line 102,region + normalized station + year,,as supplied,,7,4.28,,44.94,,8.1,29.2,21.8,3.1999999999999993,,,,,,,,,,,,,,,,,,,,,,,,,,,,,,,,,,,,,2016:kumamoto:JP:93010,1,
S05-R0005,Yen(2022),5,Kumamoto,2016,93011,JP:93011,32.856,131.003,matched,S03,line 103,region + normalized station + year,,as supplied,,7,3.08,,93.36,,3.4,28.1,356.27,28.730000000000018,,,,,,,,,,,,,,,,,,,,,,,,,,,,,,,,,,,,,2016:kumamoto:JP:93011,1,
S05-R0006,Yen(2022),6,Kumamoto,2016,93020,JP:93020,32.643,130.671,matched,S03,line 65,region + normalized station + year,,as supplied,,7,1.16,,69.27,,12.5,19.6,334.43,50.56999999999999,,,,,,,,,,,,,,,,,,,,,,,,,,,,,,,,,,,,,2016:kumamoto:JP:93020,1,
S05-R0007,Yen(2022),7,Kumamoto,2016,93025,JP:93025,32.636,130.752,matched,S03,line 68,region + normalized station + year,,as supplied,,7,2.03,,87.6,,8.6,18.1,5.19,19.81,,,,,,,,,,,,,,,,,,,,,,,,,,,,,,,,,,,,,2016:kumamoto:JP:93025,1,
S05-R0008,Yen(2022),8,Kumamoto,2016,93029,JP:93029,32.874,130.558,matched,S03,line 108,region + normalized station + year,,as supplied,,7,1.88,,53.31,,25,26.5,353.49,31.50999999999999,,,,,,,,,,,,,,,,,,,,,,,,,,,,,,,,,,,,,2016:kumamoto:JP:93029,1,
S05-R0009,Yen(2022),9,Kumamoto,2016,93030,JP:93030,32.861,130.595,matched,S03,line 109,region + normalized station + year,,as supplied,,7,2,,68.8,,21.5,23.3,349.16,35.839999999999975,,,,,,,,,,,,,,,,,,,,,,,,,,,,,,,,,,,,,2016:kumamoto:JP:93030,1,
S05-R0010,Yen(2022),10,Kumamoto,2016,93041,JP:93041,32.966,130.767,matched,S03,line 118,region + normalized station + year,,as supplied,,7,3.23,,46.52,,18.7,26.6,64.35,39.349999999999994,,,,,,,,,,,,,,,,,,,,,,,,,,,,,,,,,,,,,2016:kumamoto:JP:93041,1,
S05-R0011,Yen(2022),11,Kumamoto,2016,93042,JP:93042,32.943,130.858,matched,S03,line 119,region + normalized station + year,,as supplied,,7,1.79,,126.79,,12.5,25.9,10.94,14.06,,,,,,,,,,,,,,,,,,,,,,,,,,,,,,,,,,,,,2016:kumamoto:JP:93042,1,
S05-R0012,Yen(2022),12,Kumamoto,2016,93044,JP:93044,32.859,130.831,matched,S03,line 71,region + normalized station + year,,as supplied,,7,2.65,,59.56,,6.8,18.2,54.03,29.03,,,,,,,,,,,,,,,,,,,,,,,,,,,,,,,,,,,,,2016:kumamoto:JP:93044,1,
S05-R0013,Yen(2022),13,Kumamoto,2016,93048,JP:93048,32.831,130.905,matched,S03,line 74,region + normalized station + year,,as supplied,,7,3.57,,150.14,,2.1,20.1,82.09,57.09,,,,,,,,,,,,,,,,,,,,,,,,,,,,,,,,,,,,,2016:kumamoto:JP:93048,1,
S05-R0014,Yen(2022),14,Kumamoto,2016,93051,JP:93051,32.788,130.819,matched,S03,line 77,region + normalized station + year,,as supplied,,7,1.48,,171.99,,2.2,14,66.6,41.599999999999994,,,,,,,,,,,,,,,,,,,,,,,,,,,,,,,,,,,,,2016:kumamoto:JP:93051,1,
S05-R0015,Yen(2022),15,Kumamoto,2016,93055,JP:93055,32.531,130.635,matched,S03,line 122,region + normalized station + year,,as supplied,,7,1.82,,40.2,,23.9,30.3,304.65,80.35000000000002,,,,,,,,,,,,,,,,,,,,,,,,,,,,,,,,,,,,,2016:kumamoto:JP:93055,1,
S05-R0016,Yen(2022),16,Kumamoto,2016,93056,JP:93056,32.559,130.651,matched,S03,line 123,region + normalized station + year,,as supplied,,7,1.44,,52.35,,20.5,27.2,332.62,52.379999999999995,,,,,,,,,,,,,,,,,,,,,,,,,,,,,,,,,,,,,2016:kumamoto:JP:93056,1,
S05-R0017,Yen(2022),17,Kumamoto,2016,93057,JP:93057,32.579,130.676,matched,S03,line 124,region + normalized station + year,,as supplied,,7,1.78,,65.51,,17.3,24.5,315.93,69.07,,,,,,,,,,,,,,,,,,,,,,,,,,,,,,,,,,,,,2016:kumamoto:JP:93057,1,
S05-R0018,Yen(2022),18,Kumamoto,2016,93096,JP:93096,32.876,130.871,matched,S03,line 79,region + normalized station + year,,as supplied,,7,3.05,,75.62,,6.3,21,340.24,44.75999999999999,,,,,,,,,,,,,,,,,,,,,,,,,,,,,,,,,,,,,2016:kumamoto:JP:93096,1,
S05-R0019,Yen(2022),19,Kumamoto,2016,9CF,JP:9cf,32.648,130.684,matched,S03,line 149,region + normalized station + year,,as supplied,,7,1.55,,78.28,,11.2,18.7,346.94,38.06,,,,,,,,,,,,,,,,,,,,,,,,,,,,,,,,,,,,,2016:kumamoto:JP:9cf,1,
S05-R0020,Yen(2022),20,Kumamoto,2016,EED,JP:eed,32.88,131.074,matched,S03,line 157,region + normalized station + year,,as supplied,,7,5.82,,65.76,,5.5,34.6,86.27,61.269999999999996,,,,,,,,,,,,,,,,,,,,,,,,,,,,,,,,,,,,,2016:kumamoto:JP:eed,1,
S05-R0021,Yen(2022),21,Kumamoto,2016,KMM004,JP:kmm004,32.932,131.1214,matched,S01,Taiwan database(NCREE)!H282:I282,region + normalized station + year,,as supplied,,7,3.98,,81.15,,10.1,40.9,317.59000000000003,67.40999999999997,,,,,,,,,,,,,,,,,,,,,,,,,,,,,,,,,,,,,2016:kumamoto:JP:kmm004,1,
S05-R0022,Yen(2022),22,Kumamoto,2016,KMM005,JP:kmm005,32.8761,130.8774,matched,S01,Taiwan database(NCREE)!H283:I283,region + normalized station + year,,as supplied,,7,2.9,,60.55,,6,21.2,314.27,70.73000000000002,,,,,,,,,,,,,,,,,,,,,,,,,,,,,,,,,,,,,2016:kumamoto:JP:kmm005,1,
S05-R0023,Yen(2022),23,Kumamoto,2016,KMM006,JP:kmm006,32.7934,130.7772,matched,S01,Taiwan database(NCREE)!H284:I284,region + normalized station + year,,as supplied,,7,2.03,,80,,4.2,13.2,56.96,31.96,,,,,,,,,,,,,,,,,,,,,,,,,,,,,,,,,,,,,2016:kumamoto:JP:kmm006,1,
S05-R0024,Yen(2022),24,Kumamoto,2016,KMM007,JP:kmm007,32.8267,131.1226,matched,S01,Taiwan database(NCREE)!H285:I285,region + normalized station + year,,as supplied,,7,5.45,,34.46,,12.4,36.9,18.71,6.289999999999999,,,,,,,,,,,,,,,,,,,,,,,,,,,,,,,,,,,,,2016:kumamoto:JP:kmm007,1,
S05-R0025,Yen(2022),25,Kumamoto,2016,KMMH03,JP:kmmh03,32.998,130.83,matched,S03,line 27,region + normalized station + year,,as supplied,,7,1.29,,76.84,,18.4,30.4,6.67,18.33,,,,,,,,,,,,,,,,,,,,,,,,,,,,,,,,,,,,,2016:kumamoto:JP:kmmh03,1,
S05-R0026,Yen(2022),26,Kumamoto,2016,KMMH04,JP:kmmh04,32.951,131.02,matched,S03,line 28,region + normalized station + year,,as supplied,,7,10.07,,127.93,,6.2,34.8,317.59000000000003,67.40999999999997,,,,,,,,,,,,,,,,,,,,,,,,,,,,,,,,,,,,,2016:kumamoto:JP:kmmh04,1,
S05-R0027,Yen(2022),27,Meinong,2016,CHY020,TW:chy020,23.102333,120.158333,matched,S01,Taiwan database(NCREE)!H292:I292,region + normalized station + year,,as supplied,,6.4,2.39,,50.95,,28.4,46.6,274.2,20.80000000000001,,,,,,,,,,,,,,,,,,,,,,,,,,,,,,,,,,,,,2016:meinong:TW:chy020,1,
S05-R0028,Yen(2022),28,Meinong,2016,CHY058,TW:chy058,23.17133,120.3272,matched,S01,Taiwan database(NCREE)!H298:I298,region + normalized station + year,,as supplied,,6.4,2.13,,53.18,,23.6,38.3,345.14,50.139999999999986,,,,,,,,,,,,,,,,,,,,,,,,,,,,,,,,,,,,,2016:meinong:TW:chy058,1,
S05-R0029,Yen(2022),29,Meinong,2016,CHY060,TW:chy060,23.1235,120.2458,matched,S01,Taiwan database(NCREE)!H299:I299,region + normalized station + year,,as supplied,,6.4,1.78,,57.55,,24,40.6,288.05,6.949999999999989,,,,,,,,,,,,,,,,,,,,,,,,,,,,,,,,,,,,,2016:meinong:TW:chy060,1,
S05-R0030,Yen(2022),30,Meinong,2016,CHY062,TW:chy062,23.1215,120.459,matched,S01,Taiwan database(NCREE)!H300:I300,region + normalized station + year,,as supplied,,6.4,0.9,,40.06,,21.6,28.2,319.65999999999997,24.659999999999968,,,,,,,,,,,,,,,,,,,,,,,,,,,,,,,,,,,,,2016:meinong:TW:chy062,1,
S05-R0031,Yen(2022),31,Meinong,2016,CHY063,TW:chy063,23.02583,120.3495,matched,S01,Taiwan database(NCREE)!H301:I301,region + normalized station + year,,as supplied,,6.4,1.43,,71.18,,16.6,27.8,290.6,4.399999999999977,,,,,,,,,,,,,,,,,,,,,,,,,,,,,,,,,,,,,2016:meinong:TW:chy063,1,
S05-R0032,Yen(2022),32,Meinong,2016,CHY067,TW:chy067,22.99733,120.1923,matched,S01,Taiwan database(NCREE)!H303:I303,region + normalized station + year,,as supplied,,6.4,2.61,,42.77,,21.4,40.1,83,32,,,,,,,,,,,,,,,,,,,,,,,,,,,,,,,,,,,,,2016:meinong:TW:chy067,1,
S05-R0033,Yen(2022),33,Meinong,2016,CHY069,TW:chy069,22.97317,120.1897,matched,S01,Taiwan database(NCREE)!H305:I305,region + normalized station + year,,as supplied,,6.4,2.01,,51.2,,20.5,39.9,287.04,7.9599999999999795,,,,,,,,,,,,,,,,,,,,,,,,,,,,,,,,,,,,,2016:meinong:TW:chy069,1,
S05-R0034,Yen(2022),34,Meinong,2016,CHY070,TW:chy070,22.96383,120.2363,matched,S01,Taiwan database(NCREE)!H306:I306,region + normalized station + year,,as supplied,,6.4,1.65,,58.63,,17,35.6,270.24,24.75999999999999,,,,,,,,,,,,,,,,,,,,,,,,,,,,,,,,,,,,,2016:meinong:TW:chy070,1,
S05-R0035,Yen(2022),35,Meinong,2016,CHY071,TW:chy071,23.063,120.1728,matched,S01,Taiwan database(NCREE)!H307:I307,region + normalized station + year,,as supplied,,6.4,2.34,,50.54,,25.6,43.8,287.74,7.259999999999991,,,,,,,,,,,,,,,,,,,,,,,,,,,,,,,,,,,,,2016:meinong:TW:chy071,1,
S05-R0036,Yen(2022),36,Meinong,2016,CHY085,TW:chy085,22.99333,120.2047,matched,S01,Taiwan database(NCREE)!H309:I309,region + normalized station + year,,as supplied,,6.4,1.13,,39.84,,20.4,38.9,70.7,44.3,,,,,,,,,,,,,,,,,,,,,,,,,,,,,,,,,,,,,2016:meinong:TW:chy085,1,
S05-R0037,Yen(2022),37,Meinong,2016,CHY089,TW:chy089,23.07533,120.364,matched,S01,Taiwan database(NCREE)!H310:I310,region + normalized station + year,,as supplied,,6.4,2.59,,61.76,,18.9,29.4,13.47,78,,,,,,,,,,,,,,,,,,,,,,,,,,,,,,,,,,,,,2016:meinong:TW:chy089,1,
S05-R0038,Yen(2022),38,Meinong,2016,CHY097,TW:chy097,23.009,120.2115,matched,S01,Taiwan database(NCREE)!H311:I311,region + normalized station + year,,as supplied,,6.4,1.51,,37.69,,20.6,38.6,72.76,42.239999999999995,,,,,,,,,,,,,,,,,,,,,,,,,,,,,,,,,,,,,2016:meinong:TW:chy097,1,
S05-R0039,Yen(2022),39,Meinong,2016,CHY098,TW:chy098,23.00067,120.1662,matched,S01,Taiwan database(NCREE)!H312:I312,region + normalized station + year,,as supplied,,6.4,3.2,,51.05,,23.5,42.6,280.65999999999997,14.340000000000032,,,,,,,,,,,,,,,,,,,,,,,,,,,,,,,,,,,,,2016:meinong:TW:chy098,1,
S05-R0040,Yen(2022),40,Meinong,2016,CHY115,TW:chy115,23.147,120.0858,matched,S01,Taiwan database(NCREE)!H315:I315,region + normalized station + year,,as supplied,,6.4,2.34,,34.47,,35.7,55,274.55,20.44999999999999,,,,,,,,,,,,,,,,,,,,,,,,,,,,,,,,,,,,,2016:meinong:TW:chy115,1,
S05-R0041,Yen(2022),41,Meinong,2016,CHY116,TW:chy116,23.07683,120.1168,matched,S01,Taiwan database(NCREE)!H316:I316,region + normalized station + year,,as supplied,,6.4,2.35,,45.48,,30.4,49.3,320,25,,,,,,,,,,,,,,,,,,,,,,,,,,,,,,,,,,,,,2016:meinong:TW:chy116,1,
S05-R0042,Yen(2022),42,Meinong,2016,CHY125,TW:chy125,22.99217,120.1668,matched,S01,Taiwan database(NCREE)!H317:I317,region + normalized station + year,,as supplied,,6.4,2.93,,51.42,,23,42.3,277.38,17.620000000000005,,,,,,,,,,,,,,,,,,,,,,,,,,,,,,,,,,,,,2016:meinong:TW:chy125,1,
S05-R0043,Yen(2022),43,Meinong,2016,CHY131,TW:chy131,23.11967,120.3613,matched,S01,Taiwan database(NCREE)!H318:I318,region + normalized station + year,,as supplied,,6.4,1.85,,57.83,,20.9,32.5,5.55,70.55,,,,,,,,,,,,,,,,,,,,,,,,,,,,,,,,,,,,,2016:meinong:TW:chy131,1,
S05-R0044,Yen(2022),44,Meinong,2016,TRB029,TW:trb029,23.13708,120.30697,matched,S01,Taiwan database(NCREE)!H321:I321,region + normalized station + year,,as supplied,,6.4,2.29,,66.48,,22.4,37.1,347.52,52.51999999999998,,,,,,,,,,,,,,,,,,,,,,,,,,,,,,,,,,,,,2016:meinong:TW:trb029,1,
S05-R0045,Yen(2022),45,Hualien,2018,HWA007,TW:hwa007,23.9865,121.626167,matched,S01,Taiwan database(NCREE)!H322:I322,region + normalized station + year,,as supplied,,6.4,3.95,,80.92,,2.3,19.6,82.8,46.8,,,,,,,,,,,,,,,,,,,,,,,,,,,,,,,,,,,,,2018:hualien:TW:hwa007,1,
S05-R0046,Yen(2022),46,Hualien,2018,HWA008,TW:hwa008,23.987333,121.603,matched,S01,Taiwan database(NCREE)!H323:I323,region + normalized station + year,,as supplied,,6.4,3.28,,93.73,,2.1,20,271.53,55.52999999999997,,,,,,,,,,,,,,,,,,,,,,,,,,,,,,,,,,,,,2018:hualien:TW:hwa008,1,
S05-R0047,Yen(2022),47,Hualien,2018,HWA009,TW:hwa009,23.990333,121.622333,matched,S01,Taiwan database(NCREE)!H324:I324,region + normalized station + year,,as supplied,,6.4,4.14,,96.34,,2.2,19.3,282.46,66.45999999999998,,,,,,,,,,,,,,,,,,,,,,,,,,,,,,,,,,,,,2018:hualien:TW:hwa009,1,
S05-R0048,Yen(2022),48,Hualien,2018,HWA010,TW:hwa010,23.978333,121.602667,matched,S01,Taiwan database(NCREE)!H325:I325,region + normalized station + year,,as supplied,,6.4,3.27,,125.14,,2.1,20.9,82.07,46.06999999999999,,,,,,,,,,,,,,,,,,,,,,,,,,,,,,,,,,,,,2018:hualien:TW:hwa010,1,
S05-R0049,Yen(2022),49,Hualien,2018,HWA011,TW:hwa011,23.995333,121.594833,matched,S01,Taiwan database(NCREE)!H326:I326,region + normalized station + year,,as supplied,,6.4,3.83,,87.95,,3,19.6,4.11,31.89,,,,,,,,,,,,,,,,,,,,,,,,,,,,,,,,,,,,,2018:hualien:TW:hwa011,1,
S05-R0050,Yen(2022),50,Hualien,2018,HWA012,TW:hwa012,23.992,121.631333,matched,S01,Taiwan database(NCREE)!H327:I327,region + normalized station + year,,as supplied,,6.4,4.54,,68.81,,2.7,19,81.19,45.19,,,,,,,,,,,,,,,,,,,,,,,,,,,,,,,,,,,,,2018:hualien:TW:hwa012,1,
S05-R0051,Yen(2022),51,Hualien,2018,HWA013,TW:hwa013,23.9755,121.5985,matched,S01,Taiwan database(NCREE)!H328:I328,region + normalized station + year,,as supplied,,6.4,2.72,,110.63,,2.3,21.2,65.87,29.870000000000005,,,,,,,,,,,,,,,,,,,,,,,,,,,,,,,,,,,,,2018:hualien:TW:hwa013,1,
S05-R0052,Yen(2022),52,Hualien,2018,HWA014,TW:hwa014,23.971167,121.605667,matched,S01,Taiwan database(NCREE)!H329:I329,region + normalized station + year,,as supplied,,6.4,3.64,,142.75,,2.2,21.4,275.54,59.54000000000002,,,,,,,,,,,,,,,,,,,,,,,,,,,,,,,,,,,,,2018:hualien:TW:hwa014,1,
S05-R0053,Yen(2022),53,Hualien,2018,HWA019,TW:hwa019,23.975,121.6135,matched,S01,Taiwan database(NCREE)!H333:I333,region + normalized station + year,,as supplied,,6.4,3.32,,144.08,,1.9,20.9,286.64,70.63999999999999,,,,,,,,,,,,,,,,,,,,,,,,,,,,,,,,,,,,,2018:hualien:TW:hwa019,1,
S05-R0054,Yen(2022),54,Hualien,2018,HWA028,TW:hwa028,24.014333,121.6095,matched,S01,Taiwan database(NCREE)!H334:I334,region + normalized station + year,,as supplied,,6.4,3.95,,56.39,,2.6,28,22.61,13.39,,,,,,,,,,,,,,,,,,,,,,,,,,,,,,,,,,,,,2018:hualien:TW:hwa028,1,
S05-R0055,Yen(2022),55,Hualien,2018,HWA050,TW:hwa050,23.987833,121.590833,matched,S01,Taiwan database(NCREE)!H335:I335,region + normalized station + year,,as supplied,,6.4,2.29,,85.76,,2.9,20.3,35.12,0.8800000000000026,,,,,,,,,,,,,,,,,,,,,,,,,,,,,,,,,,,,,2018:hualien:TW:hwa050,1,
S05-R0056,Yen(2022),56,Hualien,2018,HWA062,TW:hwa062,23.979667,121.619833,matched,S01,Taiwan database(NCREE)!H337:I337,region + normalized station + year,,as supplied,,6.4,3.58,,93.29,,1.9,20.6,73.91,37.91,,,,,,,,,,,,,,,,,,,,,,,,,,,,,,,,,,,,,2018:hualien:TW:hwa062,1,
S05-R0057,Yen(2022),57,Hualien,2018,HWA063,TW:hwa063,23.9935,121.593,matched,S01,Taiwan database(NCREE)!H338:I338,region + normalized station + year,,as supplied,,6.4,2.33,,85.55,,3,18.9,8.35,27.65,,,,,,,,,,,,,,,,,,,,,,,,,,,,,,,,,,,,,2018:hualien:TW:hwa063,1,
S05-R0058,Yen(2022),58,Hualien,2018,TRB042,TW:trb042,24.0003,121.6038,matched,S01,Taiwan database(NCREE)!H341:I341,region + normalized station + year,,as supplied,,6.4,3.19,,72.47,,2.8,16.93,329.53,66.47000000000003,,,,,,,,,,,,,,,,,,,,,,,,,,,,,,,,,,,,,2018:hualien:TW:trb042,1,
S05-R0059,Yen(2022),59,Darfield,2010,DSLC,NZ:dslc,-43.6692,172.1978,matched,S01,Taiwan database(NCREE)!H226:I226,region + normalized station + year,,as supplied,,7.02,7.77,,65.57,,8.5,17.9,44.05,40.95,,,,,,,,,,,,,,,,,,,,,,,,,,,,,,,,,,,,,2010:darfield:NZ:dslc,1,
S05-R0060,Yen(2022),60,Darfield,2010,GDLC,NZ:gdlc,-43.588,172.0893,matched,S01,Taiwan database(NCREE)!H227:I227,region + normalized station + year,,as supplied,,7.02,2.25,,141.03,,2.5,12,74.12,10.879999999999995,,,,,,,,,,,,,,,,,,,,,,,,,,,,,,,,,,,,,2010:darfield:NZ:gdlc,2,
S05-R0061,Yen(2022),61,Darfield,2010,HORC,NZ:horc,-43.5413,171.9598,matched,S01,Taiwan database(NCREE)!H228:I228,region + normalized station + year,,as supplied,,7.02,2.69,,99.49,,7.8,15,19.34,65.66,,,,,,,,,,,,,,,,,,,,,,,,,,,,,,,,,,,,,2010:darfield:NZ:horc,1,
S05-R0062,Yen(2022),62,Darfield,2010,LINC,NZ:linc,-43.6248,172.4679,matched,S01,Taiwan database(NCREE)!H229:I229,region + normalized station + year,,as supplied,,7.02,7.15,,114.49,,5.7,36.3,5.9,79.1,,,,,,,,,,,,,,,,,,,,,,,,,,,,,,,,,,,,,2010:darfield:NZ:linc,1,
S05-R0063,Yen(2022),63,Darfield,2010,NNBS,NZ:nnbs,-43.4971,172.7179,matched,S02,ROTD50_d050 row 6942; Station ID=NNBS,region + normalized station + year,,as supplied,,7.02,10.67,,54.61,,15.1,57.5,333.28,68.27999999999997,,,,,,,,,,,,,,,,,,,,,,,,,,,,,,,,,,,,,2010:darfield:NZ:nnbs,1,
S05-R0064,Yen(2022),64,Darfield,2010,REHS,NZ:rehs,-43.5236,172.635,matched,S02,ROTD50_d050 row 6960; Station ID=REHS,region + normalized station + year,,as supplied,,7.02,12.02,,256.2,,8,50.4,346.84,81.83999999999997,,,,,,,,,,,,,,,,,,,,,,,,,,,,,,,,,,,,,2010:darfield:NZ:rehs,1,
S05-R0065,Yen(2022),65,Darfield,2010,RHSC,NZ:rhsc,-43.5362,172.5644,matched,S02,ROTD50_d050 row 6961; Station ID=RHSC,region + normalized station + year,,as supplied,,7.02,9.35,,63.96,,4.2,44.6,354.18,89.18,,,,,,,,,,,,,,,,,,,,,,,,,,,,,,,,,,,,,2010:darfield:NZ:rhsc,1,
S05-R0066,Yen(2022),66,Darfield,2010,ROLC,NZ:rolc,-43.5945,172.381,matched,S01,Taiwan database(NCREE)!H233:I233,region + normalized station + year,,as supplied,,7.02,6.9,,82.22,,2.4,29.8,343.22,78.22000000000003,,,,,,,,,,,,,,,,,,,,,,,,,,,,,,,,,,,,,2010:darfield:NZ:rolc,2,
S05-R0067,Yen(2022),67,Darfield,2010,SHLC,NZ:shlc,-43.5053,172.6634,matched,S02,ROTD50_d050 row 6967; Station ID=SHLC,region + normalized station + year,,as supplied,,7.02,8.37,,62.3,,10.9,53,334.21,69.20999999999998,,,,,,,,,,,,,,,,,,,,,,,,,,,,,,,,,,,,,2010:darfield:NZ:shlc,1,
S05-R0068,Yen(2022),68,Darfield,2010,SMTC,NZ:smtc,-43.4675,172.6139,matched,S02,ROTD50_d050 row 6970; Station ID=SMTC,region + normalized station + year,,as supplied,,7.02,9.23,,61.8,,12.2,50.4,331.53,66.52999999999997,,,,,,,,,,,,,,,,,,,,,,,,,,,,,,,,,,,,,2010:darfield:NZ:smtc,1,
S05-R0069,Yen(2022),69,Darfield,2010,TPLC,NZ:tplc,-43.5517,172.4718,matched,S01,Taiwan database(NCREE)!H236:I236,region + normalized station + year,,as supplied,,7.02,7.88,,74.81,,3.4,37.3,0.49,85,,,,,,,,,,,,,,,,,,,,,,,,,,,,,,,,,,,,,2010:darfield:NZ:tplc,1,
S05-R0070,Yen(2022),70,KumaFore,2016,KMMH14,JP:kmmh14,32.635,130.752,matched,S03,line 37,region + normalized station + year,,as supplied,,6.1,1.82,,52.27,,1.9,9.7,347.65,37.35000000000002,,,,,,,,,,,,,,,,,,,,,,,,,,,,,,,,,,,,,2016:kumafore:JP:kmmh14,1,
S05-R0071,Yen(2022),71,KumaFore,2016,93020,JP:93020,32.643,130.671,matched,S03,line 65,region + normalized station + year,,as supplied,,6.1,1.26,,39.01,,7.7,13.2,344.85,40.14999999999998,,,,,,,,,,,,,,,,,,,,,,,,,,,,,,,,,,,,,2016:kumafore:JP:93020,1,
S05-R0072,Yen(2022),72,KumaFore,2016,93021,JP:93021,32.706,130.731,matched,S03,line 66,region + normalized station + year,,as supplied,,6.1,1.81,,57.82,,4.4,7.3,24.99,-0.010000000000001563,,,,,,,,,,,,,,,,,,,,,,,,,,,,,,,,,,,,,2016:kumafore:JP:93021,1,
S05-R0073,Yen(2022),73,KumaFore,2016,93024,JP:93024,32.589,130.707,matched,S03,line 106,region + normalized station + year,,as supplied,,6.1,1.69,,59.01,,8.1,15.2,311.08,73.92000000000002,,,,,,,,,,,,,,,,,,,,,,,,,,,,,,,,,,,,,2016:kumafore:JP:93024,1,
S05-R0074,Yen(2022),74,KumaFore,2016,93025,JP:93025,32.636,130.752,matched,S03,line 68,region + normalized station + year,,as supplied,,6.1,1.69,,64.49,,1.8,9.6,345.94,39.06,,,,,,,,,,,,,,,,,,,,,,,,,,,,,,,,,,,,,2016:kumafore:JP:93025,1,
S05-R0075,Yen(2022),75,KumaFore,2016,93050,JP:93050,32.736,130.759,matched,S03,line 76,region + normalized station + year,,as supplied,,6.1,2.45,,43.2,,3.5,7.3,334.29,50.70999999999998,,,,,,,,,,,,,,,,,,,,,,,,,,,,,,,,,,,,,2016:kumafore:JP:93050,1,
S05-R0076,Yen(2022),76,KumaFore,2016,93051,JP:93051,32.788,130.819,matched,S03,line 77,region + normalized station + year,,as supplied,,6.1,1.16,,74.62,,4.6,12.1,72.07,47.06999999999999,,,,,,,,,,,,,,,,,,,,,,,,,,,,,,,,,,,,,2016:kumafore:JP:93051,1,
S05-R0077,Yen(2022),77,KumaFore,2016,93055,JP:93055,32.531,130.635,matched,S03,line 122,region + normalized station + year,,as supplied,,6.1,1.75,,26.27,,17.2,23.8,319.81,65.19,,,,,,,,,,,,,,,,,,,,,,,,,,,,,,,,,,,,,2016:kumafore:JP:93055,1,
S05-R0078,Yen(2022),78,KumaFore,2016,93056,JP:93056,32.559,130.651,matched,S03,line 123,region + normalized station + year,,as supplied,,6.1,1.81,,37.59,,13.9,20.5,324.11,60.889999999999986,,,,,,,,,,,,,,,,,,,,,,,,,,,,,,,,,,,,,2016:kumafore:JP:93056,1,
S05-R0079,Yen(2022),79,KumaFore,2016,93057,JP:93057,32.579,130.676,matched,S03,line 124,region + normalized station + year,,as supplied,,6.1,1.5,,54.32,,10.7,17.5,325.96,59.04000000000002,,,,,,,,,,,,,,,,,,,,,,,,,,,,,,,,,,,,,2016:kumafore:JP:93057,1,
S05-R0080,Yen(2022),80,KumaFore,2016,93058,JP:93058,32.552,130.685,matched,S03,line 125,region + normalized station + year,,as supplied,,6.1,1.39,,25.47,,12.6,19.5,321.6,63.39999999999998,,,,,,,,,,,,,,,,,,,,,,,,,,,,,,,,,,,,,2016:kumafore:JP:93058,1,
S05-R0081,Yen(2022),81,KumaFore,2016,9CF,JP:9cf,32.648,130.684,matched,S03,line 149,region + normalized station + year,,as supplied,,6.1,1.39,,51.28,,6.4,12,346.44,38.56,,,,,,,,,,,,,,,,,,,,,,,,,,,,,,,,,,,,,2016:kumafore:JP:9cf,1,
S05-R0082,Yen(2022),82,Iburi,2018,HKD126,JP:hkd126,42.575,141.9279,matched,S08,HKD126,region + normalized station,,as supplied,,6.7,1.85,,151.48,,18.8,26.2,82.62,,,,,,,,,,,,,,,,,,,,,,,,,,,,,,,,,,,,,,2018:iburi:JP:hkd126,1,
S05-R0083,Yen(2022),83,Iburi,2018,HKD128,JP:hkd128,42.7655,141.8221,matched,S08,HKD128,region + normalized station,,as supplied,,6.7,1.23,,102.46,,20.5,29.1,54.36,,,,,,,,,,,,,,,,,,,,,,,,,,,,,,,,,,,,,,2018:iburi:JP:hkd128,1,
S05-R0084,Yen(2022),84,Iburi,2018,IBUH01,JP:ibuh01,42.8739,141.8191,matched,S10,N.OIWH / IBUH01,region + normalized station + year,,as supplied,,6.7,0.57,,127.86,,22.2,34.4,41.73,,,,,,,,,,,,,,,,,,,,,,,,,,,,,,,,,,,,,,2018:iburi:JP:ibuh01,1,
S05-R0085,Yen(2022),85,Iburi,2018,47004,JP:47004,,,unresolved,,,,未找到可確定對應的座標。,as supplied,,6.7,1.75,,130.73,,18.7,24.9,273.36,,,,,,,,,,,,,,,,,,,,,,,,,,,,,,,,,,,,,,2018:iburi:JP:47004,1,
S06-R0002,Yen_corr_fling(2023),2,Duzce,2022,8101,TR:8101,40.8436,31.1489,matched,S09,Table 2,region + normalized station + year,,fling-corrected,,6.1,1.9,,40.89,,,10.67,68.63,7.3700000000000045,,,,0.6418538861723947,,,,,,,,,,,,,,,,,,,,,,,,,,,,,,,,,2022:duzce:TR:8101,2,
S06-R0003,Yen_corr_fling(2023),3,Duzce,2022,8102,TR:8102,40.8342,31.1644,matched,S09,Table 2,region + normalized station + year,,fling-corrected,,6.1,1.61,,79.25,,,11.79,76.12,-0.12000000000000455,,,,0.4762341789963717,,,,,,,,,,,,,,,,,,,,,,,,,,,,,,,,,2022:duzce:TR:8102,2,
S06-R0004,Yen_corr_fling(2023),4,Duzce,2022,8104,TR:8104,40.8611,31.1804,matched,S09,Table 2,region + normalized station + year,,fling-corrected,,6.1,1.92,,40.78,,,13.74,41.07,34.93,,,,0.6523251860396901,,,,,,,,,,,,,,,,,,,,,,,,,,,,,,,,,2022:duzce:TR:8104,2,
S06-R0005,Yen_corr_fling(2023),5,Duzce,2022,8109,TR:8109,40.781,31.0144,matched,S09,Table 2,region + normalized station + year,,fling-corrected,,6.1,1.75,,44,,,4.75,0,76,,,,0.5596157879354227,,,,,,,,,,,,,,,,,,,,,,,,,,,,,,,,,2022:duzce:TR:8109,2,
S06-R0006,Yen_corr_fling(2023),6,turkey-1,2023,3123,TR:3123,36.21423,36.15973,matched,S05,row 2,region + normalized station + year,,fling-corrected,,7.8,2.6,,179.2,,1.5,,,,,,,0.9555114450274363,,,,,,,,,,,,,,,,,,,,,,,,,,,,,,,,,2023:turkey1:TR:3123,2,
S06-R0007,Yen_corr_fling(2023),7,turkey-1,2023,2712,TR:2712,37.184,36.73283,matched,S05,row 3,region + normalized station + year,,fling-corrected,,7.8,7.1,,126.7,,1.7,,,,,,,1.9600947840472698,,,,,,,,,,,,,,,,,,,,,,,,,,,,,,,,,2023:turkey1:TR:2712,2,
S06-R0008,Yen_corr_fling(2023),8,turkey-1,2023,2718,TR:2718,37.00777,36.6266,matched,S05,row 5,region + normalized station + year,,fling-corrected,,7.8,6,,114.4,,1.8,,,,,,,1.791759469228055,,,,,,,,,,,,,,,,,,,,,,,,,,,,,,,,,2023:turkey1:TR:2718,2,
S06-R0009,Yen_corr_fling(2023),9,turkey-1,2023,3145,TR:3145,36.64536,36.4064,matched,S05,row 4,region + normalized station + year,,fling-corrected,,7.8,4.2,,147.9,,1.8,,,,,,,1.4350845252893227,,,,,,,,,,,,,,,,,,,,,,,,,,,,,,,,,2023:turkey1:TR:3145,2,
S06-R0010,Yen_corr_fling(2023),10,turkey-1,2023,4616,TR:4616,37.37547,36.83836,matched,S05,row 6,region + normalized station + year,,fling-corrected,,7.8,8.4,,102.2,,1.9,,,,,,,2.128231705849268,,,,,,,,,,,,,,,,,,,,,,,,,,,,,,,,,2023:turkey1:TR:4616,2,
S06-R0011,Yen_corr_fling(2023),11,turkey-1,2023,3138,TR:3138,36.80262,36.51119,matched,S05,row 7,region + normalized station + year,,fling-corrected,,7.8,7.5,,173.2,,2.1,,,,,,,2.0149030205422647,,,,,,,,,,,,,,,,,,,,,,,,,,,,,,,,,2023:turkey1:TR:3138,2,
S06-R0012,Yen_corr_fling(2023),12,turkey-1,2023,3144,TR:3144,36.75691,36.485742,matched,S05,row 8,region + normalized station + year,,fling-corrected,,7.8,8.3,,145.4,,2.1,,,,,,,2.1162555148025524,,,,,,,,,,,,,,,,,,,,,,,,,,,,,,,,,2023:turkey1:TR:3144,2,
S06-R0013,Yen_corr_fling(2023),13,turkey-1,2023,3131,TR:3131,36.19121,36.16328,matched,S05,row 9,region + normalized station + year,,fling-corrected,,7.8,7.9,,59.8,,2.3,,,,,,,2.066862759472976,,,,,,,,,,,,,,,,,,,,,,,,,,,,,,,,,2023:turkey1:TR:3131,2,
S06-R0014,Yen_corr_fling(2023),14,turkey-1,2023,2708,TR:2708,37.09933,36.648373,matched,S05,row 10,region + normalized station + year,,fling-corrected,,7.8,3.1,,155.4,,2.6,,,,,,,1.1314021114911006,,,,,,,,,,,,,,,,,,,,,,,,,,,,,,,,,2023:turkey1:TR:2708,2,
S06-R0015,Yen_corr_fling(2023),15,turkey-1,2023,3143,TR:3143,36.848907,36.557138,matched,S05,row 11,region + normalized station + year,,fling-corrected,,7.8,7.3,,157.6,,3.1,,,,,,,1.9878743481543455,,,,,,,,,,,,,,,,,,,,,,,,,,,,,,,,,2023:turkey1:TR:3143,2,
S06-R0016,Yen_corr_fling(2023),16,turkey-1,2023,4615,TR:4615,37.38676,37.13803,matched,S05,row 12,region + normalized station + year,,fling-corrected,,7.8,5.6,,156.6,,3.6,,,,,,,1.7227665977411035,,,,,,,,,,,,,,,,,,,,,,,,,,,,,,,,,2023:turkey1:TR:4615,2,
S06-R0017,Yen_corr_fling(2023),17,turkey-1,2023,3139,TR:3139,36.58383,36.41439,matched,S05,row 13,region + normalized station + year,,fling-corrected,,7.8,3,,149.6,,4,,,,,,,1.0986122886681098,,,,,,,,,,,,,,,,,,,,,,,,,,,,,,,,,2023:turkey1:TR:3139,2,
S06-R0018,Yen_corr_fling(2023),18,turkey-1,2023,3142,TR:3142,36.49797,36.36612,matched,S05,row 14,region + normalized station + year,,fling-corrected,,7.8,13.5,,77.1,,4.1,,,,,,,2.6026896854443837,,,,,,,,,,,,,,,,,,,,,,,,,,,,,,,,,2023:turkey1:TR:3142,2,
S06-R0019,Yen_corr_fling(2023),19,turkey-1,2023,NAR,TR:nar,37.3919,37.1574,matched,S05,row 16,region + normalized station + year,,fling-corrected,,7.8,4.8,,121.8,,4.2,,,,,,,1.5686159179138452,,,,,,,,,,,,,,,,,,,,,,,,,,,,,,,,,2023:turkey1:TR:nar,2,
S06-R0020,Yen_corr_fling(2023),20,turkey-1,2023,KHMN,TR:khmn,37.392,37.157,matched,S05,row 15,region + normalized station + year,,fling-corrected,,7.8,4.8,,120.9,,4.2,,,,,,,1.5686159179138452,,,,,,,,,,,,,,,,,,,,,,,,,,,,,,,,,2023:turkey1:TR:khmn,2,
S06-R0021,Yen_corr_fling(2023),21,turkey-1,2023,3137,TR:3137,36.69293,36.48852,matched,S05,row 17,region + normalized station + year,,fling-corrected,,7.8,9.2,,98.5,,4.8,,,,,,,2.2192034840549946,,,,,,,,,,,,,,,,,,,,,,,,,,,,,,,,,2023:turkey1:TR:3137,2,
S06-R0022,Yen_corr_fling(2023),22,turkey-1,2023,3136,TR:3136,36.11593,36.24722,matched,S05,row 18,region + normalized station + year,,fling-corrected,,7.8,13.5,,56.9,,12.1,,,,,,,2.6026896854443837,,,,,,,,,,,,,,,,,,,,,,,,,,,,,,,,,2023:turkey1:TR:3136,2,
S06-R0023,Yen_corr_fling(2023),23,turkey-1,2023,2715,TR:2715,36.855364,36.685618,matched,S05,row 19,region + normalized station + year,,fling-corrected,,7.8,6.6,,56.8,,12.6,,,,,,,1.8870696490323797,,,,,,,,,,,,,,,,,,,,,,,,,,,,,,,,,2023:turkey1:TR:2715,2,
S06-R0024,Yen_corr_fling(2023),24,turkey-1,2023,2716,TR:2716,36.85643,36.68833,matched,S05,row 20,region + normalized station + year,,fling-corrected,,7.8,6.8,,71,,12.8,,,,,,,1.916922612182061,,,,,,,,,,,,,,,,,,,,,,,,,,,,,,,,,2023:turkey1:TR:2716,2,
S06-R0025,Yen_corr_fling(2023),25,turkey-1,2023,2717,TR:2717,36.85548,36.690996,matched,S05,row 21,region + normalized station + year,,fling-corrected,,7.8,6.9,,60.6,,13,,,,,,,1.9315214116032138,,,,,,,,,,,,,,,,,,,,,,,,,,,,,,,,,2023:turkey1:TR:2717,2,
S06-R0026,Yen_corr_fling(2023),26,turkey-1,2023,8002,TR:8002,37.19156,36.56195,matched,S05,row 22,region + normalized station + year,,fling-corrected,,7.8,9,,41.4,,13.4,,,,,,,2.1972245773362196,,,,,,,,,,,,,,,,,,,,,,,,,,,,,,,,,2023:turkey1:TR:8002,2,
S06-R0027,Yen_corr_fling(2023),27,turkey-1,2023,3116,TR:3116,36.61618,36.20661,matched,S05,row 23,region + normalized station + year,,fling-corrected,,7.8,14.4,,47.5,,14.8,,,,,,,2.667228206581955,,,,,,,,,,,,,,,,,,,,,,,,,,,,,,,,,2023:turkey1:TR:3116,2,
S06-R0028,Yen_corr_fling(2023),28,turkey-1,2023,3134,TR:3134,36.82763,36.20485,matched,S05,row 24,region + normalized station + year,,fling-corrected,,7.8,11.7,,48.7,,24.9,,,,,,,2.4595888418037104,,,,,,,,,,,,,,,,,,,,,,,,,,,,,,,,,2023:turkey1:TR:3134,2,
S06-R0029,Yen_corr_fling(2023),29,turkey-2,2023,4612,TR:4612,38.02395,36.48187,matched,S06,row 3,region + normalized station + year,,fling-corrected,,7.5,6.2,,180.9,,3,,,,,,,1.824549292051046,,,,,,,,,,,,,,,,,,,,,,,,,,,,,,,,,2023:turkey2:TR:4612,2,
S06-R0030,Yen_corr_fling(2023),30,turkey-2,2023,131,TR:131,37.856602,36.115347,matched,S06,row 7,region + normalized station + year,,fling-corrected,,7.5,11.7,,37.4,,15.4,,,,,,,2.4595888418037104,,,,,,,,,,,,,,,,,,,,,,,,,,,,,,,,,2023:turkey2:TR:131,2,
S06-R0031,Yen_corr_fling(2023),31,turkey-2,2023,132,TR:132,37.855892,36.114868,matched,S06,row 8,region + normalized station + year,,fling-corrected,,7.5,11.8,,24.2,,15.5,,,,,,,2.468099531471619,,,,,,,,,,,,,,,,,,,,,,,,,,,,,,,,,2023:turkey2:TR:132,2,
S06-R0032,Yen_corr_fling(2023),32,turkey-2,2023,4611,TR:4611,37.7472,37.28426,matched,S06,row 2,region + normalized station + year,,fling-corrected,,7.5,10.8,,40.3,,27.4,,,,,,,2.379546134130174,,,,,,,,,,,,,,,,,,,,,,,,,,,,,,,,,2023:turkey2:TR:4611,2,
S06-R0033,Yen_corr_fling(2023),33,turkey-2,2023,4614,TR:4614,37.48513,37.29775,matched,S06,row 4,region + normalized station + year,,fling-corrected,,7.5,9.3,,34.5,,55.9,,,,,,,2.2300144001592104,,,,,,,,,,,,,,,,,,,,,,,,,,,,,,,,,2023:turkey2:TR:4614,2,
S06-R0034,Yen_corr_fling(2023),34,turkey-2,2023,NAR,TR:nar,37.3919,37.1574,matched,S05,row 16,region + normalized station + year,,fling-corrected,,7.5,9.6,,26.5,,68.2,,,,,,,2.2617630984737906,,,,,,,,,,,,,,,,,,,,,,,,,,,,,,,,,2023:turkey2:TR:nar,2,
S06-R0035,Yen_corr_fling(2023),35,turkey-2,2023,4615,TR:4615,37.38676,37.13803,matched,S05,row 12,region + normalized station + year,,fling-corrected,,7.5,9.4,,30.4,,69.1,,,,,,,2.2407096892759584,,,,,,,,,,,,,,,,,,,,,,,,,,,,,,,,,2023:turkey2:TR:4615,2,
S07-R0002,Yen_uncorr_fling(2023),2,Duzce,2022,8109,TR:8109,40.781,31.0144,matched,S09,Table 2,region + normalized station + year,,fling-uncorrected,,6.1,2.39,,43.99,,,4.75,,,,,,0.8712933659434193,,,,,,,,,,,,,,,,,,,,,,,,,,,,,,,,,2022:duzce:TR:8109,2,
S07-R0003,Yen_uncorr_fling(2023),3,Duzce,2022,8101,TR:8101,40.8436,31.1489,matched,S09,Table 2,region + normalized station + year,,fling-uncorrected,,6.1,3.12,,36.83,,,10.67,,,,,,1.1378330018213911,,,,,,,,,,,,,,,,,,,,,,,,,,,,,,,,,2022:duzce:TR:8101,2,
S07-R0004,Yen_uncorr_fling(2023),4,Duzce,2022,8102,TR:8102,40.8342,31.1644,matched,S09,Table 2,region + normalized station + year,,fling-uncorrected,,6.1,2.98,,73.65,,,11.79,,,,,,1.091923300517313,,,,,,,,,,,,,,,,,,,,,,,,,,,,,,,,,2022:duzce:TR:8102,2,
S07-R0005,Yen_uncorr_fling(2023),5,Duzce,2022,8104,TR:8104,40.8611,31.1804,matched,S09,Table 2,region + normalized station + year,,fling-uncorrected,,6.1,2.67,,40.81,,,13.74,,,,,,0.9820784724121582,,,,,,,,,,,,,,,,,,,,,,,,,,,,,,,,,2022:duzce:TR:8104,2,
S07-R0006,Yen_uncorr_fling(2023),6,turkey-1,2023,3123,TR:3123,36.21423,36.15973,matched,S05,row 2,region + normalized station + year,,fling-uncorrected,,7.8,2.6,,172.8,,1.5,,,,,,,0.9555114450274363,,,,,,,,,,,,,,,,,,,,,,,,,,,,,,,,,2023:turkey1:TR:3123,2,
S07-R0007,Yen_uncorr_fling(2023),7,turkey-1,2023,2712,TR:2712,37.184,36.73283,matched,S05,row 3,region + normalized station + year,,fling-uncorrected,,7.8,7,,128.3,,1.7,,,,,,,1.9459101490553132,,,,,,,,,,,,,,,,,,,,,,,,,,,,,,,,,2023:turkey1:TR:2712,2,
S07-R0008,Yen_uncorr_fling(2023),8,turkey-1,2023,2718,TR:2718,37.00777,36.6266,matched,S05,row 5,region + normalized station + year,,fling-uncorrected,,7.8,6,,134,,1.8,,,,,,,1.791759469228055,,,,,,,,,,,,,,,,,,,,,,,,,,,,,,,,,2023:turkey1:TR:2718,2,
S07-R0009,Yen_uncorr_fling(2023),9,turkey-1,2023,3145,TR:3145,36.64536,36.4064,matched,S05,row 4,region + normalized station + year,,fling-uncorrected,,7.8,4.2,,147.5,,1.8,,,,,,,1.4350845252893227,,,,,,,,,,,,,,,,,,,,,,,,,,,,,,,,,2023:turkey1:TR:3145,2,
S07-R0010,Yen_uncorr_fling(2023),10,turkey-1,2023,4616,TR:4616,37.37547,36.83836,matched,S05,row 6,region + normalized station + year,,fling-uncorrected,,7.8,8.4,,104.9,,1.9,,,,,,,2.128231705849268,,,,,,,,,,,,,,,,,,,,,,,,,,,,,,,,,2023:turkey1:TR:4616,2,
S07-R0011,Yen_uncorr_fling(2023),11,turkey-1,2023,3138,TR:3138,36.80262,36.51119,matched,S05,row 7,region + normalized station + year,,fling-uncorrected,,7.8,7.9,,184.3,,2.1,,,,,,,2.066862759472976,,,,,,,,,,,,,,,,,,,,,,,,,,,,,,,,,2023:turkey1:TR:3138,2,
S07-R0012,Yen_uncorr_fling(2023),12,turkey-1,2023,3144,TR:3144,36.75691,36.485742,matched,S05,row 8,region + normalized station + year,,fling-uncorrected,,7.8,8.3,,153.9,,2.1,,,,,,,2.1162555148025524,,,,,,,,,,,,,,,,,,,,,,,,,,,,,,,,,2023:turkey1:TR:3144,2,
S07-R0013,Yen_uncorr_fling(2023),13,turkey-1,2023,3131,TR:3131,36.19121,36.16328,matched,S05,row 9,region + normalized station + year,,fling-uncorrected,,7.8,8,,57.2,,2.3,,,,,,,2.0794415416798357,,,,,,,,,,,,,,,,,,,,,,,,,,,,,,,,,2023:turkey1:TR:3131,2,
S07-R0014,Yen_uncorr_fling(2023),14,turkey-1,2023,2708,TR:2708,37.09933,36.648373,matched,S05,row 10,region + normalized station + year,,fling-uncorrected,,7.8,3.2,,172.4,,2.6,,,,,,,1.1631508098056809,,,,,,,,,,,,,,,,,,,,,,,,,,,,,,,,,2023:turkey1:TR:2708,2,
S07-R0015,Yen_uncorr_fling(2023),15,turkey-1,2023,3143,TR:3143,36.848907,36.557138,matched,S05,row 11,region + normalized station + year,,fling-uncorrected,,7.8,7.2,,165.6,,3.1,,,,,,,1.9740810260220096,,,,,,,,,,,,,,,,,,,,,,,,,,,,,,,,,2023:turkey1:TR:3143,2,
S07-R0016,Yen_uncorr_fling(2023),16,turkey-1,2023,4615,TR:4615,37.38676,37.13803,matched,S05,row 12,region + normalized station + year,,fling-uncorrected,,7.8,5.5,,166,,3.6,,,,,,,1.7047480922384253,,,,,,,,,,,,,,,,,,,,,,,,,,,,,,,,,2023:turkey1:TR:4615,2,
S07-R0017,Yen_uncorr_fling(2023),17,turkey-1,2023,3139,TR:3139,36.58383,36.41439,matched,S05,row 13,region + normalized station + year,,fling-uncorrected,,7.8,3.1,,151.8,,4,,,,,,,1.1314021114911006,,,,,,,,,,,,,,,,,,,,,,,,,,,,,,,,,2023:turkey1:TR:3139,2,
S07-R0018,Yen_uncorr_fling(2023),18,turkey-1,2023,3142,TR:3142,36.49797,36.36612,matched,S05,row 14,region + normalized station + year,,fling-uncorrected,,7.8,13.8,,80.7,,4.1,,,,,,,2.624668592163159,,,,,,,,,,,,,,,,,,,,,,,,,,,,,,,,,2023:turkey1:TR:3142,2,
S07-R0019,Yen_uncorr_fling(2023),19,turkey-1,2023,NAR,TR:nar,37.3919,37.1574,matched,S05,row 16,region + normalized station + year,,fling-uncorrected,,7.8,4.8,,125.7,,4.2,,,,,,,1.5686159179138452,,,,,,,,,,,,,,,,,,,,,,,,,,,,,,,,,2023:turkey1:TR:nar,2,
S07-R0020,Yen_uncorr_fling(2023),20,turkey-1,2023,KHMN,TR:khmn,37.392,37.157,matched,S05,row 15,region + normalized station + year,,fling-uncorrected,,7.8,5.2,,99.1,,4.2,,,,,,,1.6486586255873816,,,,,,,,,,,,,,,,,,,,,,,,,,,,,,,,,2023:turkey1:TR:khmn,2,
S07-R0021,Yen_uncorr_fling(2023),21,turkey-1,2023,3137,TR:3137,36.69293,36.48852,matched,S05,row 17,region + normalized station + year,,fling-uncorrected,,7.8,9.3,,103.3,,4.8,,,,,,,2.2300144001592104,,,,,,,,,,,,,,,,,,,,,,,,,,,,,,,,,2023:turkey1:TR:3137,2,
S07-R0022,Yen_uncorr_fling(2023),22,turkey-1,2023,3136,TR:3136,36.11593,36.24722,matched,S05,row 18,region + normalized station + year,,fling-uncorrected,,7.8,11.5,,58.1,,12.1,,,,,,,2.4423470353692043,,,,,,,,,,,,,,,,,,,,,,,,,,,,,,,,,2023:turkey1:TR:3136,2,
S07-R0023,Yen_uncorr_fling(2023),23,turkey-1,2023,2715,TR:2715,36.855364,36.685618,matched,S05,row 19,region + normalized station + year,,fling-uncorrected,,7.8,7,,76.2,,12.6,,,,,,,1.9459101490553132,,,,,,,,,,,,,,,,,,,,,,,,,,,,,,,,,2023:turkey1:TR:2715,2,
S07-R0024,Yen_uncorr_fling(2023),24,turkey-1,2023,2716,TR:2716,36.85643,36.68833,matched,S05,row 20,region + normalized station + year,,fling-uncorrected,,7.8,6.9,,73.5,,12.8,,,,,,,1.9315214116032138,,,,,,,,,,,,,,,,,,,,,,,,,,,,,,,,,2023:turkey1:TR:2716,2,
S07-R0025,Yen_uncorr_fling(2023),25,turkey-1,2023,2717,TR:2717,36.85548,36.690996,matched,S05,row 21,region + normalized station + year,,fling-uncorrected,,7.8,7,,62.9,,13,,,,,,,1.9459101490553132,,,,,,,,,,,,,,,,,,,,,,,,,,,,,,,,,2023:turkey1:TR:2717,2,
S07-R0026,Yen_uncorr_fling(2023),26,turkey-1,2023,8002,TR:8002,37.19156,36.56195,matched,S05,row 22,region + normalized station + year,,fling-uncorrected,,7.8,9.2,,42.8,,13.4,,,,,,,2.2192034840549946,,,,,,,,,,,,,,,,,,,,,,,,,,,,,,,,,2023:turkey1:TR:8002,2,
S07-R0027,Yen_uncorr_fling(2023),27,turkey-1,2023,3116,TR:3116,36.61618,36.20661,matched,S05,row 23,region + normalized station + year,,fling-uncorrected,,7.8,15.1,,49.9,,14.8,,,,,,,2.714694743820879,,,,,,,,,,,,,,,,,,,,,,,,,,,,,,,,,2023:turkey1:TR:3116,2,
S07-R0028,Yen_uncorr_fling(2023),28,turkey-1,2023,3134,TR:3134,36.82763,36.20485,matched,S05,row 24,region + normalized station + year,,fling-uncorrected,,7.8,11.9,,50.7,,24.9,,,,,,,2.4765384001174837,,,,,,,,,,,,,,,,,,,,,,,,,,,,,,,,,2023:turkey1:TR:3134,2,
S07-R0029,Yen_uncorr_fling(2023),29,turkey-2,2023,4612,TR:4612,38.02395,36.48187,matched,S06,row 3,region + normalized station + year,,fling-uncorrected,,7.5,6.2,,181.4,,3,,,,,,,1.824549292051046,,,,,,,,,,,,,,,,,,,,,,,,,,,,,,,,,2023:turkey2:TR:4612,2,
S07-R0030,Yen_uncorr_fling(2023),30,turkey-2,2023,131,TR:131,37.856602,36.115347,matched,S06,row 7,region + normalized station + year,,fling-uncorrected,,7.5,12.2,,38.2,,15.4,,,,,,,2.501435951739211,,,,,,,,,,,,,,,,,,,,,,,,,,,,,,,,,2023:turkey2:TR:131,2,
S07-R0031,Yen_uncorr_fling(2023),31,turkey-2,2023,132,TR:132,37.855892,36.114868,matched,S06,row 8,region + normalized station + year,,fling-uncorrected,,7.5,12,,25.1,,15.5,,,,,,,2.4849066497880004,,,,,,,,,,,,,,,,,,,,,,,,,,,,,,,,,2023:turkey2:TR:132,2,
S07-R0032,Yen_uncorr_fling(2023),32,turkey-2,2023,4611,TR:4611,37.7472,37.28426,matched,S06,row 2,region + normalized station + year,,fling-uncorrected,,7.5,11,,42.5,,27.4,,,,,,,2.3978952727983707,,,,,,,,,,,,,,,,,,,,,,,,,,,,,,,,,2023:turkey2:TR:4611,2,
S07-R0033,Yen_uncorr_fling(2023),33,turkey-2,2023,4614,TR:4614,37.48513,37.29775,matched,S06,row 4,region + normalized station + year,,fling-uncorrected,,7.5,9.3,,34.2,,55.9,,,,,,,2.2300144001592104,,,,,,,,,,,,,,,,,,,,,,,,,,,,,,,,,2023:turkey2:TR:4614,2,
S07-R0034,Yen_uncorr_fling(2023),34,turkey-2,2023,NAR,TR:nar,37.3919,37.1574,matched,S05,row 16,region + normalized station + year,,fling-uncorrected,,7.5,9.7,,27.9,,68.2,,,,,,,2.272125885509337,,,,,,,,,,,,,,,,,,,,,,,,,,,,,,,,,2023:turkey2:TR:nar,2,
S07-R0035,Yen_uncorr_fling(2023),35,turkey-2,2023,4615,TR:4615,37.38676,37.13803,matched,S05,row 12,region + normalized station + year,,fling-uncorrected,,7.5,9.4,,30.8,,69.1,,,,,,,2.2407096892759584,,,,,,,,,,,,,,,,,,,,,,,,,,,,,,,,,2023:turkey2:TR:4615,2,
S08-R0002,Taiwan database(NCREE),2,1971_SanFernando_USA,1971,Pacoima Dam (upper left abut),US:pacoimadamupperleftabut,34.334,-118.396,original,S01,Taiwan database(NCREE)!H2:I2,original row,,as supplied,,6.6,,,,,0.9,,,,,,RV,,34.44,-118.41,13,2016.13,True,1.638,False,,False,1195.88,1214.79,674.369,114.503,57.432,59.3966,39.044,12.8284,29.2933,0.008278,0.10465,0.504569,,,,,,,,,,,Tp_V_s:None,1971:1971sanfernandousa:US:pacoimadamupperleftabut,1,
S08-R0003,Taiwan database(NCREE),3,1978_Tabas_Iran,1978,Tabas,IR:tabas,33.58,56.92,original,S01,Taiwan database(NCREE)!H3:I3,original row,,as supplied,,7.4,,,,,2.05,,,,,,RV,,33.215,57.323,5.75,766.77,True,6.188,False,,False,837.756,845.386,629.306,99.0501,123.589,42.1103,38.5573,93.2848,11.5922,-0.342701,0.198547,0.294357,,,,,,,,,,,Tp_V_s:None,1978:1978tabasiran:IR:tabas,1,
S08-R0004,Taiwan database(NCREE),4,1979_CoyoteLake_USA,1979,Gilroy Array 2,US:gilroyarray2,36.982,-121.556,original,S01,Taiwan database(NCREE)!H4:I4,original row,,as supplied,,5.7,,,,,9.02,,,,,,SS,,37.065,-121.49,8,270.84,True,1.463,False,,False,187.195,250.694,164.92,10.2932,31.9756,6.85089,2.91485,5.72152,1.13082,0.053256,0.006231,-0.038252,,,,,,,,,,,Tp_V_s:None,1979:1979coyotelakeusa:US:gilroyarray2,1,
S08-R0005,Taiwan database(NCREE),5,1979_CoyoteLake_USA,1979,Gilroy Array 3,US:gilroyarray3,36.987,-121.536,original,S01,Taiwan database(NCREE)!H5:I5,original row,,as supplied,,5.7,,,,,7.42,,,,,,SS,,37.065,-121.49,8,349.85,True,1.155,False,,False,247.039,251.497,150.973,17.6362,29.5897,7.20609,4.70734,6.34009,1.23038,0.194076,-0.010602,-0.028103,,,,,,,,,,,Tp_V_s:None,1979:1979coyotelakeusa:US:gilroyarray3,1,
S08-R0006,Taiwan database(NCREE),6,1979_CoyoteLake_USA,1979,Gilroy Array 4,US:gilroyarray4,37.001,-121.522,original,S01,Taiwan database(NCREE)!H6:I6,original row,,as supplied,,5.7,,,,,5.7,,,,,,SS,,37.065,-121.49,8,221.78,True,1.351,False,,False,228.487,246.889,413.788,25.8126,31.8578,15.3505,3.56134,5.25076,2.76679,0.053234,0.074064,-0.077673,,,,,,,,,,,Tp_V_s:None,1979:1979coyotelakeusa:US:gilroyarray4,1,
S08-R0007,Taiwan database(NCREE),7,1979_CoyoteLake_USA,1979,Gilroy Array 6,US:gilroyarray6,37.026,-121.484,original,S01,Taiwan database(NCREE)!H7:I7,original row,,as supplied,,5.7,,,,,3.11,,,,,,SS,,37.065,-121.49,8,663.31,True,1.232,False,,False,413.768,312.781,146.611,44.359,25.4122,16.8222,12.4397,4.38302,4.31035,0.149548,-0.0248,-0.147691,,,,,,,,,,,Tp_V_s:None,1979:1979coyotelakeusa:US:gilroyarray6,1,
S08-R0008,Taiwan database(NCREE),8,1979_ImperialValley_06_USA,1979,Agrarias,US:agrarias,32.621,-115.301,original,S01,Taiwan database(NCREE)!H8:I8,original row,,as supplied,,6.5,,,,,0.65,,,,,,SS,,32.644,-115.307,9.96,242.05,True,2.338,False,,False,281.799,187.706,463.443,35.3345,41.8194,11.0268,9.35144,11.6555,3.4421,0.167138,0.390961,0.305102,,,,,,,,,,,Tp_V_s:None,1979:1979imperialvalley06usa:US:agrarias,1,
S08-R0009,Taiwan database(NCREE),9,1979_ImperialValley_06_USA,1979,Brawley Airport,US:brawleyairport,32.991,-115.513,original,S01,Taiwan database(NCREE)!H9:I9,original row,,as supplied,,6.5,,,,,10.42,,,,,,SS,,32.644,-115.307,9.96,208.71,True,4.396,False,,False,159.516,215.35,149.908,36.6093,40.9424,8.74873,25.6722,16.2456,3.60428,-1.20604,-0.478287,-0.088239,,,,,,,,,,,Tp_V_s:None,1979:1979imperialvalley06usa:US:brawleyairport,1,
S08-R0010,Taiwan database(NCREE),10,1979_ImperialValley_06_USA,1979,EC County Center FF,US:eccountycenterff,32.793,-115.562,original,S01,Taiwan database(NCREE)!H10:I10,original row,,as supplied,,6.5,,,,,7.31,,,,,,SS,,32.644,-115.307,9.96,192.05,True,4.417,False,,False,208.007,230.952,239.99,38.4415,73.4066,18.9879,16.9987,47.9884,9.60999,-0.35888,-0.759338,0.041958,,,,,,,,,,,Tp_V_s:None,1979:1979imperialvalley06usa:US:eccountycenterff,1,
S08-R0011,Taiwan database(NCREE),11,1979_ImperialValley_06_USA,1979,El Centro Meloland Geot. Array,US:elcentromelolandgeotarray,32.773,-115.447,original,S01,Taiwan database(NCREE)!H11:I11,original row,,as supplied,,6.5,,,,,0.07,,,,,,SS,,32.644,-115.307,9.96,264.57,True,3.423,True,2.849,False,311.175,291.931,244.175,72.96,92.6242,29.0548,34.9046,34.497,8.61673,0.017187,0.176874,-0.024558,,,,,,,,,,,,1979:1979imperialvalley06usa:US:elcentromelolandgeotarray,1,
S08-R0012,Taiwan database(NCREE),12,1979_ImperialValley_06_USA,1979,El Centro Array 10,US:elcentroarray10,32.7806,-115.5681,original,S01,Taiwan database(NCREE)!H12:I12,original row,,as supplied,,6.5,,,,,8.6,,,,,,SS,,32.644,-115.307,9.96,202.85,True,4.515,False,,False,169.85,227.226,107.727,50.69,46.3867,9.09483,35.4007,28.7224,6.59158,0.429119,-0.033427,0.155707,,,,,,,,,,,Tp_V_s:None,1979:1979imperialvalley06usa:US:elcentroarray10,1,
S08-R0013,Taiwan database(NCREE),13,1979_ImperialValley_06_USA,1979,El Centro Array 3,US:elcentroarray3,32.894,-115.38,original,S01,Taiwan database(NCREE)!H13:I13,original row,,as supplied,,6.5,,,,,12.85,,,,,,SS,,32.644,-115.307,9.96,162.94,True,4.501,False,,False,262.311,218.291,130.195,47.9808,43.2998,9.1674,20.7331,25.5397,5.04415,-0.433372,0.153541,0.02834,,,,,,,,,,,Tp_V_s:None,1979:1979imperialvalley06usa:US:elcentroarray3,1,
S08-R0014,Taiwan database(NCREE),14,1979_ImperialValley_06_USA,1979,El Centro Array 4,US:elcentroarray4,32.864,-115.432,original,S01,Taiwan database(NCREE)!H14:I14,original row,,as supplied,,6.5,,,,,7.05,,,,,,SS,,32.644,-115.307,9.96,208.91,True,4.788,False,,False,475.109,363.389,286.028,39.6576,80.4231,16.9008,25.1325,74.2252,11.5242,0.124885,-0.471728,-0.18438,,,,,,,,,,,Tp_V_s:None,1979:1979imperialvalley06usa:US:elcentroarray4,1,
S08-R0015,Taiwan database(NCREE),15,1979_ImperialValley_06_USA,1979,El Centro Array 5,US:elcentroarray5,32.855,-115.466,original,S01,Taiwan database(NCREE)!H15:I15,original row,,as supplied,,6.5,,,,,3.95,,,,,,SS,,32.644,-115.307,9.96,205.63,True,4.13,False,,False,518.626,375.866,582.763,48.9252,96.9174,39.5485,48.851,75.1989,22.3249,-0.468519,-0.19225,0.043921,,,,,,,,,,,Tp_V_s:None,1979:1979imperialvalley06usa:US:elcentroarray5,1,
S08-R0016,Taiwan database(NCREE),16,1979_ImperialValley_06_USA,1979,El Centro Array 6,US:elcentroarray6,32.839,-115.487,original,S01,Taiwan database(NCREE)!H16:I16,original row,,as supplied,,6.5,,,,,1.35,,,,,,SS,,32.644,-115.307,9.96,203.22,True,3.773,False,,False,438.787,440.511,1858.97,67.0214,113.554,64.0823,27.8815,72.8604,23.6781,1.08565,-0.192744,0.563676,,,,,,,,,,,Tp_V_s:None,1979:1979imperialvalley06usa:US:elcentroarray6,1,
S08-R0017,Taiwan database(NCREE),17,1979_ImperialValley_06_USA,1979,El Centro Array 7,US:elcentroarray7,32.829,-115.504,original,S01,Taiwan database(NCREE)!H17:I17,original row,,as supplied,,6.5,,,,,0.56,,,,,,SS,,32.644,-115.307,9.96,210.51,True,4.375,False,,False,334.334,460.174,566.906,51.6884,113.148,27.1765,27.963,46.9342,9.99622,0.373329,-0.16714,-0.230158,,,,,,,,,,,Tp_V_s:None,1979:1979imperialvalley06usa:US:elcentroarray7,1,
S08-R0018,Taiwan database(NCREE),18,1979_ImperialValley_06_USA,1979,El Centro Differential Array,US:elcentrodifferentialarray,32.796,-115.535,original,S01,Taiwan database(NCREE)!H18:I18,original row,,as supplied,,6.5,,,,,5.09,,,,,,SS,,32.644,-115.307,9.96,202.26,True,6.265,False,,False,345.918,472.208,755.12,75.6005,40.9528,21.5808,57.1067,16.4014,13.5916,-0.103405,0.442162,-0.078719,,,,,,,,,,,Tp_V_s:None,1979:1979imperialvalley06usa:US:elcentrodifferentialarray,1,
S08-R0019,Taiwan database(NCREE),19,1979_ImperialValley_06_USA,1979,Holtville Post Office,US:holtvillepostoffice,32.8114,-115.3786,original,S01,Taiwan database(NCREE)!H19:I19,original row,,as supplied,,6.5,,,,,7.5,,,,,,SS,,32.644,-115.307,9.96,202.89,True,4.823,False,,False,253.248,217.243,252.071,53.1534,51.4646,9.87836,39.1359,35.7888,5.63813,0.602062,-0.409787,-0.131611,,,,,,,,,,,Tp_V_s:None,1979:1979imperialvalley06usa:US:holtvillepostoffice,1,
S08-R0020,Taiwan database(NCREE),20,1979_Montenegro_Yugoslavia,1979,Bar-Skupstina Opstine,ME:barskupstinaopstine,42.095,19.101,original,S01,Taiwan database(NCREE)!H20:I20,original row,,as supplied,,7.1,,,,,6.98,,,,,,RV,,42.04,19.21,7,462.23,True,1.442,False,,False,365.334,360.757,239.109,41.2879,52.894,14.2166,10.3319,15.9227,3.17189,0.315685,0.205331,0.716025,,,,,,,,,,,Tp_V_s:None,1979:1979montenegroyugoslavia:ME:barskupstinaopstine,1,
S08-R0021,Taiwan database(NCREE),21,1979_Montenegro_Yugoslavia,1979,Ulcinj - Hotel Olimpic,ME:ulcinjhotelolimpic,41.911,19.249,original,S01,Taiwan database(NCREE)!H21:I21,original row,,as supplied,,7.1,,,,,5.76,,,,,,RV,,42.04,19.21,7,318.74,True,1.974,False,,False,287.184,243.636,451.976,43.6027,51.6414,15.5437,16.8486,19.1944,6.36023,1.89335,0.567066,2.82554,,,,,,,,,,,Tp_V_s:None,1979:1979montenegroyugoslavia:ME:ulcinjhotelolimpic,1,
S08-R0022,Taiwan database(NCREE),22,1980_Irpinia_01_Italy,1980,Bagnoli Irpinio,IT:bagnoliirpinio,40.821,15.069,original,S01,Taiwan database(NCREE)!H22:I22,original row,,as supplied,,6.9,,,,,8.18,,,,,,NM,,40.8059,15.3372,9.5,649.67,True,1.71332,False,,False,127.189,186.142,104.487,23.6042,34.7058,15.8518,13.1212,13.7377,8.23672,0.217184,0.097799,0.221122,,,,,,,,,,,Tp_V_s:None,1980:1980irpinia01italy:IT:bagnoliirpinio,1,
S08-R0023,Taiwan database(NCREE),23,1980_Irpinia_01_Italy,1980,Sturno (STN),IT:sturnostn,41.0184,15.1117,original,S01,Taiwan database(NCREE)!H23:I23,original row,,as supplied,,6.9,,,,,10.84,,,,,,NM,,40.8059,15.3372,9.5,382,True,3.27264,False,,False,222.351,314.432,230.488,36.9862,71.957,24.0209,13.1078,29.3064,10.4964,0.361929,-0.012103,0.287101,,,,,,,,,,,Tp_V_s:None,1980:1980irpinia01italy:IT:sturnostn,1,
S08-R0024,Taiwan database(NCREE),24,1981_Westmorland_USA,1981,Parachute Test Site,US:parachutetestsite,32.929,-115.701,original,S01,Taiwan database(NCREE)!H24:I24,original row,,as supplied,,5.9,,,,,16.66,,,,,,SS,,33.1,-115.62,2.3,348.69,True,4.389,False,,False,227.673,146.029,148.381,55.5828,32.7057,13.1779,37.1081,21.8333,3.73091,-0.499659,-0.219125,-0.040118,,,,,,,,,,,Tp_V_s:None,1981:1981westmorlandusa:US:parachutetestsite,1,
S08-R0025,Taiwan database(NCREE),25,1984_MorganHill_USA,1984,Coyote Lake Dam - Southwest Abutment,US:coyotelakedamsouthwestabutment,37.118,-121.55,original,S01,Taiwan database(NCREE)!H25:I25,original row,,as supplied,,6.2,,,,,0.53,,,,,,SS,,37.306,-121.695,8.5,561.43,True,1.071,False,,False,699.828,1278.16,379.366,52.9126,78.4998,15.6439,12.7349,14.6015,2.24803,0.430136,0.32586,0.187486,,,,,,,,,,,Tp_V_s:None,1984:1984morganhillusa:US:coyotelakedamsouthwestabutment,1,
S08-R0026,Taiwan database(NCREE),26,1984_MorganHill_USA,1984,Gilroy Array 6,US:gilroyarray6,37.026,-121.484,original,S01,Taiwan database(NCREE)!H26:I26,original row,,as supplied,,6.2,,,,,9.87,,,,,,SS,,37.306,-121.695,8.5,663.31,True,1.232,False,,False,218.655,286.706,398.413,11.2029,36.4945,14.2322,2.1443,5.94385,1.60721,0.075984,-0.023191,-0.012579,,,,,,,,,,,Tp_V_s:None,1984:1984morganhillusa:US:gilroyarray6,1,
S08-R0027,Taiwan database(NCREE),27,1986_Kalamata_02_Greece,1986,Kalamata (bsmt) (2nd trigger),GR:kalamatabsmt2ndtrigger,37.03,22.12,original,S01,Taiwan database(NCREE)!H27:I27,original row,,as supplied,,5.4,,,,,5.6,,,,,,NM,,37.1,22.19,5,382.21,False,,True,0.60144,False,158.305,77.467,257.82,12.792,4.74132,24.5856,1.31061,0.694356,3.77324,0.010658,0.020467,-0.00559,,,,,,,,,,,Tp_H_s:None,1986:1986kalamata02greece:GR:kalamatabsmt2ndtrigger,1,
S08-R0028,Taiwan database(NCREE),28,1986_SanSalvador_USA,1986,Geotech Investig Center,SV:geotechinvestigcenter,13.7,-89.175,original,S01,Taiwan database(NCREE)!H28:I28,original row,,as supplied,,5.8,,,,,6.3,,,,,,SS,,13.633,-89.2,10.9,489.34,True,0.805,False,,False,690.854,412.838,396.672,79.9347,62.3516,12.2081,12.6046,12.9898,2.21278,0.006885,1.01541,-0.071762,,,,,,,,,,,Tp_V_s:None,1986:1986sansalvadorusa:SV:geotechinvestigcenter,1,
S08-R0029,Taiwan database(NCREE),29,1986_SanSalvador_USA,1986,National Geografical Inst,SV:nationalgeograficalinst,13.714,-89.171,original,S01,Taiwan database(NCREE)!H29:I29,original row,,as supplied,,5.8,,,,,6.99,,,,,,SS,,13.633,-89.2,10.9,455.93,True,1.127,False,,False,396.291,524.274,451.009,56.3823,73.0079,19.2073,19.6199,11.3779,2.52156,0.623423,0.052895,-0.010382,,,,,,,,,,,Tp_V_s:None,1986:1986sansalvadorusa:SV:nationalgeograficalinst,1,
S08-R0030,Taiwan database(NCREE),30,1987_SuperstitionHills_02_USA,1987,Kornbloom Road (temp),US:kornbloomroadtemp,33.125,-115.665,original,S01,Taiwan database(NCREE)!H30:I30,original row,,as supplied,,6.5,,,,,18.48,,,,,,SS,,33.0222,-115.8314,9,266.01,True,2.128,False,,False,111.708,136.359,,18.2654,29.6355,,8.07581,8.00619,,0.774832,-0.523098,,,,,,,,,,,,"Tp_V_s:None, PGA_V_original:None, PGV_V_original:None, PGD_V_original:None, RD_V_original:None",1987:1987superstitionhills02usa:US:kornbloomroadtemp,1,
S08-R0031,Taiwan database(NCREE),31,1987_SuperstitionHills_02_USA,1987,Parachute Test Site,US:parachutetestsite,32.929,-115.701,original,S01,Taiwan database(NCREE)!H31:I31,original row,,as supplied,,6.5,,,,,0.95,,,,,,SS,,33.0222,-115.8314,9,348.69,True,2.394,False,,False,423.613,376.968,,134.422,53.2222,,45.7077,18.1117,,-6.62485,0.382877,,,,,,,,,,,,"Tp_V_s:None, PGA_V_original:None, PGV_V_original:None, PGD_V_original:None, RD_V_original:None",1987:1987superstitionhills02usa:US:parachutetestsite,1,
S08-R0032,Taiwan database(NCREE),32,1989_LomaPrieta_USA,1989,Gilroy - Historic Bldg.,US:gilroyhistoricbldg,37.009,-121.569,original,S01,Taiwan database(NCREE)!H32:I32,original row,,as supplied,,6.9,,,,,10.97,,,,,,RO,,37.0407,-121.8829,17.48,308.55,True,1.638,False,,False,279.85,237.348,145.139,43.3977,23.7667,12.6037,9.85181,3.8126,8.30541,-0.035708,0.003568,0.148209,,,,,,,,,,,Tp_V_s:None,1989:1989lomaprietausa:US:gilroyhistoricbldg,1,
S08-R0033,Taiwan database(NCREE),33,1989_LomaPrieta_USA,1989,Gilroy Array 2,US:gilroyarray2,36.982,-121.556,original,S01,Taiwan database(NCREE)!H33:I33,original row,,as supplied,,6.9,,,,,11.07,,,,,,RO,,37.0407,-121.8829,17.48,270.84,True,1.729,False,,False,362.702,316.586,289.571,34.7683,40.4076,16.5474,9.50162,18.4501,8.03448,-0.028993,-0.14298,0.015727,,,,,,,,,,,Tp_V_s:None,1989:1989lomaprietausa:US:gilroyarray2,1,
S08-R0034,Taiwan database(NCREE),34,1989_LomaPrieta_USA,1989,Gilroy Array 3,US:gilroyarray3,36.987,-121.536,original,S01,Taiwan database(NCREE)!H34:I34,original row,,as supplied,,6.9,,,,,12.82,,,,,,RO,,37.0407,-121.8829,17.48,349.85,True,2.639,False,,False,548.5,361.23,335.2,36.3258,45.438,15.6581,10.8349,24.0934,7.03084,0.065878,0.210432,0.206556,,,,,,,,,,,Tp_V_s:None,1989:1989lomaprietausa:US:gilroyarray3,1,
S08-R0035,Taiwan database(NCREE),35,1989_LomaPrieta_USA,1989,Los Gatos - Lexington Dam,US:losgatoslexingtondam,37.202,-121.991,original,S01,Taiwan database(NCREE)!H35:I35,original row,,as supplied,,6.9,,,,,5.02,,,,,,RO,,37.0407,-121.8829,17.48,1070.34,True,1.568,False,,False,434.348,403.648,140.485,85.8353,95.8571,27.065,17.3168,30.3143,16.583,0.222243,0.418695,-0.02259,,,,,,,,,,,Tp_V_s:None,1989:1989lomaprietausa:US:losgatoslexingtondam,1,
S08-R0036,Taiwan database(NCREE),36,1989_LomaPrieta_USA,1989,Saratoga - Aloha Ave,US:saratogaalohaave,37.255,-122.031,original,S01,Taiwan database(NCREE)!H36:I36,original row,,as supplied,,6.9,,,,,8.5,,,,,,RO,,37.0407,-121.8829,17.48,380.89,True,4.571,False,,False,504.68,320.029,388.184,41.5919,45.9837,28.0352,16.3239,33.3253,17.2651,0.255919,-0.02501,-0.293653,,,,,,,,,,,Tp_V_s:None,1989:1989lomaprietausa:US:saratogaalohaave,1,
S08-R0037,Taiwan database(NCREE),37,1989_LomaPrieta_USA,1989,Saratoga - W Valley Coll.,US:saratogawvalleycoll,37.262,-122.009,original,S01,Taiwan database(NCREE)!H37:I37,original row,,as supplied,,6.9,,,,,9.31,,,,,,RO,,37.0407,-121.8829,17.48,347.9,True,5.649,False,,False,252.607,324.935,,42.0564,64.9123,,24.2147,37.8604,,0.273666,0.35765,,,,,,,,,,,,"Tp_V_s:None, PGA_V_original:None, PGV_V_original:None, PGD_V_original:None, RD_V_original:None",1989:1989lomaprietausa:US:saratogawvalleycoll,1,
S08-R0038,Taiwan database(NCREE),38,1992_CapeMendocino_USA,1992,Bunker Hill FAA,US:bunkerhillfaa,40.4976,-124.2945,original,S01,Taiwan database(NCREE)!H38:I38,original row,,as supplied,,7,,,,,12.24,,,,,,RV,,40.327,-124.233,9.5,566.42,True,5.362,False,,False,174.01,202.494,82.9683,67.8764,48.3387,12.4438,39.0697,16.1152,6.13103,-1.4146,0.871247,-0.152632,,,,,,,,,,,Tp_V_s:None,1992:1992capemendocinousa:US:bunkerhillfaa,1,
S08-R0039,Taiwan database(NCREE),39,1992_CapeMendocino_USA,1992,Centerville Beach_ Naval Fac,US:centervillebeachnavalfac,40.563,-124.348,original,S01,Taiwan database(NCREE)!H39:I39,original row,,as supplied,,7,,,,,18.31,,,,,,RV,,40.327,-124.233,9.5,459.04,True,1.967,False,,False,312.034,468.569,119.282,49.5464,51.2202,17.1067,12.6545,15.992,8.66549,0.02862,-0.356222,0.350451,,,,,,,,,,,Tp_V_s:None,1992:1992capemendocinousa:US:centervillebeachnavalfac,1,
S08-R0040,Taiwan database(NCREE),40,1992_CapeMendocino_USA,1992,Petrolia,US:petrolia,40.324,-124.286,original,S01,Taiwan database(NCREE)!H40:I40,original row,,as supplied,,7,,,,,8.18,,,,,,RV,,40.327,-124.233,9.5,422.17,True,2.996,False,,False,579.564,648.994,162.033,49.5551,88.9761,20.1015,16.5553,33.1977,19.3642,1.28531,-0.835018,-13.1466,,,,,,,,,,,Tp_V_s:None,1992:1992capemendocinousa:US:petrolia,1,
S08-R0041,Taiwan database(NCREE),41,1992_Landers_USA,1992,Barstow,US:barstow,34.887,-117.047,original,S01,Taiwan database(NCREE)!H41:I41,original row,,as supplied,,7.3,,,,,34.86,,,,,,SS,,34.2,-116.436,7,370.08,True,9.128,False,,False,127.98,132.876,64.0908,20.5159,25.0357,7.3717,14.6365,17.9288,3.35065,-0.487188,-0.754395,1.67491,,,,,,,,,,,Tp_V_s:None,1992:1992landersusa:US:barstow,1,
S08-R0042,Taiwan database(NCREE),42,1992_Landers_USA,1992,Lucerne,US:lucerne,34.568,-116.612,original,S01,Taiwan database(NCREE)!H42:I42,original row,,as supplied,,7.3,,,,,2.19,,,,,,SS,,34.2,-116.436,7,1369,True,5.124,False,,False,711.386,773.774,807.615,133.607,28.2487,41.09,113.737,25.5623,29.8077,-0.815603,-0.709858,0.146421,,,,,,,,,,,Tp_V_s:None,1992:1992landersusa:US:lucerne,1,
S08-R0043,Taiwan database(NCREE),43,1992_Landers_USA,1992,Yermo Fire Station,US:yermofirestation,34.904,-116.823,original,S01,Taiwan database(NCREE)!H43:I43,original row,,as supplied,,7.3,,,,,23.62,,,,,,SS,,34.2,-116.436,7,353.63,True,7.504,False,,False,239.876,148.873,133.315,51.1816,29.0981,13.0717,41.4894,23.1835,4.85637,0.504145,-0.337694,0.515168,,,,,,,,,,,Tp_V_s:None,1992:1992landersusa:US:yermofirestation,1,
S08-R0044,Taiwan database(NCREE),44,1994_Northridge_01_USA,1994,Jensen Filter Plant Administrative Building,US:jensenfilterplantadministrativebuilding,34.312,-118.496,original,S01,Taiwan database(NCREE)!H44:I44,original row,,as supplied,,6.7,,,,,5.43,,,,,,RV,,34.2057,-118.5539,17.5,373.07,True,3.157,False,,False,402.73,605.361,339.933,111.481,97.365,31.2571,44.6379,23.4431,7.48821,-0.447372,-0.525172,0.144294,,,,,,,,,,,Tp_V_s:None,1994:1994northridge01usa:US:jensenfilterplantadministrativebuilding,1,
S08-R0045,Taiwan database(NCREE),45,1994_Northridge_01_USA,1994,Jensen Filter Plant Generator Building,US:jensenfilterplantgeneratorbuilding,34.313,-118.498,original,S01,Taiwan database(NCREE)!H45:I45,original row,,as supplied,,6.7,,,,,5.43,,,,,,RV,,34.2057,-118.5539,17.5,525.79,True,3.535,False,,False,560.356,976.042,749.823,76.1587,67.401,27.9174,41.9085,24.2975,7.66585,-0.05913,0.232953,-0.247002,,,,,,,,,,,Tp_V_s:None,1994:1994northridge01usa:US:jensenfilterplantgeneratorbuilding,1,
S08-R0046,Taiwan database(NCREE),46,1994_Northridge_01_USA,1994,LA - Sepulveda VA Hospital,US:lasepulvedavahospital,34.2489,-118.4789,original,S01,Taiwan database(NCREE)!H46:I46,original row,,as supplied,,6.7,,,,,8.44,,,,,,RV,,34.2057,-118.5539,17.5,380.06,True,0.931,False,,False,738.216,914.297,311.591,77.7095,76.4868,24.9966,11.8465,17.6702,11.0883,0.074839,0.172988,0.153427,,,,,,,,,,,Tp_V_s:None,1994:1994northridge01usa:US:lasepulvedavahospital,1,
S08-R0047,Taiwan database(NCREE),47,1994_Northridge_01_USA,1994,LA Dam,US:ladam,34.294,-118.483,original,S01,Taiwan database(NCREE)!H47:I47,original row,,as supplied,,6.7,,,,,5.92,,,,,,RV,,34.2057,-118.5539,17.5,628.99,True,1.617,False,,False,418.205,318.032,313.239,74.848,47.396,20.4486,19.0814,24.5411,15.6445,0.598493,-0.120788,-0.05782,,,,,,,,,,,Tp_V_s:None,1994:1994northridge01usa:US:ladam,1,
S08-R0048,Taiwan database(NCREE),48,1994_Northridge_01_USA,1994,Newhall - Fire Sta,US:newhallfiresta,34.387,-118.533,original,S01,Taiwan database(NCREE)!H48:I48,original row,,as supplied,,6.7,,,,,5.92,,,,,,RV,,34.2057,-118.5539,17.5,269.14,True,1.372,False,,False,571.912,579.193,537.794,75.8233,97.449,31.5849,17.6814,34.2855,13.3279,0.579747,-1.24047,-4.52721,,,,,,,,,,,Tp_V_s:None,1994:1994northridge01usa:US:newhallfiresta,1,
S08-R0049,Taiwan database(NCREE),49,1994_Northridge_01_USA,1994,Newhall - W Pico Canyon Rd.,US:newhallwpicocanyonrd,34.391,-118.622,original,S01,Taiwan database(NCREE)!H49:I49,original row,,as supplied,,6.7,,,,,5.48,,,,,,RV,,34.2057,-118.5539,17.5,285.93,True,2.982,False,,False,411.414,350.275,290.682,118.231,59.2031,28.6247,42.482,16.1811,13.0237,0.633837,-1.14198,-0.721085,,,,,,,,,,,Tp_V_s:None,1994:1994northridge01usa:US:newhallwpicocanyonrd,1,
S08-R0050,Taiwan database(NCREE),50,1994_Northridge_01_USA,1994,Pacoima Dam (downstr),US:pacoimadamdownstr,34.334,-118.396,original,S01,Taiwan database(NCREE)!H50:I50,original row,,as supplied,,6.7,,,,,7.01,,,,,,RV,,34.2057,-118.5539,17.5,2016.13,True,0.588,False,,False,407.889,425.617,186.922,45.0399,31.4907,14.8806,4.91753,5.20778,13.0171,0.218621,0.701468,12.0011,,,,,,,,,,,Tp_V_s:None,1994:1994northridge01usa:US:pacoimadamdownstr,1,
S08-R0051,Taiwan database(NCREE),51,1994_Northridge_01_USA,1994,Pacoima Dam (upper left),US:pacoimadamupperleft,34.334,-118.396,original,S01,Taiwan database(NCREE)!H51:I51,original row,,as supplied,,6.7,,,,,7.01,,,,,,RV,,34.2057,-118.5539,17.5,2016.13,True,0.84,False,,False,1554.83,1260.59,1205.91,54.8122,103.6,49.7939,6.07972,21.9672,11.5617,3.18809,-2.56413,1.49972,,,,,,,,,,,Tp_V_s:None,1994:1994northridge01usa:US:pacoimadamupperleft,1,
S08-R0052,Taiwan database(NCREE),52,1994_Northridge_01_USA,1994,Pacoima Kagel Canyon,US:pacoimakagelcanyon,34.296,-118.375,original,S01,Taiwan database(NCREE)!H52:I52,original row,,as supplied,,6.7,,,,,7.26,,,,,,RV,,34.2057,-118.5539,17.5,508.08,True,0.728,False,,False,295.591,424.597,165.991,30.8614,51.7343,14.9018,10.7118,7.73931,8.38656,0.46359,2.51898,8.12654,,,,,,,,,,,Tp_V_s:None,1994:1994northridge01usa:US:pacoimakagelcanyon,1,
S08-R0053,Taiwan database(NCREE),53,1994_Northridge_01_USA,1994,Pardee - SCE,US:pardeesce,34.435,-118.582,original,S01,Taiwan database(NCREE)!H53:I53,original row,,as supplied,,6.7,,,,,7.46,,,,,,RV,,34.2057,-118.5539,17.5,325.67,True,1.232,False,,False,546.861,296.559,377.906,76.0949,54.0527,11.1707,14.4886,11.0443,0.482417,0.076651,-0.105969,-0.013645,,,,,,,,,,,Tp_V_s:None,1994:1994northridge01usa:US:pardeesce,1,
S08-R0054,Taiwan database(NCREE),54,1994_Northridge_01_USA,1994,Rinaldi Receiving Sta,US:rinaldireceivingsta,34.281,-118.478,original,S01,Taiwan database(NCREE)!H54:I54,original row,,as supplied,,6.7,,,,,6.5,,,,,,RV,,34.2057,-118.5539,17.5,282.25,True,1.246,False,,False,857.452,463.373,939.964,148.2,74.9501,42.367,41.8596,23.0608,3.72111,-2.16315,-0.34438,-0.00632,,,,,,,,,,,Tp_V_s:None,1994:1994northridge01usa:US:rinaldireceivingsta,1,
S08-R0055,Taiwan database(NCREE),55,1994_Northridge_01_USA,1994,Sylmar - Converter Sta,US:sylmarconvertersta,34.311,-118.49,original,S01,Taiwan database(NCREE)!H55:I55,original row,,as supplied,,6.7,,,,,5.35,,,,,,RV,,34.2057,-118.5539,17.5,251.24,True,2.982,False,,False,611.159,905.894,593.52,116.311,88.5293,26.1235,39.4046,22.1531,8.3181,-0.113761,0.298255,-0.152214,,,,,,,,,,,Tp_V_s:None,1994:1994northridge01usa:US:sylmarconvertersta,1,
S08-R0056,Taiwan database(NCREE),56,1994_Northridge_01_USA,1994,Sylmar - Converter Sta East,US:sylmarconverterstaeast,34.312,-118.481,original,S01,Taiwan database(NCREE)!H56:I56,original row,,as supplied,,6.7,,,,,5.19,,,,,,RV,,34.2057,-118.5539,17.5,370.52,True,3.528,False,,False,836.502,440.091,467.061,120.972,60.4276,26.7978,34.0552,18.7663,9.28533,0.268975,0.243951,-0.08375,,,,,,,,,,,Tp_V_s:None,1994:1994northridge01usa:US:sylmarconverterstaeast,1,
S08-R0057,Taiwan database(NCREE),57,1994_Northridge_01_USA,1994,Sylmar - Olive View Med FF,US:sylmaroliveviewmedff,34.326,-118.444,original,S01,Taiwan database(NCREE)!H57:I57,original row,,as supplied,,6.7,,,,,5.3,,,,,,RV,,34.2057,-118.5539,17.5,440.54,True,2.436,False,,False,593.386,827.334,525.513,77.7848,130.382,19.192,15.6741,31.9463,8.13596,1.70715,1.99616,2.26333,,,,,,,,,,,Tp_V_s:None,1994:1994northridge01usa:US:sylmaroliveviewmedff,1,
S08-R0058,Taiwan database(NCREE),58,1995_Kobe_Japan,1995,KJMA,JP:kjma,34.6833,135.18,original,S01,Taiwan database(NCREE)!H58:I58,original row,,as supplied,,6.9,,,,,0.96,,,,,,SS,,34.596,135.011,17.9,312,True,1.092,False,,False,818.379,617.693,332.473,91.6715,76.1411,40.4225,21.1529,18.3573,14.4531,-0.20479,0.092147,-0.035418,,,,,,,,,,,Tp_V_s:None,1995:1995kobejapan:JP:kjma,1,
S08-R0059,Taiwan database(NCREE),59,1995_Kobe_Japan,1995,Port Island (0 m),JP:portisland0m,34.67,135.201,original,S01,Taiwan database(NCREE)!H59:I59,original row,,as supplied,,6.9,,,,,3.31,,,,,,SS,,34.596,135.011,17.9,198,True,2.828,True,2.674,False,341.247,284.266,556.033,90.6851,51.2371,62.1408,39.3181,30.7335,27.8216,0.232153,0.128238,-0.174178,,,,,,,,,,,,1995:1995kobejapan:JP:portisland0m,1,
S08-R0060,Taiwan database(NCREE),60,1995_Kobe_Japan,1995,Takarazuka,JP:takarazuka,34.809,135.344,original,S01,Taiwan database(NCREE)!H60:I60,original row,,as supplied,,6.9,,,,,0.27,,,,,,SS,,34.596,135.011,17.9,312,True,1.806,False,,False,684.098,602.199,418.887,68.5384,86.3411,34.9316,26.664,20.8409,12.3869,-0.032693,0.109088,0.152371,,,,,,,,,,,Tp_V_s:None,1995:1995kobejapan:JP:takarazuka,1,
S08-R0061,Taiwan database(NCREE),61,1995_Kobe_Japan,1995,Takatori,JP:takatori,34.649,135.139,original,S01,Taiwan database(NCREE)!H61:I61,original row,,as supplied,,6.9,,,,,1.47,,,,,,SS,,34.596,135.011,17.9,256,True,1.554,False,,False,605.974,658.306,278.828,120.728,123.007,16.2833,39.9927,29.5382,4.42904,-0.195631,0.458173,0.11499,,,,,,,,,,,Tp_V_s:None,1995:1995kobejapan:JP:takatori,1,
S08-R0062,Taiwan database(NCREE),62,1998_Rayli_Taiwan,1998,CHY011,TW:chy011,23.483,120.654333,original,S01,Taiwan database(NCREE)!H62:I62,original row,,as supplied,,5.72,,,,,5.523088,,,,,,RV,,23.5023,120.6612,6.18,581.469012,True,0.8008,False,,False,721.493,388.694,335.896,73.8951,30.8376,26.9593,6.83078,4.83089,7.11029,0.001144,-0.000313,0.003992,,,,,,,,,,,Tp_V_s:None,1998:1998raylitaiwan:TW:chy011,1,
S08-R0063,Taiwan database(NCREE),63,1998_Rayli_Taiwan,1998,CHY048,TW:chy048,23.470667,120.445333,original,S01,Taiwan database(NCREE)!H63:I63,original row,,as supplied,,5.72,,,,,18.420864,,,,,,RV,,23.5023,120.6612,6.18,248.6531,True,0.7504,False,,False,283.218,359.398,78.874,20.1611,27.4384,4.34706,4.38079,3.96841,1.72695,0.015958,-0.052837,0.090784,,,,,,,,,,,Tp_V_s:None,1998:1998raylitaiwan:TW:chy048,1,
S08-R0064,Taiwan database(NCREE),64,1999_ChiChi_03_Taiwan,1999,CHY024,TW:chy024,23.755333,120.615667,original,S01,Taiwan database(NCREE)!H64:I64,original row,,as supplied,,6.3,,,,,18.733087,,,,,,RV,,23.81,120.85,7.8,408.4967,True,3.213,False,,False,179.57,84.086,67.267,31.572,13.0065,25.7419,20.4749,10.1729,17.2732,0.003867,0.046695,0.523254,,,,,,,,,,,Tp_V_s:None,1999:1999chichi03taiwan:TW:chy024,1,
S08-R0065,Taiwan database(NCREE),65,1999_ChiChi_03_Taiwan,1999,CHY035,TW:chy035,23.518667,120.591667,original,S01,Taiwan database(NCREE)!H65:I65,original row,,as supplied,,6.3,,,,,34.140867,,,,,,RV,,23.81,120.85,7.8,554.221319,True,1.071,False,,False,200.693,90.357,43.246,29.031,12.6823,5.71544,6.24683,5.33674,1.77479,-0.464271,0.143248,-0.188566,,,,,,,,,,,Tp_V_s:None,1999:1999chichi03taiwan:TW:chy035,1,
S08-R0066,Taiwan database(NCREE),66,1999_ChiChi_03_Taiwan,1999,CHY080,TW:chy080,23.597167,120.676833,original,S01,Taiwan database(NCREE)!H66:I66,original row,,as supplied,,6.3,,,,,22.398382,,,,,,RV,,23.81,120.85,7.8,499.1681,True,1.379,False,,False,454.21,192.259,111.045,70.6218,24.0877,17.3934,12.1016,5.1123,3.32028,-0.117698,0.042988,-0.02084,,,,,,,,,,,Tp_V_s:None,1999:1999chichi03taiwan:TW:chy080,1,
S08-R0067,Taiwan database(NCREE),67,1999_ChiChi_03_Taiwan,1999,TCU065,TW:tcu065,24.056167,120.699833,original,S01,Taiwan database(NCREE)!H67:I67,original row,,as supplied,,6.3,,,,,25.456794,,,,,,RV,,23.81,120.85,7.8,290.1073,True,1.526,False,,False,345.619,288.378,49.265,28.7767,22.8483,7.90971,9.07994,9.27447,4.68332,-1.16928,0.775121,0.155633,,,,,,,,,,,Tp_V_s:None,1999:1999chichi03taiwan:TW:tcu065,1,
S08-R0068,Taiwan database(NCREE),68,1999_ChiChi_03_Taiwan,1999,TCU076,TW:tcu076,23.9065,120.6835,original,S01,Taiwan database(NCREE)!H68:I68,original row,,as supplied,,6.3,,,,,13.984137,,,,,,RV,,23.81,120.85,7.8,573.2302,True,0.938,False,,False,490.121,162.797,231.733,59.9934,17.0089,27.2176,9.32674,7.09695,10.6777,-0.618601,-0.646216,0.9055,,,,,,,,,,,Tp_V_s:None,1999:1999chichi03taiwan:TW:tcu076,1,
S08-R0069,Taiwan database(NCREE),69,1999_ChiChi_03_Taiwan,1999,TCU078,TW:tcu078,23.8105,120.853667,original,S01,Taiwan database(NCREE)!H69:I69,original row,,as supplied,,6.3,,,,,7.768148,,,,,,RV,,23.81,120.85,7.8,444.5432,False,,True,3.913,False,446.856,270.032,231.479,51.5732,18.245,24.8508,14.8112,7.65784,19.3295,-0.066179,0.028392,0.328032,,,,,,,,,,,Tp_H_s:None,1999:1999chichi03taiwan:TW:tcu078,1,
S08-R0070,Taiwan database(NCREE),70,1999_ChiChi_03_Taiwan,1999,TCU116,TW:tcu116,23.8557,120.5888,original,S01,Taiwan database(NCREE)!H70:I70,original row,,as supplied,,6.3,,,,,21.2972,,,,,,RV,,23.81,120.85,7.8,463.25,True,2.436,False,,False,104.988021,111.076228,82.687289,36.62208,17.51074,24.393085,15.904034,5.672707,17.558788,0.031312,0.017017,0.104498,,,,,,,,,,,Tp_V_s:None,1999:1999chichi03taiwan:TW:tcu116,1,
S08-R0071,Taiwan database(NCREE),71,1999_ChiChi_03_Taiwan,1999,TCU138,TW:tcu138,23.9205,120.602833,original,S01,Taiwan database(NCREE)!H71:I71,original row,,as supplied,,6.3,,,,,21.404493,,,,,,RV,,23.81,120.85,7.8,604.2296,True,2.1168,False,,False,132.55,125.357,77.361,27.0508,13.4458,20.3619,11.0228,8.00858,9.4162,0.107216,0.268952,-0.07592,,,,,,,,,,,Tp_V_s:None,1999:1999chichi03taiwan:TW:tcu138,1,
S08-R0072,Taiwan database(NCREE),72,1999_ChiChi_05_Taiwan,1999,TCU065,TW:tcu065,24.056167,120.699833,original,S01,Taiwan database(NCREE)!H72:I72,original row,,as supplied,,6.19,,,,,34.324221,,,,,,RV,,23.865,121.0395,19.08,290.1073,True,1.806,False,,False,180.258,169.183,43.634,39.6339,36.974,11.5921,12.9453,9.09891,4.12092,-0.018911,0.050233,0.042314,,,,,,,,,,,Tp_V_s:None,1999:1999chichi05taiwan:TW:tcu065,1,
S08-R0073,Taiwan database(NCREE),73,1999_ChiChi_05_Taiwan,1999,TCU067,TW:tcu067,24.09,120.728167,original,S01,Taiwan database(NCREE)!H73:I73,original row,,as supplied,,6.19,,,,,34.237143,,,,,,RV,,23.865,121.0395,19.08,440.3023,True,1.379,False,,False,280.694,172.559,109.971,41.7707,22.8427,8.05261,8.20278,3.36025,3.50079,0.001108,-0.029025,-0.05648,,,,,,,,,,,Tp_V_s:None,1999:1999chichi05taiwan:TW:tcu067,1,
S08-R0074,Taiwan database(NCREE),74,1999_ChiChi_05_Taiwan,1999,TCU071,TW:tcu071,23.984,120.795167,original,S01,Taiwan database(NCREE)!H74:I74,original row,,as supplied,,6.19,,,,,23.748746,,,,,,RV,,23.865,121.0395,19.08,614.7541,True,1.736,False,,False,363.292,172.584,76.289,36.0483,13.5658,8.55894,8.76496,2.77797,5.05064,0.054666,0.02244,-0.006249,,,,,,,,,,,Tp_V_s:None,1999:1999chichi05taiwan:TW:tcu071,1,
S08-R0075,Taiwan database(NCREE),75,1999_ChiChi_05_Taiwan,1999,TCU079,TW:tcu079,23.836833,120.902167,original,S01,Taiwan database(NCREE)!H75:I75,original row,,as supplied,,6.19,,,,,17.002391,,,,,,RV,,23.865,121.0395,19.08,353.9405,True,0.616,False,,False,471.511,384.821,293.444,35.1818,29.2119,12.6415,4.45847,5.57181,5.21288,0.117444,-0.12903,0.239657,,,,,,,,,,,Tp_V_s:None,1999:1999chichi05taiwan:TW:tcu079,1,
S08-R0076,Taiwan database(NCREE),76,1999_ChiChi_05_Taiwan,1999,TCU084,TW:tcu084,23.881333,120.908167,original,S01,Taiwan database(NCREE)!H76:I76,original row,,as supplied,,6.19,,,,,15.919055,,,,,,RV,,23.865,121.0395,19.08,733.78,True,1.435,False,,False,310.378,207.85,119.062,50.5574,39.2739,15.8824,12.7955,10.4846,6.49003,0.021252,-0.015706,0.013204,,,,,,,,,,,Tp_V_s:None,1999:1999chichi05taiwan:TW:tcu084,1,
S08-R0077,Taiwan database(NCREE),77,1999_ChiChi_05_Taiwan,1999,TCU133,TW:tcu133,24.134333,120.659333,original,S01,Taiwan database(NCREE)!H77:I77,original row,,as supplied,,6.19,,,,,42.084405,,,,,,RV,,23.865,121.0395,19.08,424.43784,True,0.896,False,,False,281.545,170.093,55.36,34.9029,16.6706,7.60594,9.80924,6.62253,3.02425,-0.04144,-0.001198,-0.039735,,,,,,,,,,,Tp_V_s:None,1999:1999chichi05taiwan:TW:tcu133,1,
S08-R0078,Taiwan database(NCREE),78,1999_ChiChi_07_Taiwan,1999,CHY101,TW:chy101,23.6845,120.570333,original,S01,Taiwan database(NCREE)!H78:I78,original row,,as supplied,,6.49,,,,,35.200077,,,,,,RV,,23.87,121.01,16,252.3659,True,2.772,False,,False,129.895,143.368,42.575,34.4373,21.0056,12.9984,12.5057,11.659,7.4922,-0.285038,3.20107,1.54565,,,,,,,,,,,Tp_V_s:None,1999:1999chichi07taiwan:TW:chy101,1,
S08-R0079,Taiwan database(NCREE),79,1999_ChiChi_07_Taiwan,1999,TCU078,TW:tcu078,23.8105,120.853667,original,S01,Taiwan database(NCREE)!H79:I79,original row,,as supplied,,6.49,,,,,11.127146,,,,,,RV,,23.87,121.01,16,444.5432,True,4.151,False,,False,261.213,379.951,305.658,40.342,34.7544,21.7916,14.7159,8.08923,14.405,0.054549,-0.002733,-0.029776,,,,,,,,,,,Tp_V_s:None,1999:1999chichi07taiwan:TW:tcu078,1,
S08-R0080,Taiwan database(NCREE),80,1999_ChiChi_07_Taiwan,1999,TCU079,TW:tcu079,23.836833,120.902167,original,S01,Taiwan database(NCREE)!H80:I80,original row,,as supplied,,6.49,,,,,10.002064,,,,,,RV,,23.87,121.01,16,353.9405,True,0.791,False,,False,777.702,600.048,573.066,49.3523,30.1387,17.2884,10.1846,5.27988,5.39442,0.271938,-0.022805,-0.06998,,,,,,,,,,,Tp_V_s:None,1999:1999chichi07taiwan:TW:tcu079,1,
S08-R0081,Taiwan database(NCREE),81,1999_ChiChi_07_Taiwan,1999,TCU080,TW:tcu080,23.9,120.937833,original,S01,Taiwan database(NCREE)!H81:I81,original row,,as supplied,,6.49,,,,,10.383259,,,,,,RV,,23.87,121.01,16,654.37,True,1.022,False,,False,462.037,529.356,470.635,29.2542,36.129,12.0869,5.7307,5.91312,4.27986,-0.004082,-0.006027,-0.003678,,,,,,,,,,,Tp_V_s:None,1999:1999chichi07taiwan:TW:tcu080,1,
S08-R0082,Taiwan database(NCREE),82,1999_ChiChi_Taiwan,1999,CHY006,TW:chy006,23.5795,120.560167,original,S01,Taiwan database(NCREE)!H82:I82,original row,,as supplied,,7.65,,,,,9.158035,,,,,,RO,,23.85,120.82,8,422.684,True,2.5704,False,,True,348.044,351.488,210.958,60.1939,42.7625,21.82,24.9543,23.8616,19.5909,7.03952,5.71641,5.34766,,,,,,,,,,,Tp_V_s:None,1999:1999chichitaiwan:TW:chy006,1,
S08-R0083,Taiwan database(NCREE),83,1999_ChiChi_Taiwan,1999,CHY024,TW:chy024,23.755333,120.615667,original,S01,Taiwan database(NCREE)!H83:I83,original row,,as supplied,,7.65,,,,,8.646287,,,,,,RO,,23.85,120.82,8,408.4967,True,6.629,True,5.74,True,276.373,162.188,141.429,51.4186,42.7836,47.0582,100.87,35.3857,28.836,59.1784,-10.5196,-3.72293,,,,,,,,,,,,1999:1999chichitaiwan:TW:chy024,1,
S08-R0084,Taiwan database(NCREE),84,1999_ChiChi_Taiwan,1999,CHY101,TW:chy101,23.6845,120.570333,original,S01,Taiwan database(NCREE)!H84:I84,original row,,as supplied,,7.65,,,,,9.150122,,,,,,RO,,23.85,120.82,8,252.3659,True,5.341,False,,True,332.727,390.151,162.185,65.9858,108.677,27.3413,53.629,78.8936,21.3204,-30.4223,-12.9404,-3.17102,,,,,,,,,,,Tp_V_s:None,1999:1999chichitaiwan:TW:chy101,1,
S08-R0085,Taiwan database(NCREE),85,1999_ChiChi_Taiwan,1999,NST,TW:nst,24.629667,121.008833,original,S01,Taiwan database(NCREE)!H85:I85,original row,,as supplied,,7.65,,,,,38.54447,,,,,,RO,,23.85,120.82,8,807.6457,True,7.875,False,,False,306.201,391.566,87.2847,20.9051,30.8599,23.3323,23.4121,16.8584,8.65653,0.202658,-0.126096,0.023385,,,,,,,,,,,Tp_V_s:None,1999:1999chichitaiwan:TW:nst,1,
S08-R0086,Taiwan database(NCREE),86,1999_ChiChi_Taiwan,1999,TCU006,TW:tcu006,24.9095,121.149333,original,S01,Taiwan database(NCREE)!H86:I86,original row,,as supplied,,7.65,,,,,72.634472,,,,,,RO,,23.85,120.82,8,612.0575,True,9.149,False,,False,58.797,75.524,32.944,33.7641,18.8753,15.7777,50.4323,17.0599,16.0481,-19.7079,-14.4171,-1.31454,,,,,,,,,,,Tp_V_s:None,1999:1999chichitaiwan:TW:tcu006,1,
S08-R0087,Taiwan database(NCREE),87,1999_ChiChi_Taiwan,1999,TCU015,TW:tcu015,24.755833,120.945833,original,S01,Taiwan database(NCREE)!H87:I87,original row,,as supplied,,7.65,,,,,49.864566,,,,,,RO,,23.85,120.82,8,430.6323,True,8.232,False,,False,104.504,110.391,68.023,42.779,27.9843,15.0513,49.301,20.2485,11.7999,1.46076,-0.750995,-0.415586,,,,,,,,,,,Tp_V_s:None,1999:1999chichitaiwan:TW:tcu015,1,
S08-R0088,Taiwan database(NCREE),88,1999_ChiChi_Taiwan,1999,TCU017,TW:tcu017,24.778667,121.018167,original,S01,Taiwan database(NCREE)!H88:I88,original row,,as supplied,,7.65,,,,,54.396628,,,,,,RO,,23.85,120.82,8,548.245614,True,8.925,False,,False,82.876,122.164,48.696,37.5951,33.1622,13.9588,44.1009,29.352,16.0333,7.50022,10.8997,11.941,,,,,,,,,,,Tp_V_s:None,1999:1999chichitaiwan:TW:tcu017,1,
S08-R0089,Taiwan database(NCREE),89,1999_ChiChi_Taiwan,1999,TCU018,TW:tcu018,24.878667,121.060833,original,S01,Taiwan database(NCREE)!H89:I89,original row,,as supplied,,7.65,,,,,66.313999,,,,,,RO,,23.85,120.82,8,619.9,True,10.479,False,,False,54.556,53.773,32.107,37.5773,21.6863,17.347,47.6128,25.1365,19.3732,1.50089,0.920084,14.5704,,,,,,,,,,,Tp_V_s:None,1999:1999chichitaiwan:TW:tcu018,1,
S08-R0090,Taiwan database(NCREE),90,1999_ChiChi_Taiwan,1999,TCU026,TW:tcu026,24.773667,121.083667,original,S01,Taiwan database(NCREE)!H90:I90,original row,,as supplied,,7.65,,,,,56.184061,,,,,,RO,,23.85,120.82,8,606.4894,True,8.372,False,,False,116.208,89.5308,56.4348,37.8721,26.7526,14.7609,44.306,31.0792,20.3971,-0.088827,-0.09604,0.014901,,,,,,,,,,,Tp_V_s:None,1999:1999chichitaiwan:TW:tcu026,1,
S08-R0091,Taiwan database(NCREE),91,1999_ChiChi_Taiwan,1999,TCU029,TW:tcu029,24.557667,120.7575,original,S01,Taiwan database(NCREE)!H91:I91,original row,,as supplied,,7.65,,,,,27.654657,,,,,,RO,,23.85,120.82,8,404.831,True,5.271,False,,True,154.655,194.381,62.2489,35.8851,51.7082,20.8334,67.0468,58.6245,27.5596,43.8264,-22.3882,0.275943,,,,,,,,,,,Tp_V_s:None,1999:1999chichitaiwan:TW:tcu029,1,
S08-R0092,Taiwan database(NCREE),92,1999_ChiChi_Taiwan,1999,TCU031,TW:tcu031,24.559333,120.709667,original,S01,Taiwan database(NCREE)!H92:I92,original row,,as supplied,,7.65,,,,,29.543451,,,,,,RO,,23.85,120.82,8,476.3039,True,5.929,False,,True,112.413,122.564,65.2511,54.0457,47.2355,26.5138,75.9969,31.1593,32.2385,-16.8874,-6.92025,18.2702,,,,,,,,,,,Tp_V_s:None,1999:1999chichitaiwan:TW:tcu031,1,
S08-R0093,Taiwan database(NCREE),93,1999_ChiChi_Taiwan,1999,TCU033,TW:tcu033,24.6835,120.870333,original,S01,Taiwan database(NCREE)!H93:I93,original row,,as supplied,,7.65,,,,,40.694815,,,,,,RO,,23.85,120.82,8,420.5509,True,8.974,False,,False,154.541,181.81,73.0185,41.5502,24.0181,15.1245,49.3932,18.979,15.0708,-0.187647,-0.14413,0.019208,,,,,,,,,,,Tp_V_s:None,1999:1999chichitaiwan:TW:tcu033,1,
S08-R0094,Taiwan database(NCREE),94,1999_ChiChi_Taiwan,1999,TCU034,TW:tcu034,24.638,120.865333,original,S01,Taiwan database(NCREE)!H94:I94,original row,,as supplied,,7.65,,,,,35.610543,,,,,,RO,,23.85,120.82,8,391.5682,True,8.869,False,,True,247.935,103.25,70.2585,43.2119,24.2785,12.0738,48.3039,20.1539,13.1757,-6.80352,-3.69871,4.36383,,,,,,,,,,,Tp_V_s:None,1999:1999chichitaiwan:TW:tcu034,1,
S08-R0095,Taiwan database(NCREE),95,1999_ChiChi_Taiwan,1999,TCU036,TW:tcu036,24.446833,120.704833,original,S01,Taiwan database(NCREE)!H95:I95,original row,,as supplied,,7.65,,,,,19.331235,,,,,,RO,,23.85,120.82,8,483.1307,True,5.383,False,,True,134.312,122.274,60.9679,60.257,46.8252,22.9615,100.598,77.7343,19.7553,65.7208,-28.435,11.2313,,,,,,,,,,,Tp_V_s:None,1999:1999chichitaiwan:TW:tcu036,1,
S08-R0096,Taiwan database(NCREE),96,1999_ChiChi_Taiwan,1999,TCU038,TW:tcu038,24.491167,120.674167,original,S01,Taiwan database(NCREE)!H96:I96,original row,,as supplied,,7.65,,,,,24.999455,,,,,,RO,,23.85,120.82,8,306.012938,True,9.576,True,5.46,True,142.314,142.667,65.8136,56.9072,39.0121,32.9214,68.3146,64.8184,26.6901,23.9081,-21.6539,9.51645,,,,,,,,,,,,1999:1999chichitaiwan:TW:tcu038,1,
S08-R0097,Taiwan database(NCREE),97,1999_ChiChi_Taiwan,1999,TCU039,TW:tcu039,24.489667,120.790833,original,S01,Taiwan database(NCREE)!H97:I97,original row,,as supplied,,7.65,,,,,19.483107,,,,,,RO,,23.85,120.82,8,549.5512,True,9.331,True,5.74,True,193.321,136.028,121.819,55.2536,57.2775,52.4783,66.8117,73.2064,45.5891,10.7223,-25.969,28.9399,,,,,,,,,,,,1999:1999chichitaiwan:TW:tcu039,1,
S08-R0098,Taiwan database(NCREE),98,1999_ChiChi_Taiwan,1999,TCU040,TW:tcu040,24.448833,120.655,original,S01,Taiwan database(NCREE)!H98:I98,original row,,as supplied,,7.65,,,,,21.483914,,,,,,RO,,23.85,120.82,8,336.191,True,6.412,False,,True,158.906,121.941,78.9756,56.6009,47.2859,18.1157,73.2319,69.2638,17.302,24.6325,-17.7333,3.94605,,,,,,,,,,,Tp_V_s:None,1999:1999chichitaiwan:TW:tcu040,1,
S08-R0099,Taiwan database(NCREE),99,1999_ChiChi_Taiwan,1999,TCU042,TW:tcu042,24.552667,120.815,original,S01,Taiwan database(NCREE)!H99:I99,original row,,as supplied,,7.65,,,,,26.058855,,,,,,RO,,23.85,120.82,8,573.5041,True,9.856,False,,False,242.847,207.536,82.909,41.6452,37.0509,17.8401,40.188,26.6625,21.8816,6.37527,-6.00713,-1.70668,,,,,,,,,,,Tp_V_s:None,1999:1999chichitaiwan:TW:tcu042,1,
S08-R0100,Taiwan database(NCREE),100,1999_ChiChi_Taiwan,1999,TCU045,TW:tcu045,24.539833,120.9205,original,S01,Taiwan database(NCREE)!H100:I100,original row,,as supplied,,7.65,,,,,26.059996,,,,,,RO,,23.85,120.82,8,706.9636,True,9.331,False,,True,463.342,511.659,353.201,49.635,46.7296,20.2112,47.0584,33.4214,21.939,-25.1329,-17.9935,4.83238,,,,,,,,,,,Tp_V_s:None,1999:1999chichitaiwan:TW:tcu045,1,
S08-R0101,Taiwan database(NCREE),101,1999_ChiChi_Taiwan,1999,TCU046,TW:tcu046,24.466167,120.861167,original,S01,Taiwan database(NCREE)!H101:I101,original row,,as supplied,,7.65,,,,,16.594709,,,,,,RO,,23.85,120.82,8,462.606,True,10.402,True,5.887,True,139.501,116.326,96.6896,28.9179,25.4733,33.3867,49.7192,56.615,43.652,12.4083,-38.959,-20.4104,,,,,,,,,,,,1999:1999chichitaiwan:TW:tcu046,1,
S08-R0102,Taiwan database(NCREE),102,1999_ChiChi_Taiwan,1999,TCU047,TW:tcu047,24.617667,120.946167,original,S01,Taiwan database(NCREE)!H102:I102,original row,,as supplied,,7.65,,,,,35.094971,,,,,,RO,,23.85,120.82,8,522.967,True,12.313,False,,True,291.757,399.42,261.007,42.2238,34.8249,21.5141,42.8942,35.8019,34.8423,0.121196,-9.04502,-14.4368,,,,,,,,,,,Tp_V_s:None,1999:1999chichitaiwan:TW:tcu047,1,
S08-R0103,Taiwan database(NCREE),103,1999_ChiChi_Taiwan,1999,TCU049,TW:tcu049,24.177333,120.699667,original,S01,Taiwan database(NCREE)!H103:I103,original row,,as supplied,,7.65,,,,,2.794384,,,,,,RO,,23.85,120.82,8,469.7409,True,10.22,False,,True,273.399,241.958,177.979,56.8635,59.3885,26.7659,125.117,115.772,29.2162,68.6185,-67.294,-21.4474,,,,,,,,,,,Tp_V_s:None,1999:1999chichitaiwan:TW:tcu049,1,
S08-R0104,Taiwan database(NCREE),104,1999_ChiChi_Taiwan,1999,TCU050,TW:tcu050,24.18,120.641667,original,S01,Taiwan database(NCREE)!H104:I104,original row,,as supplied,,7.65,,,,,8.681049,,,,,,RO,,23.85,120.82,8,539.3258,False,,True,6.062,False,143,128.518,91.09,34.2991,43.4313,41.5418,71.5739,45.6894,34.2407,-2.0686,0.305056,5.54172,,,,,,,,,,,Tp_H_s:None,1999:1999chichitaiwan:TW:tcu050,1,
S08-R0105,Taiwan database(NCREE),105,1999_ChiChi_Taiwan,1999,TCU051,TW:tcu051,24.159833,120.659667,original,S01,Taiwan database(NCREE)!H105:I105,original row,,as supplied,,7.65,,,,,6.829191,,,,,,RO,,23.85,120.82,8,420.106426,True,10.381,False,,True,156.718,230.73,109.732,51.3359,42.3264,29.9504,124.306,74.7506,35.597,64.364,-32.0699,10.6432,,,,,,,,,,,Tp_V_s:None,1999:1999chichitaiwan:TW:tcu051,1,
S08-R0106,Taiwan database(NCREE),106,1999_ChiChi_Taiwan,1999,TCU052,TW:tcu052,24.195833,120.748,original,S01,Taiwan database(NCREE)!H106:I106,original row,,as supplied,,7.65,,,,,1.039873,,,,,,RO,,23.85,120.82,8,589.2173,True,12.292,True,10.241,True,348.654,438.693,193.954,183.806,220.622,170.072,515.322,718.81,415.7,-439.107,652.44,365.662,,,,,,,,,,,,1999:1999chichitaiwan:TW:tcu052,1,
S08-R0107,Taiwan database(NCREE),107,1999_ChiChi_Taiwan,1999,TCU053,TW:tcu053,24.191667,120.678833,original,S01,Taiwan database(NCREE)!H107:I107,original row,,as supplied,,7.65,,,,,4.933168,,,,,,RO,,23.85,120.82,8,452.1136,True,13.118,False,,True,224.873,132.036,120.852,42.9913,44.3038,32.3095,118.856,96.7816,27.2171,66.2235,-43.8156,-3.2548,,,,,,,,,,,Tp_V_s:None,1999:1999chichitaiwan:TW:tcu053,1,
S08-R0108,Taiwan database(NCREE),108,1999_ChiChi_Taiwan,1999,TCU054,TW:tcu054,24.16,120.684833,original,S01,Taiwan database(NCREE)!H108:I108,original row,,as supplied,,7.65,,,,,4.283092,,,,,,RO,,23.85,120.82,8,436.9992,True,11.837,False,,False,143.894,189.699,130.846,51.2687,37.9721,30.5406,96.2243,73.1925,24.4054,-10.0356,56.1634,6.99616,,,,,,,,,,,Tp_V_s:None,1999:1999chichitaiwan:TW:tcu054,1,
S08-R0109,Taiwan database(NCREE),109,1999_ChiChi_Taiwan,1999,TCU055,TW:tcu055,24.1382,120.6748,original,S01,Taiwan database(NCREE)!H109:I109,original row,,as supplied,,7.65,,,,,5.2839,,,,,,RO,,23.85,120.82,8,423.81,False,,True,5.992,False,222.178482,201.280179,160.268372,36.32678,32.517925,44.745085,27.815196,18.643821,34.15868,-1.273313,-1.36363,8.780465,,,,,,,,,,,Tp_H_s:None,1999:1999chichitaiwan:TW:tcu055,1,
S08-R0110,Taiwan database(NCREE),110,1999_ChiChi_Taiwan,1999,TCU056,TW:tcu056,24.157,120.6335,original,S01,Taiwan database(NCREE)!H110:I110,original row,,as supplied,,7.65,,,,,9.483596,,,,,,RO,,23.85,120.82,8,401.1902,True,9.03,False,,True,153.815,140.316,116.845,41.148,39.2895,40.8061,112.252,85.7973,37.9556,65.0253,-43.7216,-9.66246,,,,,,,,,,,Tp_V_s:None,1999:1999chichitaiwan:TW:tcu056,1,
S08-R0111,Taiwan database(NCREE),111,1999_ChiChi_Taiwan,1999,TCU059,TW:tcu059,24.267,120.571833,original,S01,Taiwan database(NCREE)!H111:I111,original row,,as supplied,,7.65,,,,,16.255703,,,,,,RO,,23.85,120.82,8,232.1892,True,7.784,False,,True,156.734,161.867,64.4831,50.7718,53.8442,14.2843,84.5821,77.403,24.3284,43.6798,-33.3293,9.20624,,,,,,,,,,,Tp_V_s:None,1999:1999chichitaiwan:TW:tcu059,1,
S08-R0112,Taiwan database(NCREE),112,1999_ChiChi_Taiwan,1999,TCU063,TW:tcu063,24.107833,120.623833,original,S01,Taiwan database(NCREE)!H112:I112,original row,,as supplied,,7.65,,,,,9.069467,,,,,,RO,,23.85,120.82,8,476.1527,True,6.552,False,,True,179.414,129.987,132.997,44.3836,82.262,57.0372,107.906,73.6873,53.2285,72.1982,-21.9559,10.0901,,,,,,,,,,,Tp_V_s:None,1999:1999chichitaiwan:TW:tcu063,1,
S08-R0113,Taiwan database(NCREE),113,1999_ChiChi_Taiwan,1999,TCU064,TW:tcu064,24.3445,120.619333,original,S01,Taiwan database(NCREE)!H113:I113,original row,,as supplied,,7.65,,,,,15.701266,,,,,,RO,,23.85,120.82,8,646.97,True,8.456,False,,True,108.948,113.451,82.3566,45.3423,55.6738,33.3488,92.3759,83.6911,43.7197,61.7439,-26.735,34.8973,,,,,,,,,,,Tp_V_s:None,1999:1999chichitaiwan:TW:tcu064,1,
S08-R0114,Taiwan database(NCREE),114,1999_ChiChi_Taiwan,1999,TCU065,TW:tcu065,24.056167,120.699833,original,S01,Taiwan database(NCREE)!H114:I114,original row,,as supplied,,7.65,,,,,0.175561,,,,,,RO,,23.85,120.82,8,290.1073,True,5.74,True,4.858,True,773.675,563.307,257.741,132.557,90.2426,68.3654,186.56,138.757,68.8913,133.216,-86.1977,-19.2855,,,,,,,,,,,,1999:1999chichitaiwan:TW:tcu065,1,
S08-R0115,Taiwan database(NCREE),115,1999_ChiChi_Taiwan,1999,TCU067,TW:tcu067,24.09,120.728167,original,S01,Taiwan database(NCREE)!H115:I115,original row,,as supplied,,7.65,,,,,0.106953,,,,,,RO,,23.85,120.82,8,440.3023,False,,True,5.845,True,488.801,312.887,230.364,97.5604,55.1709,49.4539,186.244,95.654,47.9911,133.522,-50.8592,-6.63169,,,,,,,,,,,Tp_H_s:None,1999:1999chichitaiwan:TW:tcu067,1,
S08-R0116,Taiwan database(NCREE),116,1999_ChiChi_Taiwan,1999,TCU068,TW:tcu068,24.276,120.773167,original,S01,Taiwan database(NCREE)!H116:I116,original row,,as supplied,,7.65,,,,,0.429223,,,,,,RO,,23.85,120.82,8,489.9959,True,12.285,True,10.745,True,501.557,361.922,519.398,280.112,305.719,228.777,699.675,944.219,453.818,-514.183,931.806,337.314,,,,,,,,,,,,1999:1999chichitaiwan:TW:tcu068,1,
S08-R0117,Taiwan database(NCREE),117,1999_ChiChi_Taiwan,1999,TCU071,TW:tcu071,23.984,120.7952,original,S01,Taiwan database(NCREE)!H117:I117,original row,,as supplied,,7.65,,,,,4.7282,,,,,,RO,,23.85,120.82,8,614.75,False,,True,7.595,False,520.584667,701.114694,422.805995,51.63102,42.71091,48.771115,24.313393,11.110416,45.664604,-0.425178,0.008332,-0.055857,,,,,,,,,,,Tp_H_s:None,1999:1999chichitaiwan:TW:tcu071,1,
S08-R0118,Taiwan database(NCREE),118,1999_ChiChi_Taiwan,1999,TCU075,TW:tcu075,23.9815,120.687667,original,S01,Taiwan database(NCREE)!H118:I118,original row,,as supplied,,7.65,,,,,0.066804,,,,,,RO,,23.85,120.82,8,521.2406,True,4.984,True,4.2,True,325.382,257.27,223.863,116.413,37.1666,49.7463,174.456,57.6853,44.3068,120.704,-32.6764,-18.0275,,,,,,,,,,,,1999:1999chichitaiwan:TW:tcu075,1,
S08-R0119,Taiwan database(NCREE),119,1999_ChiChi_Taiwan,1999,TCU076,TW:tcu076,23.9065,120.6835,original,S01,Taiwan database(NCREE)!H119:I119,original row,,as supplied,,7.65,,,,,1.9529,,,,,,RO,,23.85,120.82,8,573.23,True,4.081,False,,False,291.441086,379.650003,264.748877,62.00743,65.218835,27.263395,31.882561,23.21824,14.593202,0.146458,-0.584475,-0.228072,,,,,,,,,,,Tp_V_s:None,1999:1999chichitaiwan:TW:tcu076,1,
S08-R0120,Taiwan database(NCREE),120,1999_ChiChi_Taiwan,1999,TCU081,TW:tcu081,24.828333,121.014167,original,S01,Taiwan database(NCREE)!H120:I120,original row,,as supplied,,7.65,,,,,59.484961,,,,,,RO,,23.85,120.82,8,427.1375,True,9.618,False,,False,76.438,93.013,35.565,41.3105,33.6918,17.1488,49.3625,26.5084,17.6529,4.36921,8.21136,7.41428,,,,,,,,,,,Tp_V_s:None,1999:1999chichitaiwan:TW:tcu081,1,
S08-R0121,Taiwan database(NCREE),121,1999_ChiChi_Taiwan,1999,TCU082,TW:tcu082,24.145667,120.684167,original,S01,Taiwan database(NCREE)!H121:I121,original row,,as supplied,,7.65,,,,,4.32523,,,,,,RO,,23.85,120.82,8,469.3734,True,8.099,False,,True,221.028,182.513,129.218,51.5044,43.0284,35.4424,153.209,97.1048,31.6537,78.9722,-52.0321,-9.6519,,,,,,,,,,,Tp_V_s:None,1999:1999chichitaiwan:TW:tcu082,1,
S08-R0122,Taiwan database(NCREE),122,1999_ChiChi_Taiwan,1999,TCU087,TW:tcu087,24.3465,120.780833,original,S01,Taiwan database(NCREE)!H122:I122,original row,,as supplied,,7.65,,,,,6.214755,,,,,,RO,,23.85,120.82,8,460.48,True,10.395,True,5.355,True,119.096,111.524,91.0718,42.6672,45.1835,58.46,86.4892,90.6355,58.2143,31.8428,-65.3704,-9.61171,,,,,,,,,,,,1999:1999chichitaiwan:TW:tcu087,1,
S08-R0123,Taiwan database(NCREE),123,1999_ChiChi_Taiwan,1999,TCU094,TW:tcu094,24.767,121.058167,original,S01,Taiwan database(NCREE)!H123:I123,original row,,as supplied,,7.65,,,,,54.567636,,,,,,RO,,23.85,120.82,8,581.4517,True,8.589,False,,False,67.632,89.369,39.032,37.7091,26.116,16.7995,43.9029,24.6243,21.2022,20.2496,1.92457,-0.067645,,,,,,,,,,,Tp_V_s:None,1999:1999chichitaiwan:TW:tcu094,1,
S08-R0124,Taiwan database(NCREE),124,1999_ChiChi_Taiwan,1999,TCU095,TW:tcu095,24.688833,121.02,original,S01,Taiwan database(NCREE)!H124:I124,original row,,as supplied,,7.65,,,,,45.076472,,,,,,RO,,23.85,120.82,8,454.0982,True,8.687,False,,False,381.163,704.938,244.4,57.9941,49.2841,23.6058,32.5362,23.5511,15.5792,0.759371,1.74244,0.692754,,,,,,,,,,,Tp_V_s:None,1999:1999chichitaiwan:TW:tcu095,1,
S08-R0125,Taiwan database(NCREE),125,1999_ChiChi_Taiwan,1999,TCU096,TW:tcu096,24.792333,120.966,original,S01,Taiwan database(NCREE)!H125:I125,original row,,as supplied,,7.65,,,,,54.290481,,,,,,RO,,23.85,120.82,8,456.8992,True,8.456,False,,False,61.092,105.67,33.781,26.4407,24.2796,15.2413,38.7102,27.5491,10.9218,-0.097271,1.95747,0.393472,,,,,,,,,,,Tp_V_s:None,1999:1999chichitaiwan:TW:tcu096,1,
S08-R0126,Taiwan database(NCREE),126,1999_ChiChi_Taiwan,1999,TCU098,TW:tcu098,24.742,120.907167,original,S01,Taiwan database(NCREE)!H126:I126,original row,,as supplied,,7.65,,,,,47.611622,,,,,,RO,,23.85,120.82,8,346.286113,True,9.485,False,,False,100.454,96.713,48.805,44.2216,27.2159,15.5267,43.8909,26.8916,16.3961,8.04522,-6.46495,-1.02582,,,,,,,,,,,Tp_V_s:None,1999:1999chichitaiwan:TW:tcu098,1,
S08-R0127,Taiwan database(NCREE),127,1999_ChiChi_Taiwan,1999,TCU100,TW:tcu100,24.183833,120.625,original,S01,Taiwan database(NCREE)!H127:I127,original row,,as supplied,,7.65,,,,,10.379778,,,,,,RO,,23.85,120.82,8,500.817308,False,,True,5.313,False,110.779,112.062,84.842,32.0187,41.8262,37.8927,66.9362,54.0594,35.1471,12.3972,21.6345,-0.586214,,,,,,,,,,,Tp_H_s:None,1999:1999chichitaiwan:TW:tcu100,1,
S08-R0128,Taiwan database(NCREE),128,1999_ChiChi_Taiwan,1999,TCU101,TW:tcu101,24.239333,120.717167,original,S01,Taiwan database(NCREE)!H128:I128,original row,,as supplied,,7.65,,,,,1.243588,,,,,,RO,,23.85,120.82,8,720.69,True,10.318,True,5.194,False,207.894,253.579,164.028,76.8139,50.9743,46.7035,73.4624,35.9648,48.3654,-0.553959,0.203149,-0.497797,,,,,,,,,,,,1999:1999chichitaiwan:TW:tcu101,1,
S08-R0129,Taiwan database(NCREE),129,1999_ChiChi_Taiwan,1999,TCU102,TW:tcu102,24.247,120.728667,original,S01,Taiwan database(NCREE)!H129:I129,original row,,as supplied,,7.65,,,,,0.666029,,,,,,RO,,23.85,120.82,8,706.2054,True,9.646,True,3.157,True,298.387,169.018,173.331,87.7173,72.254,68.2563,166.225,123.995,54.7943,74.0195,-87.7288,-5.6906,,,,,,,,,,,,1999:1999chichitaiwan:TW:tcu102,1,
S08-R0130,Taiwan database(NCREE),130,1999_ChiChi_Taiwan,1999,TCU103,TW:tcu103,24.3075,120.715,original,S01,Taiwan database(NCREE)!H130:I130,original row,,as supplied,,7.65,,,,,5.280385,,,,,,RO,,23.85,120.82,8,488.6789,True,8.687,True,6.853,True,126.432,149.25,142.285,68.5887,22.4513,60.7931,98.4887,77.2511,54.0763,46.5209,-56.7648,7.37434,,,,,,,,,,,,1999:1999chichitaiwan:TW:tcu103,1,
S08-R0131,Taiwan database(NCREE),131,1999_ChiChi_Taiwan,1999,TCU104,TW:tcu104,24.244333,120.609167,original,S01,Taiwan database(NCREE)!H131:I131,original row,,as supplied,,7.65,,,,,12.099795,,,,,,RO,,23.85,120.82,8,403.4698,True,7.189,False,,True,101.479,86.8198,90.4615,30.7099,48.7768,23.3216,69.3883,96.3823,18.9701,41.9946,-43.773,-1.3539,,,,,,,,,,,Tp_V_s:None,1999:1999chichitaiwan:TW:tcu104,1,
S08-R0132,Taiwan database(NCREE),132,1999_ChiChi_Taiwan,1999,TCU128,TW:tcu128,24.4145,120.769667,original,S01,Taiwan database(NCREE)!H132:I132,original row,,as supplied,,7.65,,,,,12.46795,,,,,,RO,,23.85,120.82,8,591.9495,True,9.044,True,5.047,True,141.192,163.177,90.3748,62.6406,62.508,46.9164,75.7874,90.4111,43.5495,32.3186,-40.4227,30.9237,,,,,,,,,,,,1999:1999chichitaiwan:TW:tcu128,1,
S08-R0133,Taiwan database(NCREE),133,1999_ChiChi_Taiwan,1999,TCU129,TW:tcu129,23.8765,120.6925,original,S01,Taiwan database(NCREE)!H133:I133,original row,,as supplied,,7.65,,,,,0.990498,,,,,,RO,,23.85,120.82,8,506.4573,True,8.127,False,,True,961.678,601.463,331.188,68.8988,54.4702,37.7644,158.707,51.9521,34.9471,155.328,-45.937,-7.94209,,,,,,,,,,,Tp_V_s:None,1999:1999chichitaiwan:TW:tcu129,1,
S08-R0134,Taiwan database(NCREE),134,1999_ChiChi_Taiwan,1999,TCU133,TW:tcu133,24.134333,120.659333,original,S01,Taiwan database(NCREE)!H134:I134,original row,,as supplied,,7.65,,,,,6.853501,,,,,,RO,,23.85,120.82,8,424.43784,True,7.4032,True,5.8072,True,281.453,258.893,238.317,72.8202,81.4224,68.0795,191.036,109.153,60.7334,-101.944,-4.61403,-40.9814,,,,,,,,,,,,1999:1999chichitaiwan:TW:tcu133,1,
S08-R0135,Taiwan database(NCREE),135,1999_ChiChi_Taiwan,1999,TCU136,TW:tcu136,24.258333,120.658667,original,S01,Taiwan database(NCREE)!H135:I135,original row,,as supplied,,7.65,,,,,7.527789,,,,,,RO,,23.85,120.82,8,458.0153,True,8.8816,False,,True,166.806,170.832,111.651,43.4765,53.1614,31.9911,109.663,93.5701,47.3438,52.9067,-49.9966,36.7595,,,,,,,,,,,Tp_V_s:None,1999:1999chichitaiwan:TW:tcu136,1,
S08-R0136,Taiwan database(NCREE),136,1999_ChiChi_Taiwan,1999,TCU137,TW:tcu137,24.1835,120.930167,original,S01,Taiwan database(NCREE)!H136:I136,original row,,as supplied,,7.65,,,,,7.872359,,,,,,RO,,23.85,120.82,8,533.62,True,15.0808,True,15.0864,True,514.427,402.148,321.59,82.0992,73.6283,80.2923,247.087,246.2,258.805,-185.782,183.492,208.582,,,,,,,,,,,,1999:1999chichitaiwan:TW:tcu137,1,
S08-R0137,Taiwan database(NCREE),137,1999_Chiayi_01_Taiwan,1999,CHY006,TW:chy006,23.5795,120.560167,original,S01,Taiwan database(NCREE)!H137:I137,original row,,as supplied,,5.86,,,,,14.08405,,,,,,RV,,23.5292,120.4506,16,422.684,True,0.7224,False,,False,387.054,193.549,126.817,27.1737,12.7217,6.52638,3.73309,3.48049,0.890276,-0.019408,-0.007578,-0.023869,,,,,,,,,,,Tp_V_s:None,1999:1999chiayi01taiwan:TW:chy006,1,
S08-R0138,Taiwan database(NCREE),138,1999_Chiayi_01_Taiwan,1999,CHY009,TW:chy009,23.472667,120.416333,original,S01,Taiwan database(NCREE)!H138:I138,original row,,as supplied,,5.86,,,,,7.418443,,,,,,RV,,23.5292,120.4506,16,226.1079,True,1.1872,False,,False,327.363,188.647,408.427,39.6154,27.142,9.34408,12.2817,5.5514,2.27933,0.131521,0.069282,-0.008094,,,,,,,,,,,Tp_V_s:None,1999:1999chiayi01taiwan:TW:chy009,1,
S08-R0139,Taiwan database(NCREE),139,1999_Chiayi_01_Taiwan,1999,CHY010,TW:chy010,23.463,120.553,original,S01,Taiwan database(NCREE)!H139:I139,original row,,as supplied,,5.86,,,,,16.384064,,,,,,RV,,23.5292,120.4506,16,816.86,True,0.5768,False,,False,458.912,532.115,671.351,42.1475,15.9873,11.9451,6.91376,1.71015,3.67515,0.022236,-0.054911,-0.024795,,,,,,,,,,,Tp_V_s:None,1999:1999chiayi01taiwan:TW:chy010,1,
S08-R0140,Taiwan database(NCREE),140,1999_Chiayi_01_Taiwan,1999,CHY034,TW:chy034,23.520667,120.5525,original,S01,Taiwan database(NCREE)!H140:I140,original row,,as supplied,,5.86,,,,,14.407868,,,,,,RV,,23.5292,120.4506,16,383.1418,True,1.3496,False,,False,273.584,173.058,143.35,39.4035,19.7762,6.38542,6.31411,3.82913,1.84419,0.045015,-0.005505,0.067101,,,,,,,,,,,Tp_V_s:None,1999:1999chiayi01taiwan:TW:chy034,1,
S08-R0141,Taiwan database(NCREE),141,1999_Chiayi_01_Taiwan,1999,CHY036,TW:chy036,23.605167,120.488,original,S01,Taiwan database(NCREE)!H141:I141,original row,,as supplied,,5.86,,,,,9.498019,,,,,,RV,,23.5292,120.4506,16,236.0532,True,1.099,False,,False,264.161,435.293,206.779,26.0067,22.4398,2.85132,3.57987,3.63608,0.458751,-0.011605,0.009926,-0.050913,,,,,,,,,,,Tp_V_s:None,1999:1999chiayi01taiwan:TW:chy036,1,
S08-R0142,Taiwan database(NCREE),142,1999_Chiayi_01_Taiwan,1999,CHY037,TW:chy037,23.5545,120.429167,original,S01,Taiwan database(NCREE)!H142:I142,original row,,as supplied,,5.86,,,,,7.352145,,,,,,RV,,23.5292,120.4506,16,208.7755,True,1.204,False,,False,357.11,217.96,222.757,43.6239,30.0385,5.23108,8.52894,9.78348,0.554471,-0.021985,-0.124413,0.034909,,,,,,,,,,,Tp_V_s:None,1999:1999chiayi01taiwan:TW:chy037,1,
S08-R0143,Taiwan database(NCREE),143,1999_Chiayi_01_Taiwan,1999,CHY038,TW:chy038,23.534333,120.4555,original,S01,Taiwan database(NCREE)!H143:I143,original row,,as supplied,,5.86,,,,,7.768367,,,,,,RV,,23.5292,120.4506,16,372.8792,True,0.7336,False,,False,735.119,398.352,236.852,41.7134,30.8063,7.4676,3.96245,5.98004,2.29581,0.070117,-0.00415,0.196546,,,,,,,,,,,Tp_V_s:None,1999:1999chiayi01taiwan:TW:chy038,1,
S08-R0144,Taiwan database(NCREE),144,1999_Chiayi_01_Taiwan,1999,CHY046,TW:chy046,23.475333,120.471333,original,S01,Taiwan database(NCREE)!H144:I144,original row,,as supplied,,5.86,,,,,9.697454,,,,,,RV,,23.5292,120.4506,16,446.4618,True,1.463,False,,False,308.702,257.82,256.069,31.4969,17.9834,10.1237,8.02686,3.56192,1.22836,0.019908,0.0375,-0.004408,,,,,,,,,,,Tp_V_s:None,1999:1999chiayi01taiwan:TW:chy046,1,
S08-R0145,Taiwan database(NCREE),145,1999_Chiayi_01_Taiwan,1999,CHY047,TW:chy047,23.493667,120.455333,original,S01,Taiwan database(NCREE)!H145:I145,original row,,as supplied,,5.86,,,,,8.403293,,,,,,RV,,23.5292,120.4506,16,183.5174,True,0.6944,False,,False,352.575,510.126,351.949,23.9019,35.5005,11.3974,3.26516,6.90323,4.11738,-0.020871,-0.009488,0.045845,,,,,,,,,,,Tp_V_s:None,1999:1999chiayi01taiwan:TW:chy047,1,
S08-R0146,Taiwan database(NCREE),146,1999_Chiayi_01_Taiwan,1999,CHY073,TW:chy073,23.496333,120.4325,original,S01,Taiwan database(NCREE)!H146:I146,original row,,as supplied,,5.86,,,,,7.548565,,,,,,RV,,23.5292,120.4506,16,201.4775,True,1.127,False,,False,430.498,314.277,327.088,49.0203,35.5408,6.70938,12.1907,7.41316,1.52905,-0.054501,0.139817,0.0193,,,,,,,,,,,Tp_V_s:None,1999:1999chiayi01taiwan:TW:chy073,1,
S08-R0147,Taiwan database(NCREE),147,1999_Chiayi_01_Taiwan,1999,CHY106,TW:chy106,23.436333,120.414667,original,S01,Taiwan database(NCREE)!H147:I147,original row,,as supplied,,5.86,,,,,8.710347,,,,,,RV,,23.5292,120.4506,16,227.6349,True,1.4448,False,,False,352.941,359.363,658.164,41.6066,32.5363,14.101,10.3793,4.61213,1.43791,-0.232083,-0.072432,-0.014408,,,,,,,,,,,Tp_V_s:None,1999:1999chiayi01taiwan:TW:chy106,1,
S08-R0148,Taiwan database(NCREE),148,1999_Chiayi_02_Taiwan,1999,CHY008,TW:chy008,23.4837,120.2775,original,S01,Taiwan database(NCREE)!H148:I148,original row,,as supplied,,5.57,,,,,18.4807,,,,,,SS,,23.5331,120.4308,16.74,209.5,True,1.0136,False,,False,213.03416,241.810494,154.999001,19.792124,25.245944,7.607576,1.494544,3.184177,0.565132,0.002773,-0.017929,0.002133,,,,,,,,,,,Tp_V_s:None,1999:1999chiayi02taiwan:TW:chy008,1,
S08-R0149,Taiwan database(NCREE),149,1999_Chiayi_02_Taiwan,1999,CHY009,TW:chy009,23.472667,120.416333,original,S01,Taiwan database(NCREE)!H149:I149,original row,,as supplied,,5.57,,,,,15.452186,,,,,,SS,,23.5331,120.4308,16.74,226.1079,True,0.9184,False,,False,233.467,183.639,188.609,23.165,13.9191,6.11576,3.25475,2.72667,0.749036,-0.007925,0.002142,-0.018564,,,,,,,,,,,Tp_V_s:None,1999:1999chiayi02taiwan:TW:chy009,1,
S08-R0150,Taiwan database(NCREE),150,1999_Chiayi_02_Taiwan,1999,CHY013,TW:chy013,23.356167,120.273833,original,S01,Taiwan database(NCREE)!H150:I150,original row,,as supplied,,5.57,,,,,26.799877,,,,,,SS,,23.5331,120.4308,16.74,216.2318,True,0.8344,False,,False,289.714,160.518,98.572,26.4902,15.7805,7.62639,4.74815,3.10056,1.39766,-0.019652,-0.005545,-0.01077,,,,,,,,,,,Tp_V_s:None,1999:1999chiayi02taiwan:TW:chy013,1,
S08-R0151,Taiwan database(NCREE),151,1999_Chiayi_02_Taiwan,1999,CHY032,TW:chy032,23.577,120.301833,original,S01,Taiwan database(NCREE)!H151:I151,original row,,as supplied,,5.57,,,,,19.697555,,,,,,SS,,23.5331,120.4308,16.74,192.5669,True,1.176,False,,False,163.442,118.648,158.99,18.6533,14.4578,2.20138,3.93383,3.46791,0.497383,0.010276,0.006535,-0.018829,,,,,,,,,,,Tp_V_s:None,1999:1999chiayi02taiwan:TW:chy032,1,
S08-R0152,Taiwan database(NCREE),152,1999_Chiayi_02_Taiwan,1999,CHY039,TW:chy039,23.519333,120.351167,original,S01,Taiwan database(NCREE)!H152:I152,original row,,as supplied,,5.57,,,,,15.923492,,,,,,SS,,23.5331,120.4308,16.74,195.1495,True,1.022,False,,False,226.782,123.806,128.353,24.5496,8.91455,3.58664,4.38051,1.43474,0.400015,0.020006,-0.042524,-0.00913,,,,,,,,,,,Tp_V_s:None,1999:1999chiayi02taiwan:TW:chy039,1,
S08-R0153,Taiwan database(NCREE),153,1999_Chiayi_02_Taiwan,1999,CHY095,TW:chy095,23.456,120.330667,original,S01,Taiwan database(NCREE)!H153:I153,original row,,as supplied,,5.57,,,,,18.00739,,,,,,SS,,23.5331,120.4308,16.74,216.3644,True,0.9968,False,,False,271.63,245.021,107.94,24.7335,24.3072,7.44135,5.10512,5.99228,1.70377,-0.024317,-0.020778,-0.034113,,,,,,,,,,,Tp_V_s:None,1999:1999chiayi02taiwan:TW:chy095,1,
S08-R0154,Taiwan database(NCREE),154,1999_Chiayi_02_Taiwan,1999,CHY106,TW:chy106,23.4363,120.4147,original,S01,Taiwan database(NCREE)!H154:I154,original row,,as supplied,,5.57,,,,,12.9576,,,,,,SS,,23.5331,120.4308,16.74,227.63,True,1.0136,False,,False,371.360553,328.950321,231.256736,22.92742,27.006092,4.493184,3.220556,2.885856,0.384808,0.002835,0.002143,-0.003512,,,,,,,,,,,Tp_V_s:None,1999:1999chiayi02taiwan:TW:chy106,1,
S08-R0155,Taiwan database(NCREE),155,1999_Chiayi_Taiwan,1999,CHY074,TW:chy074,23.508333,120.813333,original,S01,Taiwan database(NCREE)!H155:I155,original row,,as supplied,,6.42,,,,,5.614065,,,,,,SS,,23.6,120.82,18,524.6131,True,2.436,False,,False,316.135,334.737,291.799,32.8818,43.5172,16.6956,10.1267,16.1732,5.27384,0.031931,0.0341,0.000561,,,,,,,,,,,Tp_V_s:None,1999:1999chiayitaiwan:TW:chy074,1,
S08-R0156,Taiwan database(NCREE),156,1999_Duzce_Turkey,1999,Bolu,TR:bolu,40.745,31.61,original,S01,Taiwan database(NCREE)!H156:I156,original row,,as supplied,,7.1,,,,,12.04,,,,,,SS,,40.8345,31.1346,14,293.57,True,0.882,False,,False,725.201,790.372,196.244,55.9459,65.936,23.5993,25.5717,13.0867,13.9711,0.102143,0.073265,-0.025135,,,,,,,,,,,Tp_V_s:None,1999:1999duzceturkey:TR:bolu,1,
S08-R0157,Taiwan database(NCREE),157,1999_Duzce_Turkey,1999,IRIGM 487,TR:irigm487,40.74893,30.8892,original,S01,Taiwan database(NCREE)!H157:I157,original row,,as supplied,,7.1,,,,,2.65,,,,,,SS,,40.8345,31.1346,14,690,True,10.052,False,,False,276.866,297.598,225.117,28.9729,38.9498,14.7334,16.6415,20.0924,14.1658,0.096041,-0.04156,-0.056676,,,,,,,,,,,Tp_V_s:None,1999:1999duzceturkey:TR:irigm487,1,
S08-R0158,Taiwan database(NCREE),158,1999_Hualien_Taiwan,1999,HWA011,TW:hwa011,23.995333,121.594833,original,S01,Taiwan database(NCREE)!H158:I158,original row,,as supplied,,6.31,,,,,65.466392,,,,,,RV,,23.3688,121.693,33.37,360.837142,True,1.82,False,,False,122.362,118.653,49.259,24.1702,22.2244,7.9183,6.5567,7.25323,1.73507,0.040294,-0.000599,0.006447,,,,,,,,,,,Tp_V_s:None,1999:1999hualientaiwan:TW:hwa011,1,
S08-R0159,Taiwan database(NCREE),159,1999_Hualien_Taiwan,1999,HWA033,TW:hwa033,23.6845,121.4827,original,S01,Taiwan database(NCREE)!H159:I159,original row,,as supplied,,6.31,,,,,50.0024,,,,,,RV,,23.3688,121.693,33.37,392.75,True,2.289,False,,False,190.522212,160.875992,73.012427,29.963385,22.835065,7.622985,7.269505,5.052051,1.989373,-0.051597,-0.017943,-0.026905,,,,,,,,,,,Tp_V_s:None,1999:1999hualientaiwan:TW:hwa033,1,
S08-R0160,Taiwan database(NCREE),160,1999_Hualien_Taiwan,1999,HWA049,TW:hwa049,23.993167,121.5645,original,S01,Taiwan database(NCREE)!H160:I160,original row,,as supplied,,6.31,,,,,66.086512,,,,,,RV,,23.3688,121.693,33.37,509.337861,True,1.7584,False,,False,102.135,105.683,39.069,23.0417,21.7379,4.7936,6.83117,5.91061,1.39187,0.025838,0.02845,-0.011417,,,,,,,,,,,Tp_V_s:None,1999:1999hualientaiwan:TW:hwa049,1,
S08-R0161,Taiwan database(NCREE),161,1999_Hualien_Taiwan,1999,HWA051,TW:hwa051,23.867667,121.556833,original,S01,Taiwan database(NCREE)!H161:I161,original row,,as supplied,,6.31,,,,,56.635293,,,,,,RV,,23.3688,121.693,33.37,449.7421,True,1.2096,False,,False,231.033,273.927,78.791,32.3483,36.3547,8.39107,4.64541,5.687,2.12614,-0.010664,-0.062001,-0.006499,,,,,,,,,,,Tp_V_s:None,1999:1999hualientaiwan:TW:hwa051,1,
S08-R0162,Taiwan database(NCREE),162,1999_Hualien_Taiwan,1999,HWA055,TW:hwa055,23.320667,121.34,original,S01,Taiwan database(NCREE)!H162:I162,original row,,as supplied,,6.31,,,,,44.863614,,,,,,RV,,23.3688,121.693,33.37,524.434381,True,2.1056,False,,False,116.005,76.872,43.489,23.41,9.2577,5.59972,7.23036,2.69741,1.88175,-0.02465,-0.035634,0.001256,,,,,,,,,,,Tp_V_s:None,1999:1999hualientaiwan:TW:hwa055,1,
S08-R0163,Taiwan database(NCREE),163,1999_Hualien_Taiwan,1999,HWA059,TW:hwa059,23.870667,121.507333,original,S01,Taiwan database(NCREE)!H163:I163,original row,,as supplied,,6.31,,,,,58.750828,,,,,,RV,,23.3688,121.693,33.37,265.84413,True,1.351,False,,False,199.491,177.002,46.612,28.8883,24.6404,4.45648,4.13938,4.07287,1.01569,0.041969,-0.010937,0.03446,,,,,,,,,,,Tp_V_s:None,1999:1999hualientaiwan:TW:hwa059,1,
S08-R0164,Taiwan database(NCREE),164,1999_Kocaeli_Turkey,1999,Arcelik,TR:arcelik,40.8236,29.3607,original,S01,Taiwan database(NCREE)!H164:I164,original row,,as supplied,,7.5,,,,,13.49,,,,,,SS,,40.748,29.99,16,523,True,7.791,False,,False,206.092,131.648,81.2549,13.9548,40.0763,8.00547,14.3108,37.2052,7.31692,1.00942,-1.2545,0.167254,,,,,,,,,,,Tp_V_s:None,1999:1999kocaeliturkey:TR:arcelik,1,
S08-R0165,Taiwan database(NCREE),165,1999_Kocaeli_Turkey,1999,Gebze,TR:gebze,40.82,29.44,original,S01,Taiwan database(NCREE)!H165:I165,original row,,as supplied,,7.5,,,,,10.92,,,,,,SS,,40.748,29.99,16,792,True,5.992,False,,False,255.803,141.062,190.099,44.6063,32.671,14.1357,40.9973,29.6645,5.84983,0.706832,-0.055608,-0.694326,,,,,,,,,,,Tp_V_s:None,1999:1999kocaeliturkey:TR:gebze,1,
S08-R0166,Taiwan database(NCREE),166,1999_Kocaeli_Turkey,1999,Izmit,TR:izmit,40.79,29.96,original,S01,Taiwan database(NCREE)!H166:I166,original row,,as supplied,,7.5,,,,,7.21,,,,,,SS,,40.748,29.99,16,811,True,5.369,False,,False,225.797,162.009,142.148,38.2798,22.3262,12.3952,24.3264,11.8104,11.5053,-2.64526,-1.02249,-1.76506,,,,,,,,,,,Tp_V_s:None,1999:1999kocaeliturkey:TR:izmit,1,
S08-R0167,Taiwan database(NCREE),167,1999_Kocaeli_Turkey,1999,Yarimca,TR:yarimca,40.7644,29.762,original,S01,Taiwan database(NCREE)!H167:I167,original row,,as supplied,,7.5,,,,,4.83,,,,,,SS,,40.748,29.99,16,297,True,4.949,False,,False,222.446,315.691,236.983,69.7317,71.8945,30.7777,62.3971,47.3526,29.4968,0.849475,-0.855918,0.721787,,,,,,,,,,,Tp_V_s:None,1999:1999kocaeliturkey:TR:yarimca,1,
S08-R0168,Taiwan database(NCREE),168,2000_Tottori_Japan,2000,TTR008,JP:ttr008,35.4227,133.3327,original,S01,Taiwan database(NCREE)!H168:I168,original row,,as supplied,,6.6,,,,,6.88,,,,,,SS,,35.275,133.35,12.5,139.21,True,1.54,False,,False,383.913,313.802,309.811,54.2401,35.5293,9.75395,20.6853,25.6751,4.75685,-0.382031,-0.254205,-0.166653,,,,,,,,,,,Tp_V_s:None,2000:2000tottorijapan:JP:ttr008,1,
S08-R0169,Taiwan database(NCREE),169,2001_TaiPo_Taiwan,2001,CHY014,TW:chy014,23.2945,120.592667,original,S01,Taiwan database(NCREE)!H169:I169,original row,,as supplied,,4.99,,,,,6.689551,,,,,,RV,,23.2803,120.6587,5.83,341.8024,True,0.6384,False,,False,399.368,356.742,198.753,26.2413,19.0671,9.01812,2.46616,1.88477,1.2893,0.012148,0.038596,0.029191,,,,,,,,,,,Tp_V_s:None,2001:2001taipotaiwan:TW:chy014,1,
S08-R0170,Taiwan database(NCREE),170,2002_Denali_Alaska,2002,TAPS Pump Station 10,US:tapspumpstation10,63.4239,-145.7658,original,S01,Taiwan database(NCREE)!H170:I170,original row,,as supplied,,7.9,,,,,2.74,,,,,,SS,,63.542,-147.4444,8.9,329.4,True,3.157,True,4.487,False,326.281,291.759,233.732,115.734,65.9648,51.1325,53.4421,36.6989,19.754,-0.025187,0.012499,-0.02319,,,,,,,,,,,,2002:2002denalialaska:US:tapspumpstation10,1,
S08-R0171,Taiwan database(NCREE),171,2002_Hualien_Offshore_Taiwan,2002,ILA027,TW:ila027,24.689,121.7667,original,S01,Taiwan database(NCREE)!H171:I171,original row,,as supplied,,7.12,,,,,73.7684,,,,,,RO,,24.1602,122.172,33,267.47,True,2.1,False,,False,120.337668,131.843397,28.553106,18.14455,29.69073,5.27727,8.205482,12.512456,1.752242,0.056778,0.21587,0.097962,,,,,,,,,,,Tp_V_s:None,2002:2002hualienoffshoretaiwan:TW:ila027,1,
S08-R0172,Taiwan database(NCREE),172,2002_Hualien_Offshore_Taiwan,2002,ILA028,TW:ila028,24.7535,121.7547,original,S01,Taiwan database(NCREE)!H172:I172,original row,,as supplied,,7.12,,,,,79.3368,,,,,,RO,,24.1602,122.172,33,218.38,True,1.456,False,,False,123.688084,196.940755,46.18508,33.37952,36.62554,8.140635,9.150129,12.017985,3.149049,0.494763,-0.078037,0.110332,,,,,,,,,,,Tp_V_s:None,2002:2002hualienoffshoretaiwan:TW:ila028,1,
S08-R0173,Taiwan database(NCREE),173,2002_Hualien_Offshore_Taiwan,2002,ILA038,TW:ila038,24.7198,121.744,original,S01,Taiwan database(NCREE)!H173:I173,original row,,as supplied,,7.12,,,,,77.3078,,,,,,RO,,24.1602,122.172,33,243.85,True,2.1,False,,False,77.655159,129.650161,34.194857,15.11644,26.89047,4.230115,7.76529,10.94158,2.210327,-0.01823,0.185142,0.130738,,,,,,,,,,,Tp_V_s:None,2002:2002hualienoffshoretaiwan:TW:ila038,1,
S08-R0174,Taiwan database(NCREE),174,2002_Hualien_Offshore_Taiwan,2002,ILA040,TW:ila040,24.7723,121.7988,original,S01,Taiwan database(NCREE)!H174:I174,original row,,as supplied,,7.12,,,,,78.676,,,,,,RO,,24.1602,122.172,33,188.35,True,1.6128,False,,False,137.338999,130.638168,45.458339,37.751824,27.22238,7.178512,16.142405,15.080612,3.024169,-0.111979,0.160529,0.115167,,,,,,,,,,,Tp_V_s:None,2002:2002hualienoffshoretaiwan:TW:ila040,1,
S08-R0175,Taiwan database(NCREE),175,2002_Hualien_Offshore_Taiwan,2002,ILA049,TW:ila049,24.7638,121.7563,original,S01,Taiwan database(NCREE)!H175:I175,original row,,as supplied,,7.12,,,,,80.0702,,,,,,RO,,24.1602,122.172,33,242.41,True,1.477,False,,False,159.606698,88.136844,41.361162,27.38524,15.550055,4.91004,10.776552,8.305652,2.096562,0.452468,-0.243173,0.091248,,,,,,,,,,,Tp_V_s:None,2002:2002hualienoffshoretaiwan:TW:ila049,1,
S08-R0176,Taiwan database(NCREE),176,2002_Hualien_Offshore_Taiwan,2002,TAP013,TW:tap013,25.0565,121.5337,original,S01,Taiwan database(NCREE)!H176:I176,original row,,as supplied,,7.12,,,,,116.341,,,,,,RO,,24.1602,122.172,33,207.93,True,3.024,False,,False,76.570053,109.41053,38.19994,23.39145,19.09264,3.914115,7.098524,7.095597,2.241854,-0.046812,0.113913,-0.237283,,,,,,,,,,,Tp_V_s:None,2002:2002hualienoffshoretaiwan:TW:tap013,1,
S08-R0177,Taiwan database(NCREE),177,2002_Hualien_Offshore_Taiwan,2002,TAP017,TW:tap017,25.051667,121.455833,original,S01,Taiwan database(NCREE)!H177:I177,original row,,as supplied,,7.12,,,,,120.363109,,,,,,RO,,24.1602,122.172,33,221.3777,True,3.507,False,,False,49.833,81.738,41.401,17.4981,27.4462,6.57323,9.22759,10.7356,4.14928,-1.13217,1.9602,-0.054369,,,,,,,,,,,Tp_V_s:None,2002:2002hualienoffshoretaiwan:TW:tap017,1,
S08-R0178,Taiwan database(NCREE),178,2002_Hualien_Offshore_Taiwan,2002,TAP020,TW:tap020,25.037667,121.534333,original,S01,Taiwan database(NCREE)!H178:I178,original row,,as supplied,,7.12,,,,,114.670511,,,,,,RO,,24.1602,122.172,33,224.1817,True,2.863,False,,False,119.344,98.261,42.392,32.0991,20.9306,6.31899,9.54196,7.872,3.07529,0.381638,0.177528,0.202343,,,,,,,,,,,Tp_V_s:None,2002:2002hualienoffshoretaiwan:TW:tap020,1,
S08-R0179,Taiwan database(NCREE),179,2002_Hualien_Offshore_Taiwan,2002,TAP037,TW:tap037,25.034333,121.4415,original,S01,Taiwan database(NCREE)!H179:I179,original row,,as supplied,,7.12,,,,,119.804042,,,,,,RO,,24.1602,122.172,33,219.8773,True,3.171,False,,False,71.061,69.012,25.213,18.6426,24.4865,5.11065,8.36655,8.82465,3.56062,-0.032609,-1.60968,-0.340682,,,,,,,,,,,Tp_V_s:None,2002:2002hualienoffshoretaiwan:TW:tap037,1,
S08-R0180,Taiwan database(NCREE),180,2002_Hualien_Offshore_Taiwan,2002,TAP040,TW:tap040,25.172667,121.441667,original,S01,Taiwan database(NCREE)!H180:I180,original row,,as supplied,,7.12,,,,,131.424865,,,,,,RO,,24.1602,122.172,33,432.526,True,3.521,False,,False,52.5,50.714,38.335,21.614,17.7969,7.48627,9.96641,6.60424,4.96917,1.14687,0.103954,0.338318,,,,,,,,,,,Tp_V_s:None,2002:2002hualienoffshoretaiwan:TW:tap040,1,
S08-R0181,Taiwan database(NCREE),181,2002_Hualien_Offshore_Taiwan,2002,TAP041,TW:tap041,25.181667,121.424333,original,S01,Taiwan database(NCREE)!H181:I181,original row,,as supplied,,7.12,,,,,133.177478,,,,,,RO,,24.1602,122.172,33,360.5336,True,3.934,False,,False,80.699,45.733,24.108,24.2765,14.6728,9.26521,10.5614,7.40491,5.27755,-1.97071,-0.728082,1.13603,,,,,,,,,,,Tp_V_s:None,2002:2002hualienoffshoretaiwan:TW:tap041,1,
S08-R0182,Taiwan database(NCREE),182,2002_Hualien_Offshore_Taiwan,2002,TAP100,TW:tap100,25.033833,121.520167,original,S01,Taiwan database(NCREE)!H182:I182,original row,,as supplied,,7.12,,,,,115.130677,,,,,,RO,,24.1602,122.172,33,236.605785,True,2.772,False,,False,113.436,139.159,59.965,23.4157,24.748,7.38353,9.76699,5.78361,2.95907,1.55221,0.244742,1.10602,,,,,,,,,,,Tp_V_s:None,2002:2002hualienoffshoretaiwan:TW:tap100,1,
S08-R0183,Taiwan database(NCREE),183,2003_Bam_Iran,2003,Bam,IR:bam,29.097,58.353,original,S01,Taiwan database(NCREE)!H183:I183,original row,,as supplied,,6.6,,,,,1.7,,,,,,SS,,28.984,58.359,6,487.4,True,2.023,False,,False,792.315,617.048,951.092,124.145,60.2042,40.0921,33.9266,23.1502,8.53919,-0.091324,0.036025,0.010621,,,,,,,,,,,Tp_V_s:None,2003:2003bamiran:IR:bam,1,
S08-R0184,Taiwan database(NCREE),184,2004_Niigata_Japan,2004,NIG021,JP:nig021,37.1281,138.7468,original,S01,Taiwan database(NCREE)!H184:I184,original row,,as supplied,,6.6,,,,,11.26,,,,,,RV,,37.307,138.839,10.6,418.5,True,0.322,False,,False,846.021,1709.16,562.125,49.9713,54.5466,13.7251,11.0247,10.3167,3.75239,-0.014305,-0.010404,0.006495,,,,,,,,,,,Tp_V_s:None,2004:2004niigatajapan:JP:nig021,1,
S08-R0185,Taiwan database(NCREE),185,2004_Niigata_Japan,2004,NIGH11,JP:nigh11,37.1697,138.7472,original,S01,Taiwan database(NCREE)!H185:I185,original row,,as supplied,,6.6,,,,,8.93,,,,,,RV,,37.307,138.839,10.6,375,True,1.799,False,,False,587.817,455.093,313.535,58.1462,36.5232,12.6904,13.1035,15.0024,6.22811,0.010215,0.003696,-0.004376,,,,,,,,,,,Tp_V_s:None,2004:2004niigatajapan:JP:nigh11,1,
S08-R0186,Taiwan database(NCREE),186,2004_Parkfield_02_CA,2004,Parkfield - Cholame 1E,US:parkfieldcholame1e,35.743,-120.277,original,S01,Taiwan database(NCREE)!H186:I186,original row,,as supplied,,6,,,,,3,,,,,,SS,,35.817,-120.365,8.1,326.64,True,1.33,False,,False,432.014,354.521,225.816,40.1867,39.3177,9.95151,9.43095,7.47315,2.09542,-0.111431,0.242963,0.119722,,,,,,,,,,,Tp_V_s:None,2004:2004parkfield02ca:US:parkfieldcholame1e,1,
S08-R0187,Taiwan database(NCREE),187,2004_Parkfield_02_CA,2004,Parkfield - Cholame 2WA,US:parkfieldcholame2wa,35.733,-120.29,original,S01,Taiwan database(NCREE)!H187:I187,original row,,as supplied,,6,,,,,3.01,,,,,,SS,,35.817,-120.365,8.1,173.02,True,1.078,False,,False,611.87,365.74,186.399,63.9671,44.8311,14.3873,11.7397,6.70694,2.339,-0.049645,-0.012011,-0.039618,,,,,,,,,,,Tp_V_s:None,2004:2004parkfield02ca:US:parkfieldcholame2wa,1,
S08-R0188,Taiwan database(NCREE),188,2004_Parkfield_02_CA,2004,Parkfield - Cholame 3E,US:parkfieldcholame3e,35.77,-120.247,original,S01,Taiwan database(NCREE)!H188:I188,original row,,as supplied,,6,,,,,5.55,,,,,,SS,,35.817,-120.365,8.1,397.36,True,0.518,False,,False,508.798,784.313,320.787,23.4294,27.7892,6.30224,3.14721,2.38113,0.68331,-0.071182,0.086809,-0.033328,,,,,,,,,,,Tp_V_s:None,2004:2004parkfield02ca:US:parkfieldcholame3e,1,
S08-R0189,Taiwan database(NCREE),189,2004_Parkfield_02_CA,2004,Parkfield - Cholame 3W,US:parkfieldcholame3w,35.724,-120.294,original,S01,Taiwan database(NCREE)!H189:I189,original row,,as supplied,,6,,,,,3.63,,,,,,SS,,35.817,-120.365,8.1,230.57,True,1.022,False,,False,319.965,567.706,163.544,28.85,37.8295,9.4052,4.67144,7.36263,1.06455,0.193003,-0.228988,-0.048482,,,,,,,,,,,Tp_V_s:None,2004:2004parkfield02ca:US:parkfieldcholame3w,1,
S08-R0190,Taiwan database(NCREE),190,2004_Parkfield_02_CA,2004,Parkfield - Cholame 4W,US:parkfieldcholame4w,35.718,-120.304,original,S01,Taiwan database(NCREE)!H190:I190,original row,,as supplied,,6,,,,,4.23,,,,,,SS,,35.817,-120.365,8.1,410.4,True,0.7,False,,False,564.479,504.922,149.554,32.3425,26.9007,9.49443,4.23132,4.58969,0.88359,0.374896,-0.005271,-0.012031,,,,,,,,,,,Tp_V_s:None,2004:2004parkfield02ca:US:parkfieldcholame4w,1,
S08-R0191,Taiwan database(NCREE),191,2004_Parkfield_02_CA,2004,PARKFIELD - EADES,US:parkfieldeades,35.894,-120.421,original,S01,Taiwan database(NCREE)!H191:I191,original row,,as supplied,,6,,,,,2.85,,,,,,SS,,35.817,-120.365,8.1,383.9,True,1.218,False,,False,383.457,311.588,192.354,25.8791,26.8498,7.41907,4.95022,7.3497,1.37653,0.017569,-0.005574,-0.002625,,,,,,,,,,,Tp_V_s:None,2004:2004parkfield02ca:US:parkfieldeades,1,
S08-R0192,Taiwan database(NCREE),192,2004_Parkfield_02_CA,2004,Parkfield - Fault Zone 1,US:parkfieldfaultzone1,35.758,-120.307,original,S01,Taiwan database(NCREE)!H192:I192,original row,,as supplied,,6,,,,,2.51,,,,,,SS,,35.817,-120.365,8.1,178.27,True,1.19,False,,False,593.481,817.359,250.313,63.8135,81.3982,9.91322,8.46185,10.8003,2.62901,-0.126846,0.026766,-0.202326,,,,,,,,,,,Tp_V_s:None,2004:2004parkfield02ca:US:parkfieldfaultzone1,1,
S08-R0193,Taiwan database(NCREE),193,2004_Parkfield_02_CA,2004,Parkfield - Fault Zone 12,US:parkfieldfaultzone12,35.899,-120.433,original,S01,Taiwan database(NCREE)!H193:I193,original row,,as supplied,,6,,,,,2.65,,,,,,SS,,35.817,-120.365,8.1,265.21,True,1.19,False,,False,271.198,300.786,155.429,39.891,46.9021,9.6276,10.8499,10.3078,2.08943,-0.121294,0.076608,0.039604,,,,,,,,,,,Tp_V_s:None,2004:2004parkfield02ca:US:parkfieldfaultzone12,1,
S08-R0194,Taiwan database(NCREE),194,2004_Parkfield_02_CA,2004,Parkfield - Fault Zone 9,US:parkfieldfaultzone9,35.879,-120.445,original,S01,Taiwan database(NCREE)!H194:I194,original row,,as supplied,,6,,,,,2.85,,,,,,SS,,35.817,-120.365,8.1,372.26,True,1.134,False,,False,149.862,95.4429,92.7232,23.9204,14.3279,3.28945,5.53544,3.12351,0.465117,0.298547,0.357203,-0.012972,,,,,,,,,,,Tp_V_s:None,2004:2004parkfield02ca:US:parkfieldfaultzone9,1,
S08-R0195,Taiwan database(NCREE),195,2004_Parkfield_02_CA,2004,Parkfield - Stone Corral 1E,US:parkfieldstonecorral1e,35.788,-120.294,original,S01,Taiwan database(NCREE)!H195:I195,original row,,as supplied,,6,,,,,3.79,,,,,,SS,,35.817,-120.365,8.1,260.63,True,0.574,False,,False,670.204,816.982,325.188,36.0239,39.8591,16.3943,5.45643,3.34363,1.33858,-0.085193,0.05443,0.034757,,,,,,,,,,,Tp_V_s:None,2004:2004parkfield02ca:US:parkfieldstonecorral1e,1,
S08-R0196,Taiwan database(NCREE),196,2004_Parkfield_02_CA,2004,Slack Canyon,US:slackcanyon,36.034,-120.59,original,S01,Taiwan database(NCREE)!H196:I196,original row,,as supplied,,6,,,,,2.99,,,,,,SS,,35.817,-120.365,8.1,648.09,True,0.854,False,,False,206.561,342.541,107.452,25.9593,53.1834,8.72036,6.76205,9.10243,1.70112,-0.017959,-0.190803,-0.040758,,,,,,,,,,,Tp_V_s:None,2004:2004parkfield02ca:US:slackcanyon,1,
S08-R0197,Taiwan database(NCREE),197,2004_Taitung_Taiwan,2004,TTN045,TW:ttn045,22.974,121.156333,original,S01,Taiwan database(NCREE)!H197:I197,original row,,as supplied,,6.24,,,,,28.520092,,,,,,RO,,22.7262,121.3695,24.03,539.471318,True,2.261,False,,False,118.461,111.475,44.765,23.3159,21.4602,6.82719,7.16369,5.69802,2.07703,-0.01063,-0.030625,-0.022559,,,,,,,,,,,Tp_V_s:None,2004:2004taitungtaiwan:TW:ttn045,1,
S08-R0198,Taiwan database(NCREE),198,2005_Ilan_Suao_Taiwan,2005,ILA027,TW:ila027,24.689,121.766667,original,S01,Taiwan database(NCREE)!H198:I198,original row,,as supplied,,5.77,,,,,8.748209,,,,,,SS,,24.6573,121.8135,10.17,267.472859,True,1.085,False,,False,238.272,141.199,205.097,23.8046,17.6643,5.16683,4.25152,5.20065,0.594574,-0.016193,-0.037048,0.001205,,,,,,,,,,,Tp_V_s:None,2005:2005ilansuaotaiwan:TW:ila027,1,
S08-R0199,Taiwan database(NCREE),199,2005_Ilan_Suao_Taiwan,2005,ILA038,TW:ila038,24.719833,121.744,original,S01,Taiwan database(NCREE)!H199:I199,original row,,as supplied,,5.77,,,,,11.27719,,,,,,SS,,24.6573,121.8135,10.17,243.8529,True,1.218,False,,False,180.852,122.301,88.383,22.1623,14.4608,3.80643,3.54499,4.12329,0.705131,-0.008688,-0.078517,0.031943,,,,,,,,,,,Tp_V_s:None,2005:2005ilansuaotaiwan:TW:ila038,1,
S08-R0200,Taiwan database(NCREE),200,2006_Hengchun_Offshore_01_Taiwan,2006,KAU046,TW:kau046,22.0032,120.7457,original,S01,Taiwan database(NCREE)!H200:I200,original row,,as supplied,,7.02,,,,,40.8481,,,,,,NO,,21.887,120.5684,44.1,198.41,True,2.1,False,,False,181.097605,198.754604,74.156593,38.870165,30.230745,8.376535,13.297175,9.708247,3.339625,0.328525,-0.31456,0.172812,,,,,,,,,,,Tp_V_s:None,2006:2006hengchunoffshore01taiwan:TW:kau046,1,
S08-R0201,Taiwan database(NCREE),201,2006_Hengchun_Offshore_Taiwan,2006,KAU046,TW:kau046,22.00317,120.7457,original,S01,Taiwan database(NCREE)!H201:I201,original row,,as supplied,,6.94,,,,,34.8159,,,,,,SS,,22.0297,120.4051,33.8,198.4127,True,2.037,False,,False,173.879,250.3,68.213,32.3635,34.1763,6.09854,13.6319,9.31937,3.66836,-0.459319,0.438222,0.740463,,,,,,,,,,,Tp_V_s:None,2006:2006hengchunoffshoretaiwan:TW:kau046,1,
S08-R0202,Taiwan database(NCREE),202,2006_Hengchun_Offshore_Taiwan,2006,KAU081,TW:kau081,22.0085,120.7452,original,S01,Taiwan database(NCREE)!H202:I202,original row,,as supplied,,6.94,,,,,34.97832,,,,,,SS,,22.0297,120.4051,33.8,381.1868,True,2.023,False,,False,198.571,255.744,61.3,29.6115,35.1541,5.57224,14.2492,9.79795,3.88952,1.82836,-1.94664,0.883743,,,,,,,,,,,Tp_V_s:None,2006:2006hengchunoffshoretaiwan:TW:kau081,1,
S08-R0203,Taiwan database(NCREE),203,2006_Hengchun_Offshore_Taiwan,2006,KAU082,TW:kau082,21.94033,120.7322,original,S01,Taiwan database(NCREE)!H203:I203,original row,,as supplied,,6.94,,,,,31.88376,,,,,,SS,,22.0297,120.4051,33.8,493.4981,True,2.401,False,,False,203.854,186.883,83.428,39.7753,25.1836,8.42891,23.0827,9.90917,5.7578,-1.53594,-1.21269,1.69131,,,,,,,,,,,Tp_V_s:None,2006:2006hengchunoffshoretaiwan:TW:kau082,1,
S08-R0204,Taiwan database(NCREE),204,2006_Taitung_Taiwan,2006,TTN011,TW:ttn011,22.781333,121.119333,original,S01,Taiwan database(NCREE)!H204:I204,original row,,as supplied,,6.17,,,,,11.114708,,,,,,SS,,22.881,121.0648,9.71,445.368171,True,1.176,False,,False,281.879,325.084,459.912,35.3112,49.3916,10.4018,6.29896,6.77869,1.26526,-0.039372,0.01148,0.000127,,,,,,,,,,,Tp_V_s:None,2006:2006taitungtaiwan:TW:ttn011,1,
S08-R0205,Taiwan database(NCREE),205,2006_Taitung_Taiwan,2006,TTN012,TW:ttn012,22.764,121.1415,original,S01,Taiwan database(NCREE)!H205:I205,original row,,as supplied,,6.17,,,,,12.358326,,,,,,SS,,22.881,121.0648,9.71,268.112965,True,0.945,False,,False,342.806,453.81,241.838,16.0778,35.0066,12.2089,3.65482,6.83809,2.81138,0.01619,-0.026864,-0.015706,,,,,,,,,,,Tp_V_s:None,2006:2006taitungtaiwan:TW:ttn012,1,
S08-R0206,Taiwan database(NCREE),206,2006_Taitung_Taiwan,2006,TTN027,TW:ttn027,22.807333,121.093833,original,S01,Taiwan database(NCREE)!H206:I206,original row,,as supplied,,6.17,,,,,9.104076,,,,,,SS,,22.881,121.0648,9.71,318.218,True,1.274,False,,False,285.51,289.96,180.859,56.8616,49.0037,17.2797,13.1629,11.3862,4.6978,0.014827,0.020763,-0.007534,,,,,,,,,,,Tp_V_s:None,2006:2006taitungtaiwan:TW:ttn027,1,
S08-R0207,Taiwan database(NCREE),207,2006_Taitung_Taiwan,2006,TTN048,TW:ttn048,22.772167,121.091,original,S01,Taiwan database(NCREE)!H207:I207,original row,,as supplied,,6.17,,,,,12.710733,,,,,,SS,,22.881,121.0648,9.71,733.14,True,1.554,False,,False,320.336,237.97,284.051,63.1028,23.966,15.9417,12.6629,5.71224,3.52338,0.024072,-0.016144,0.014955,,,,,,,,,,,Tp_V_s:None,2006:2006taitungtaiwan:TW:ttn048,1,
S08-R0208,Taiwan database(NCREE),208,2006_Taitung_Taiwan,2006,TTN049,TW:ttn049,22.7305,121.107333,original,S01,Taiwan database(NCREE)!H208:I208,original row,,as supplied,,6.17,,,,,16.662562,,,,,,SS,,22.881,121.0648,9.71,467.1078,True,2.142,False,,False,160.406,140.078,370.861,33.9321,22.6199,11.3705,10.5292,8.49249,3.91566,-0.025524,-0.013949,-0.025068,,,,,,,,,,,Tp_V_s:None,2006:2006taitungtaiwan:TW:ttn049,1,
S08-R0209,Taiwan database(NCREE),209,2006_Taitung_Taiwan,2006,TTN054,TW:ttn054,22.764973,121.145516,original,S01,Taiwan database(NCREE)!H209:I209,original row,,as supplied,,6.17,,,,,12.161221,,,,,,SS,,22.881,121.0648,9.71,279.21211,True,0.868,False,,False,213.657,420.775,189.044,27.3158,50.5141,17.9666,7.62591,8.05941,4.20337,-0.055265,-0.041353,-0.038278,,,,,,,,,,,Tp_V_s:None,2006:2006taitungtaiwan:TW:ttn054,1,
S08-R0210,Taiwan database(NCREE),210,2007_Chuetsu-oki_Japan,2007,Joetsu Kakizakiku Kakizaki,JP:joetsukakizakikukakizaki,37.2736,138.3944,original,S01,Taiwan database(NCREE)!H210:I210,original row,,as supplied,,6.8,,,,,11.94,,,,,,RV,,37.5382,138.6174,9,383.43,True,1.4,False,,False,446.943,297.369,176.249,89.1526,48.9885,18.6304,28.2287,25.1555,7.861,0.437191,0.152559,-0.10197,,,,,,,,,,,Tp_V_s:None,2007:2007chuetsuokijapan:JP:joetsukakizakikukakizaki,1,
S08-R0211,Taiwan database(NCREE),211,2007_Taitung_Taiwan,2007,TTN048,TW:ttn048,22.7722,121.091,original,S01,Taiwan database(NCREE)!H211:I211,original row,,as supplied,,5.24,,,,,13.6015,,,,,,SS,,22.6458,121.0633,5.62,733.14,True,0.805,False,,False,211.194285,243.836559,72.220619,11.91744,24.483,5.488085,1.464716,3.324242,1.038564,0.003868,0.007603,-0.002078,,,,,,,,,,,Tp_V_s:None,2007:2007taitungtaiwan:TW:ttn048,1,
S08-R0212,Taiwan database(NCREE),212,2009_Hualien_Offshore_Taiwan,2009,HWA015,TW:hwa015,23.97283,121.5627,original,S01,Taiwan database(NCREE)!H212:I212,original row,,as supplied,,6.47,,,,,37.68962,,,,,,RV,,23.7988,121.657,43.05,445.5997,True,1.631,False,,False,147.54,91.337,99.952,34.972,7.43101,7.43554,6.90559,1.21073,1.35451,0.098371,-0.08616,0.047681,,,,,,,,,,,Tp_V_s:None,2009:2009hualienoffshoretaiwan:TW:hwa015,1,
S08-R0213,Taiwan database(NCREE),213,2009_Hualien_Offshore_Taiwan,2009,HWA016,TW:hwa016,23.96317,121.5685,original,S01,Taiwan database(NCREE)!H213:I213,original row,,as supplied,,6.47,,,,,37.21181,,,,,,RV,,23.7988,121.657,43.05,579.5981,True,1.925,False,,False,165.582,85.38,124.902,29.249,9.06623,5.80108,6.72257,1.54837,1.29259,0.017469,0.010094,0.094247,,,,,,,,,,,Tp_V_s:None,2009:2009hualienoffshoretaiwan:TW:hwa016,1,
S08-R0214,Taiwan database(NCREE),214,2009_Hualien_Offshore_Taiwan,2009,HWA027,TW:hwa027,24.05367,121.5985,original,S01,Taiwan database(NCREE)!H214:I214,original row,,as supplied,,6.47,,,,,41.09176,,,,,,RV,,23.7988,121.657,43.05,434.5623,True,1.435,False,,False,121.105,132.901,104.883,25.4475,11.9609,7.42548,3.88327,2.00233,1.47278,-0.091625,0.059186,0.035095,,,,,,,,,,,Tp_V_s:None,2009:2009hualienoffshoretaiwan:TW:hwa027,1,
S08-R0215,Taiwan database(NCREE),215,2009_Hualien_Offshore_Taiwan,2009,HWA028,TW:hwa028,24.01433,121.6095,original,S01,Taiwan database(NCREE)!H215:I215,original row,,as supplied,,6.47,,,,,38.81382,,,,,,RV,,23.7988,121.657,43.05,404.9129,True,1.568,False,,False,140.706,109.571,120.8,23.7387,10.0215,7.21602,7.77564,2.88073,2.26069,0.003988,0.035274,-0.015671,,,,,,,,,,,Tp_V_s:None,2009:2009hualienoffshoretaiwan:TW:hwa028,1,
S08-R0216,Taiwan database(NCREE),216,2009_Hualien_Offshore_Taiwan,2009,HWA048,TW:hwa048,24.0095,121.5805,original,S01,Taiwan database(NCREE)!H216:I216,original row,,as supplied,,6.47,,,,,38.94504,,,,,,RV,,23.7988,121.657,43.05,349.7937,True,1.47,False,,False,186.742,174.099,106.711,36.183,19.1271,11.4202,7.55813,2.99524,2.73338,-0.01642,0.051681,-0.097811,,,,,,,,,,,Tp_V_s:None,2009:2009hualienoffshoretaiwan:TW:hwa048,1,
S08-R0217,Taiwan database(NCREE),217,2009_Hualien_Offshore_Taiwan,2009,HWA050,TW:hwa050,23.9878,121.5908,original,S01,Taiwan database(NCREE)!H217:I217,original row,,as supplied,,6.47,,,,,37.798,,,,,,RV,,23.7988,121.657,43.05,343.44,True,1.834,False,,False,167.31956,107.984076,85.598256,38.477855,18.60229,7.795345,8.785795,3.96674,2.205495,-0.05508,0.015322,0.007305,,,,,,,,,,,Tp_V_s:None,2009:2009hualienoffshoretaiwan:TW:hwa050,1,
S08-R0218,Taiwan database(NCREE),218,2009_Hualien_Offshore_Taiwan,2009,HWA061,TW:hwa061,24.018,121.6107,original,S01,Taiwan database(NCREE)!H218:I218,original row,,as supplied,,6.47,,,,,38.99143,,,,,,RV,,23.7988,121.657,43.05,242.057,True,1.645,False,,False,141.104,100.135,80.877,24.82,10.0824,7.44003,8.28922,2.75629,2.44995,0.03363,-0.020494,-0.113753,,,,,,,,,,,Tp_V_s:None,2009:2009hualienoffshoretaiwan:TW:hwa061,1,
S08-R0219,Taiwan database(NCREE),219,2009_LAquila_Italy,2009,L'Aquila - Parking,IT:laquilaparking,42.345,13.401,original,S01,Taiwan database(NCREE)!H219:I219,original row,,as supplied,,6.3,,,,,5.38,,,,,,NM,,42.3476,13.38,9.27,717,True,1.981,False,,False,329.713,354.547,364.419,32.4253,36.4273,19.7462,7.97141,13.6425,4.56737,-0.01235,0.030951,0.108168,,,,,,,,,,,Tp_V_s:None,2009:2009laquilaitaly:IT:laquilaparking,1,
S08-R0220,Taiwan database(NCREE),220,2009_LAquila_Italy,2009,L'Aquila - V. Aterno - Centro Valle,IT:laquilavaternocentrovalle,42.377,13.344,original,S01,Taiwan database(NCREE)!H220:I220,original row,,as supplied,,6.3,,,,,6.27,,,,,,NM,,42.3476,13.38,9.27,475,True,1.071,False,,False,651.43,545.328,518.651,40.4978,42.856,12.4116,6.97462,3.30255,3.13207,0.016526,-0.01116,0.005272,,,,,,,,,,,Tp_V_s:None,2009:2009laquilaitaly:IT:laquilavaternocentrovalle,1,
S08-R0221,Taiwan database(NCREE),221,2009_LAquila_Italy,2009,L'Aquila - V. Aterno -F. Aterno,IT:laquilavaternofaterno,42.376,13.339,original,S01,Taiwan database(NCREE)!H221:I221,original row,,as supplied,,6.3,,,,,6.55,,,,,,NM,,42.3476,13.38,9.27,552,True,1.176,False,,False,394.147,431.772,480.242,32.0638,26.9783,9.54182,5.26918,3.97715,1.987,-0.023738,0.06871,0.020617,,,,,,,,,,,Tp_V_s:None,2009:2009laquilaitaly:IT:laquilavaternofaterno,1,
S08-R0222,Taiwan database(NCREE),222,2009_Nantou_Taiwan,2009,TCU079,TW:tcu079,23.83683,120.9022,original,S01,Taiwan database(NCREE)!H222:I222,original row,,as supplied,,5.6,,,,,16.82916,,,,,,RO,,23.7878,120.7282,23.55,353.9405,True,0.805,False,,False,225.803,140.115,84.198,20.0386,13.4644,5.15914,3.08165,2.05061,0.645338,-0.101293,0.041859,0.26823,,,,,,,,,,,Tp_V_s:None,2009:2009nantoutaiwan:TW:tcu079,1,
S08-R0223,Taiwan database(NCREE),223,2009_Nantou_Taiwan,2009,TCU124,TW:tcu124,23.91383,120.6918,original,S01,Taiwan database(NCREE)!H223:I223,original row,,as supplied,,5.6,,,,,23.78532,,,,,,RO,,23.7878,120.7282,23.55,242,True,0.602,False,,False,228.1,199.918,102.865,20.2106,13.743,3.05584,2.68835,1.47217,0.281926,0.006026,-0.039737,-0.005261,,,,,,,,,,,Tp_V_s:None,2009:2009nantoutaiwan:TW:tcu124,1,
S08-R0224,Taiwan database(NCREE),224,2010_Darfield_NewZealand,2010,Christchurch Botanical Gardens,NZ:christchurchbotanicalgardens,-43.531,172.6197,original,S01,Taiwan database(NCREE)!H224:I224,original row,,as supplied,,7,,,,,18.05,,,,,,SS,,-43.615,172.049,10.9,187,True,12.621,False,,False,152.433,186.404,120.842,21.2749,60.6224,16.0867,11.2994,56.1014,13.6346,-0.006508,0.010131,-0.000183,,,,,,,,,,,Tp_V_s:None,2010:2010darfieldnewzealand:NZ:christchurchbotanicalgardens,1,
S08-R0225,Taiwan database(NCREE),225,2010_Darfield_NewZealand,2010,Christchurch Resthaven,NZ:christchurchresthaven,-43.5236,172.635,original,S01,Taiwan database(NCREE)!H225:I225,original row,,as supplied,,7,,,,,19.48,,,,,,SS,,-43.615,172.049,10.9,141,True,12.019,False,,False,257.851,233.374,209.935,62.1794,26.6295,20.2586,54.8289,16.4513,13.1161,0.034399,0.014319,-0.003505,,,,,,,,,,,Tp_V_s:None,2010:2010darfieldnewzealand:NZ:christchurchresthaven,1,
S08-R0226,Taiwan database(NCREE),226,2010_Darfield_NewZealand,2010,DSLC,NZ:dslc,-43.6692,172.1978,original,S01,Taiwan database(NCREE)!H226:I226,original row,,as supplied,,7,,,,,8.46,,,,,,SS,,-43.615,172.049,10.9,295.74,True,7.826,False,,False,252.064,232.631,310.531,39.4071,67.2823,14.5843,34.065,81.2808,9.50012,0.044416,0.026983,0.012919,,,,,,,,,,,Tp_V_s:None,2010:2010darfieldnewzealand:NZ:dslc,1,
S08-R0227,Taiwan database(NCREE),227,2010_Darfield_NewZealand,2010,GDLC,NZ:gdlc,-43.588,172.0893,original,S01,Taiwan database(NCREE)!H227:I227,original row,,as supplied,,7,,,,,1.22,,,,,,SS,,-43.615,172.049,10.9,344.02,True,6.23,False,,False,749.97,694.587,1226.07,116.124,100.342,38.3789,100.411,44.567,25.234,-0.092921,-0.00109,0.002106,,,,,,,,,,,Tp_V_s:None,2010:2010darfieldnewzealand:NZ:gdlc,1,
S08-R0228,Taiwan database(NCREE),228,2010_Darfield_NewZealand,2010,HORC,NZ:horc,-43.5413,171.9598,original,S01,Taiwan database(NCREE)!H228:I228,original row,,as supplied,,7,,,,,7.29,,,,,,SS,,-43.615,172.049,10.9,326.01,True,9.919,False,,False,441.535,467.564,795.889,105.982,69.8601,61.4784,52.976,29.6791,34.9296,-0.115076,0.135598,0.132086,,,,,,,,,,,Tp_V_s:None,2010:2010darfieldnewzealand:NZ:horc,1,
S08-R0229,Taiwan database(NCREE),229,2010_Darfield_NewZealand,2010,LINC,NZ:linc,-43.6248,172.4679,original,S01,Taiwan database(NCREE)!H229:I229,original row,,as supplied,,7,,,,,7.11,,,,,,SS,,-43.615,172.049,10.9,263.2,True,7.371,True,3.367,False,452.581,380.213,897.137,108.806,56.9543,77.6043,66.6824,33.8257,33.1847,0.291068,-0.089504,0.033904,,,,,,,,,,,,2010:2010darfieldnewzealand:NZ:linc,1,
S08-R0230,Taiwan database(NCREE),230,2010_Darfield_NewZealand,2010,LPCC,NZ:lpcc,-43.6056,172.7223,original,S01,Taiwan database(NCREE)!H230:I230,original row,,as supplied,,7,,,,,25.67,,,,,,SS,,-43.615,172.049,10.9,649.67,True,10.633,False,,False,234.925,349.83,153.687,17.7049,30.3053,9.92584,3.8163,21.2779,6.05905,0.111315,-0.152219,0.036543,,,,,,,,,,,Tp_V_s:None,2010:2010darfieldnewzealand:NZ:lpcc,1,
S08-R0231,Taiwan database(NCREE),231,2010_Darfield_NewZealand,2010,NNBS North New Brighton School,NZ:nnbsnorthnewbrightonschool,-43.4971,172.7179,original,S01,Taiwan database(NCREE)!H231:I231,original row,,as supplied,,7,,,,,26.76,,,,,,SS,,-43.615,172.049,10.9,211,True,8.043,False,,False,198.802,190.119,144.096,56.5212,26.2698,18.9509,52.319,16.0238,11.6916,0.015693,0.004164,0.000464,,,,,,,,,,,Tp_V_s:None,2010:2010darfieldnewzealand:NZ:nnbsnorthnewbrightonschool,1,
S08-R0232,Taiwan database(NCREE),232,2010_Darfield_NewZealand,2010,Riccarton High School,NZ:riccartonhighschool,-43.5362,172.5644,original,S01,Taiwan database(NCREE)!H232:I232,original row,,as supplied,,7,,,,,13.64,,,,,,SS,,-43.615,172.049,10.9,293,True,9.394,False,,False,186.448,229.15,302.6,30.547,62.7224,17.3909,19.8452,59.3438,7.58687,0.005952,0.021092,0.003636,,,,,,,,,,,Tp_V_s:None,2010:2010darfieldnewzealand:NZ:riccartonhighschool,1,
S08-R0233,Taiwan database(NCREE),233,2010_Darfield_NewZealand,2010,ROLC,NZ:rolc,-43.5945,172.381,original,S01,Taiwan database(NCREE)!H233:I233,original row,,as supplied,,7,,,,,1.54,,,,,,SS,,-43.615,172.049,10.9,295.74,True,7.14,False,,False,382.983,318.339,696.918,85.7543,57.0187,28.9253,107.272,21.0761,10.5726,0.231825,0.037215,0.048224,,,,,,,,,,,Tp_V_s:None,2010:2010darfieldnewzealand:NZ:rolc,1,
S08-R0234,Taiwan database(NCREE),234,2010_Darfield_NewZealand,2010,Shirley Library,NZ:shirleylibrary,-43.5053,172.6634,original,S01,Taiwan database(NCREE)!H234:I234,original row,,as supplied,,7,,,,,22.33,,,,,,SS,,-43.615,172.049,10.9,207,True,8.757,False,,False,163.914,188.565,140.767,37.6023,57.8372,17.4985,36.5274,47.8751,13.4045,-0.037078,0.043129,-0.000514,,,,,,,,,,,Tp_V_s:None,2010:2010darfieldnewzealand:NZ:shirleylibrary,1,
S08-R0235,Taiwan database(NCREE),235,2010_Darfield_NewZealand,2010,Styx Mill Transfer Station,NZ:styxmilltransferstation,-43.4675,172.6139,original,S01,Taiwan database(NCREE)!H235:I235,original row,,as supplied,,7,,,,,20.86,,,,,,SS,,-43.615,172.049,10.9,247.5,True,9.352,False,,False,172.466,166.998,228.869,38.6944,60.1622,12.362,26.6597,47.691,9.37134,-0.600313,2.00285,-0.175318,,,,,,,,,,,Tp_V_s:None,2010:2010darfieldnewzealand:NZ:styxmilltransferstation,1,
S08-R0236,Taiwan database(NCREE),236,2010_Darfield_NewZealand,2010,TPLC,NZ:tplc,-43.5517,172.4718,original,S01,Taiwan database(NCREE)!H236:I236,original row,,as supplied,,7,,,,,6.11,,,,,,SS,,-43.615,172.049,10.9,249.28,True,8.932,False,,False,294.031,204.235,858.224,76.333,45.8109,20.5794,79.4303,40.9318,12.4172,-0.467902,-0.226287,0.131542,,,,,,,,,,,Tp_V_s:None,2010:2010darfieldnewzealand:NZ:tplc,1,
S08-R0237,Taiwan database(NCREE),237,2010_ElMayor-Cucapah_Mexico,2010,El Centro Array 12,MX:elcentroarray12,32.718,-115.637,original,S01,Taiwan database(NCREE)!H237:I237,original row,,as supplied,,7.2,,,,,11.26,,,,,,SS,,32.3,-115.267,5.45,196.88,True,8.722,False,,False,398.405,324.99,269.58,70.1622,72.6124,17.0597,62.3856,54.6479,9.25182,-0.010021,0.016871,-0.011795,,,,,,,,,,,Tp_V_s:None,2010:2010elmayorcucapahmexico:MX:elcentroarray12,1,
S08-R0238,Taiwan database(NCREE),238,2010_ElMayor-Cucapah_Mexico,2010,Westside Elementary School,MX:westsideelementaryschool,32.75904,-115.7316,original,S01,Taiwan database(NCREE)!H238:I238,original row,,as supplied,,7.2,,,,,11.44,,,,,,SS,,32.3,-115.267,5.45,242,True,7.084,False,,False,275.578,250.219,236.826,52.0564,55.314,10.9297,56.3791,46.8659,4.28407,-0.000736,-0.052069,0.004463,,,,,,,,,,,Tp_V_s:None,2010:2010elmayorcucapahmexico:MX:westsideelementaryschool,1,
S08-R0239,Taiwan database(NCREE),239,2010_Jiaxian_Taiwan,2010,CHY008,TW:chy008,23.48367,120.2775,original,S01,Taiwan database(NCREE)!H239:I239,original row,,as supplied,,6.29,,,,,50.91327,,,,,,RV,,22.979,120.7316,22.6,209.4972,True,1.379,False,,False,128.208,170.906,32.075,19.719,22.9582,3.08425,5.47889,5.20239,1.74193,0.045244,-0.020965,0.031718,,,,,,,,,,,Tp_V_s:None,2010:2010jiaxiantaiwan:TW:chy008,1,
S08-R0240,Taiwan database(NCREE),240,2010_Jiaxian_Taiwan,2010,CHY016,TW:chy016,23.21917,120.1622,original,S01,Taiwan database(NCREE)!H240:I240,original row,,as supplied,,6.29,,,,,32.50569,,,,,,RV,,22.979,120.7316,22.6,199.4681,True,2.051,False,,False,152.892,146.468,28.908,19.6439,30.3478,3.32635,7.67402,6.31085,2.1143,-0.065232,0.018844,-0.043974,,,,,,,,,,,Tp_V_s:None,2010:2010jiaxiantaiwan:TW:chy016,1,
S08-R0241,Taiwan database(NCREE),241,2010_Jiaxian_Taiwan,2010,CHY017,TW:chy017,23.21367,120.277,original,S01,Taiwan database(NCREE)!H241:I241,original row,,as supplied,,6.29,,,,,24.77478,,,,,,RV,,22.979,120.7316,22.6,196.0186,True,1.855,False,,False,200.542,110.293,32.556,36.8312,23.6144,6.21277,15.5171,4.82997,3.74602,0.036323,0.041041,-0.018422,,,,,,,,,,,Tp_V_s:None,2010:2010jiaxiantaiwan:TW:chy017,1,
S08-R0242,Taiwan database(NCREE),242,2010_Jiaxian_Taiwan,2010,CHY044,TW:chy044,23.38117,120.1722,original,S01,Taiwan database(NCREE)!H242:I242,original row,,as supplied,,6.29,,,,,46.14729,,,,,,RV,,22.979,120.7316,22.6,192.6659,True,1.176,False,,False,161.231,187.831,46.444,20.8049,38.7175,6.57444,4.26792,9.2299,2.58449,-0.124216,0.005077,0.272935,,,,,,,,,,,Tp_V_s:None,2010:2010jiaxiantaiwan:TW:chy044,1,
S08-R0243,Taiwan database(NCREE),243,2010_Jiaxian_Taiwan,2010,CHY049,TW:chy049,23.3655,120.3667,original,S01,Taiwan database(NCREE)!H243:I243,original row,,as supplied,,6.29,,,,,35.81032,,,,,,RV,,22.979,120.7316,22.6,224.8207,True,1.512,False,,False,158.75,176.808,34.183,27.6569,34.3736,6.40784,7.12556,7.60793,3.4431,0.003477,-0.016231,0.048475,,,,,,,,,,,Tp_V_s:None,2010:2010jiaxiantaiwan:TW:chy049,1,
S08-R0244,Taiwan database(NCREE),244,2010_Jiaxian_Taiwan,2010,CHY055,TW:chy055,23.26867,120.2768,original,S01,Taiwan database(NCREE)!H244:I244,original row,,as supplied,,6.29,,,,,30.03812,,,,,,RV,,22.979,120.7316,22.6,221.4512,True,1.736,False,,False,131.117,80.493,25.548,32.5611,17.4745,6.44883,10.9789,4.6963,3.5895,-0.071357,-0.036933,0.054095,,,,,,,,,,,Tp_V_s:None,2010:2010jiaxiantaiwan:TW:chy055,1,
S08-R0245,Taiwan database(NCREE),245,2010_Jiaxian_Taiwan,2010,CHY056,TW:chy056,23.26217,120.1392,original,S01,Taiwan database(NCREE)!H245:I245,original row,,as supplied,,6.29,,,,,37.54201,,,,,,RV,,22.979,120.7316,22.6,189.0002,True,1.981,False,,False,99.112,153.788,25.098,16.2131,25.9426,4.15729,5.12742,7.62341,1.95071,0.019421,-0.045864,-0.178299,,,,,,,,,,,Tp_V_s:None,2010:2010jiaxiantaiwan:TW:chy056,1,
S08-R0246,Taiwan database(NCREE),246,2010_Jiaxian_Taiwan,2010,CHY058,TW:chy058,23.17133,120.3272,original,S01,Taiwan database(NCREE)!H246:I246,original row,,as supplied,,6.29,,,,,18.22719,,,,,,RV,,22.979,120.7316,22.6,271.1252,True,1.113,False,,False,353.115,147.567,117.98,49.8845,16.5249,10.4104,12.1115,3.73184,3.46423,-0.010842,0.078501,-0.1133,,,,,,,,,,,Tp_V_s:None,2010:2010jiaxiantaiwan:TW:chy058,1,
S08-R0247,Taiwan database(NCREE),247,2010_Jiaxian_Taiwan,2010,CHY059,TW:chy059,23.183,120.1113,original,S01,Taiwan database(NCREE)!H247:I247,original row,,as supplied,,6.29,,,,,34.12487,,,,,,RV,,22.979,120.7316,22.6,186.9741,True,1.498,False,,False,139.667,93.772,20.529,25.0431,15.6632,2.40972,6.79605,4.20077,1.11594,-0.026891,-0.030032,-0.02405,,,,,,,,,,,Tp_V_s:None,2010:2010jiaxiantaiwan:TW:chy059,1,
S08-R0248,Taiwan database(NCREE),248,2010_Jiaxian_Taiwan,2010,CHY063,TW:chy063,23.02583,120.3495,original,S01,Taiwan database(NCREE)!H248:I248,original row,,as supplied,,6.29,,,,,4.806363,,,,,,RV,,22.979,120.7316,22.6,287.6594,True,1.155,False,,False,385.134,174.661,71.277,61.7649,34.314,15.4948,18.0086,11.2861,5.89023,-0.004513,-0.058661,0.043484,,,,,,,,,,,Tp_V_s:None,2010:2010jiaxiantaiwan:TW:chy063,1,
S08-R0249,Taiwan database(NCREE),249,2010_Jiaxian_Taiwan,2010,CHY089,TW:chy089,23.07533,120.364,original,S01,Taiwan database(NCREE)!H249:I249,original row,,as supplied,,6.29,,,,,7.239649,,,,,,RV,,22.979,120.7316,22.6,396.1965,True,2.38,False,,False,268.775,172.136,60.218,36.2179,27.0814,10.4382,10.2403,7.92103,5.33278,0.139807,0.554924,0.278352,,,,,,,,,,,Tp_V_s:None,2010:2010jiaxiantaiwan:TW:chy089,1,
S08-R0250,Taiwan database(NCREE),250,2010_Jiaxian_Taiwan,2010,CHY095,TW:chy095,23.456,120.3307,original,S01,Taiwan database(NCREE)!H250:I250,original row,,as supplied,,6.29,,,,,46.0471,,,,,,RV,,22.979,120.7316,22.6,216.3644,True,1.484,False,,False,185.655,199.598,29.022,20.5698,25.1652,3.62761,5.79749,6.16674,1.78379,0.046219,-0.031112,0.035969,,,,,,,,,,,Tp_V_s:None,2010:2010jiaxiantaiwan:TW:chy095,1,
S08-R0251,Taiwan database(NCREE),251,2010_Jiaxian_Taiwan,2010,CHY107,TW:chy107,23.29767,120.2992,original,S01,Taiwan database(NCREE)!H251:I251,original row,,as supplied,,6.29,,,,,31.79435,,,,,,RV,,22.979,120.7316,22.6,181.0514,True,1.862,False,,False,159.949,163.237,31.31,32.658,28.4831,6.97528,10.3966,7.5801,3.63742,-0.03455,-0.067723,0.016834,,,,,,,,,,,Tp_V_s:None,2010:2010jiaxiantaiwan:TW:chy107,1,
S08-R0252,Taiwan database(NCREE),252,2010_Jiaxian_Taiwan,2010,CHY113,TW:chy113,23.42017,120.2138,original,S01,Taiwan database(NCREE)!H252:I252,original row,,as supplied,,6.29,,,,,47.68719,,,,,,RV,,22.979,120.7316,22.6,240.6449,True,1.148,False,,False,190.004,226.432,46.563,24.5306,36.3886,5.95664,4.91709,9.22327,2.6702,-0.001217,0.001089,0.002114,,,,,,,,,,,Tp_V_s:None,2010:2010jiaxiantaiwan:TW:chy113,1,
S08-R0253,Taiwan database(NCREE),253,2010_Jiaxian_Taiwan,2010,CHY115,TW:chy115,23.147,120.0858,original,S01,Taiwan database(NCREE)!H253:I253,original row,,as supplied,,6.29,,,,,34.50098,,,,,,RV,,22.979,120.7316,22.6,206.3173,True,1.568,False,,False,130.937,141.487,26.482,22.3878,18.1897,4.26974,5.82768,3.99902,3.41513,-0.640166,-0.028421,-2.48837,,,,,,,,,,,Tp_V_s:None,2010:2010jiaxiantaiwan:TW:chy115,1,
S08-R0254,Taiwan database(NCREE),254,2010_Jiaxian_Taiwan,2010,CHY122,TW:chy122,23.32283,120.3095,original,S01,Taiwan database(NCREE)!H254:I254,original row,,as supplied,,6.29,,,,,33.79545,,,,,,RV,,22.979,120.7316,22.6,224.9762,True,1.708,False,,False,114.111,156.561,38.028,23.9413,32.3526,7.05853,8.09477,9.11604,3.86235,-0.000275,0.020776,-0.030197,,,,,,,,,,,Tp_V_s:None,2010:2010jiaxiantaiwan:TW:chy122,1,
S08-R0255,Taiwan database(NCREE),255,2010_Jiaxian_Taiwan,2010,CHY123,TW:chy123,23.4835,120.2395,original,S01,Taiwan database(NCREE)!H255:I255,original row,,as supplied,,6.29,,,,,52.57383,,,,,,RV,,22.979,120.7316,22.6,212.4491,True,1.162,False,,False,150.093,173.225,27.267,17.7276,26.6518,3.04976,5.45004,5.78397,1.75899,-0.316259,-0.503163,0.226108,,,,,,,,,,,Tp_V_s:None,2010:2010jiaxiantaiwan:TW:chy123,1,
S08-R0256,Taiwan database(NCREE),256,2010_Jiaxian_Taiwan,2010,CHY128,TW:chy128,23.2945,120.3867,original,S01,Taiwan database(NCREE)!H256:I256,original row,,as supplied,,6.29,,,,,28.14223,,,,,,RV,,22.979,120.7316,22.6,253.8512,True,2.989,False,,False,174.969,203.938,34.847,35.7528,26.6144,11.4171,9.82672,6.10837,4.312,-0.062645,-0.068916,0.058692,,,,,,,,,,,Tp_V_s:None,2010:2010jiaxiantaiwan:TW:chy128,1,
S08-R0257,Taiwan database(NCREE),257,2010_Jiaxian_Taiwan,2010,CHY129,TW:chy129,23.29267,120.244,original,S01,Taiwan database(NCREE)!H257:I257,original row,,as supplied,,6.29,,,,,33.98638,,,,,,RV,,22.979,120.7316,22.6,210.3419,True,1.806,False,,False,89.745,147.399,28.086,18.9056,32.1869,4.93449,7.30641,7.45202,2.58729,0.029599,0.023622,0.1148,,,,,,,,,,,Tp_V_s:None,2010:2010jiaxiantaiwan:TW:chy129,1,
S08-R0258,Taiwan database(NCREE),258,2010_Jiaxian_Taiwan,2010,CHY131,TW:chy131,23.1197,120.3613,original,S01,Taiwan database(NCREE)!H258:I258,original row,,as supplied,,6.29,,,,,11.5354,,,,,,RV,,22.979,120.7316,22.6,457.69,True,2.891,False,,False,163.165326,136.766415,143.096868,31.08843,15.173655,13.339755,11.56295,4.134041,5.659362,0.000775,0.034418,-0.005302,,,,,,,,,,,Tp_V_s:None,2010:2010jiaxiantaiwan:TW:chy131,1,
S08-R0259,Taiwan database(NCREE),259,2010_Jiaxian_Taiwan,2010,CHY134,TW:chy134,23.34733,120.2227,original,S01,Taiwan database(NCREE)!H259:I259,original row,,as supplied,,6.29,,,,,40.27497,,,,,,RV,,22.979,120.7316,22.6,215.9213,True,1.372,False,,False,105.287,156.665,18.938,25.0271,30.001,3.99185,6.86015,8.74799,2.16445,0.254589,-0.192134,-0.149071,,,,,,,,,,,Tp_V_s:None,2010:2010jiaxiantaiwan:TW:chy134,1,
S08-R0260,Taiwan database(NCREE),260,2011_Christchurch_NewZealand,2011,Christchurch Resthaven,NZ:christchurchresthaven,-43.5236,172.635,original,S01,Taiwan database(NCREE)!H260:I260,original row,,as supplied,,6.2,,,,,5.13,,,,,,RO,,-43.571,172.703,6,141,True,1.554,False,,False,364.299,701.747,511.896,48.2556,86.5724,21.0139,18.4054,26.9805,7.42132,0.025081,0.182261,-0.074635,,,,,,,,,,,Tp_V_s:None,2011:2011christchurchnewzealand:NZ:christchurchresthaven,1,
S08-R0261,Taiwan database(NCREE),261,2011_Christchurch_NewZealand,2011,Pages Road Pumping Station,NZ:pagesroadpumpingstation,-43.527,172.7017,original,S01,Taiwan database(NCREE)!H261:I261,original row,,as supplied,,6.2,,,,,1.98,,,,,,RO,,-43.571,172.703,6,206,True,4.823,False,,False,656.989,584.74,1861.88,96.6573,81.3097,50.7564,40.386,38.4651,9.32778,0.451764,-0.543876,-0.041847,,,,,,,,,,,Tp_V_s:None,2011:2011christchurchnewzealand:NZ:pagesroadpumpingstation,1,
S08-R0262,Taiwan database(NCREE),262,2013_Nantou_01_Taiwan,2013,TCU065,TW:tcu065,24.05617,120.6998,original,S01,Taiwan database(NCREE)!H262:I262,original row,,as supplied,,6.01,,,,,29.75701,,,,,,RV,,23.9004,121.0537,19.4,290.1073,True,1.876,False,,False,135.212,108.263,46.215,21.4403,10.9222,8.88557,7.5532,4.08343,3.28986,0.022539,-0.045991,-0.021374,,,,,,,,,,,Tp_V_s:None,2013:2013nantou01taiwan:TW:tcu065,1,
S08-R0263,Taiwan database(NCREE),263,2013_Nantou_01_Taiwan,2013,TCU077,TW:tcu077,23.82717,120.7873,original,S01,Taiwan database(NCREE)!H263:I263,original row,,as supplied,,6.01,,,,,22.29589,,,,,,RV,,23.9004,121.0537,19.4,507.4854,True,1.169,False,,False,193.338,86.804,29.952,27.3372,7.56708,5.4266,6.14306,1.33516,2.24554,-0.003604,-0.094473,-0.49417,,,,,,,,,,,Tp_V_s:None,2013:2013nantou01taiwan:TW:tcu077,1,
S08-R0264,Taiwan database(NCREE),264,2013_Nantou_01_Taiwan,2013,TCU084,TW:tcu084,23.88133,120.9082,original,S01,Taiwan database(NCREE)!H264:I264,original row,,as supplied,,6.01,,,,,14.90794,,,,,,RV,,23.9004,121.0537,19.4,733.78,True,1.148,False,,False,275.565,139.596,78.98,31.7485,22.9496,8.83882,6.54725,5.09205,4.00105,-0.291889,0.001612,0.31169,,,,,,,,,,,Tp_V_s:None,2013:2013nantou01taiwan:TW:tcu084,1,
S08-R0265,Taiwan database(NCREE),265,2013_Nantou_01_Taiwan,2013,TCU124,TW:tcu124,23.91383,120.6918,original,S01,Taiwan database(NCREE)!H265:I265,original row,,as supplied,,6.01,,,,,29.40425,,,,,,RV,,23.9004,121.0537,19.4,242,True,0.868,False,,False,229.653,111.052,99.264,25.346,9.60322,9.52222,4.70507,1.23214,2.7128,-0.023647,0.000115,-0.025021,,,,,,,,,,,Tp_V_s:None,2013:2013nantou01taiwan:TW:tcu124,1,
S08-R0266,Taiwan database(NCREE),266,2013_Nantou_01_Taiwan,2013,TCU125,TW:tcu125,23.95317,120.6905,original,S01,Taiwan database(NCREE)!H266:I266,original row,,as supplied,,6.01,,,,,29.17892,,,,,,RV,,23.9004,121.0537,19.4,630.45,True,0.903,False,,False,245.213,76.54,46.776,34.6754,8.94952,6.00354,5.97842,1.4771,2.72667,0.030664,0.009989,0.086,,,,,,,,,,,Tp_V_s:None,2013:2013nantou01taiwan:TW:tcu125,1,
S08-R0267,Taiwan database(NCREE),267,2013_Nantou_01_Taiwan,2013,TCU143,TW:tcu143,23.87983,120.7632,original,S01,Taiwan database(NCREE)!H267:I267,original row,,as supplied,,6.01,,,,,23.62579,,,,,,RV,,23.9004,121.0537,19.4,465.9109,True,1.274,False,,False,445.669,239.711,75.772,61.5934,13.5024,7.15878,10.4498,1.45642,1.97142,-0.020059,-0.010214,-0.018188,,,,,,,,,,,Tp_V_s:None,2013:2013nantou01taiwan:TW:tcu143,1,
S08-R0268,Taiwan database(NCREE),268,2013_Nantou_02_Taiwan,2013,CHY083,TW:chy083,23.72217,120.5858,original,S01,Taiwan database(NCREE)!H268:I268,original row,,as supplied,,6.3,,,,,27.39812,,,,,,RV,,23.8583,120.9762,14.5,374.0182,True,1.778,False,,False,180.95,204.269,63.253,40.1904,22.0134,14.1041,10.568,6.1606,3.88631,0.123568,-1.03144,0.675088,,,,,,,,,,,Tp_V_s:None,2013:2013nantou02taiwan:TW:chy083,1,
S08-R0269,Taiwan database(NCREE),269,2013_Nantou_02_Taiwan,2013,TCU074,TW:tcu074,23.96133,120.9712,original,S01,Taiwan database(NCREE)!H269:I269,original row,,as supplied,,6.3,,,,,13.38852,,,,,,RV,,23.8583,120.9762,14.5,558.2434,True,0.917,False,,False,281.001,160.159,76.674,31.1713,17.3357,6.0476,4.04207,3.21271,2.1594,-0.036492,0.034887,-0.022343,,,,,,,,,,,Tp_V_s:None,2013:2013nantou02taiwan:TW:tcu074,1,
S08-R0270,Taiwan database(NCREE),270,2013_Nantou_02_Taiwan,2013,TCU077,TW:tcu077,23.82717,120.7873,original,S01,Taiwan database(NCREE)!H270:I270,original row,,as supplied,,6.3,,,,,9.343317,,,,,,RV,,23.8583,120.9762,14.5,507.4854,True,1.876,False,,False,312.327,190.583,84.237,39.6853,14.3289,11.2599,7.07603,3.33423,5.91715,-0.019797,-0.185321,0.092356,,,,,,,,,,,Tp_V_s:None,2013:2013nantou02taiwan:TW:tcu077,1,
S08-R0271,Taiwan database(NCREE),271,2013_Nantou_02_Taiwan,2013,TCU126,TW:tcu126,23.76333,120.6862,original,S01,Taiwan database(NCREE)!H271:I271,original row,,as supplied,,6.3,,,,,17.5312,,,,,,RV,,23.8583,120.9762,14.5,469.079,True,1.113,False,,False,227.123,320.638,80.385,35.4071,20.9746,8.50165,9.97873,5.26268,4.44496,-0.401974,-0.932078,0.141012,,,,,,,,,,,Tp_V_s:None,2013:2013nantou02taiwan:TW:tcu126,1,
S08-R0272,Taiwan database(NCREE),272,2013_Nantou_02_Taiwan,2013,TCU167,TW:tcu167,23.6645,120.7685,original,S01,Taiwan database(NCREE)!H272:I272,original row,,as supplied,,6.3,,,,,14.51827,,,,,,RV,,23.8583,120.9762,14.5,363.85,True,1.19,False,,False,741.868,696.577,262.08,59.7357,50.3466,20.7115,9.8646,8.37911,5.15023,-0.012165,-0.074481,0.053422,,,,,,,,,,,Tp_V_s:None,2013:2013nantou02taiwan:TW:tcu167,1,
S08-R0273,Taiwan database(NCREE),273,2013_Ruisui_Taiwan,2013,HWA005,TW:hwa005,23.66067,121.4248,original,S01,Taiwan database(NCREE)!H273:I273,original row,,as supplied,,6.32,,,,,7.732088,,,,,,RO,,23.5679,121.3463,14.98,445.7531,True,2.072,False,,False,330.347,231.558,516.622,40.2706,21.5157,18.1559,11.4988,5.24064,7.50558,-0.092314,-0.019412,0.035236,,,,,,,,,,,Tp_V_s:None,2013:2013ruisuitaiwan:TW:hwa005,1,
S08-R0274,Taiwan database(NCREE),274,2013_Ruisui_Taiwan,2013,HWA006,TW:hwa006,23.67083,121.4245,original,S01,Taiwan database(NCREE)!H274:I274,original row,,as supplied,,6.32,,,,,7.944592,,,,,,RO,,23.5679,121.3463,14.98,557.0513,True,1.162,False,,False,278.788,257.62,355.668,20.0583,27.9703,16.5627,7.54086,6.35417,7.13782,-0.084327,-0.034945,0.073245,,,,,,,,,,,Tp_V_s:None,2013:2013ruisuitaiwan:TW:hwa006,1,
S08-R0275,Taiwan database(NCREE),275,2013_Ruisui_Taiwan,2013,HWA030,TW:hwa030,23.784,121.456,original,S01,Taiwan database(NCREE)!H275:I275,original row,,as supplied,,6.32,,,,,11.15816,,,,,,RO,,23.5679,121.3463,14.98,594.0594,True,1.12,False,,False,250.289,227.536,106.841,16.6448,23.3904,5.94173,3.60453,6.79212,2.21365,-0.000929,0.009189,0.008058,,,,,,,,,,,Tp_V_s:None,2013:2013ruisuitaiwan:TW:hwa030,1,
S08-R0276,Taiwan database(NCREE),276,2013_Ruisui_Taiwan,2013,HWA032,TW:hwa032,23.70833,121.4198,original,S01,Taiwan database(NCREE)!H276:I276,original row,,as supplied,,6.32,,,,,9.202604,,,,,,RO,,23.5679,121.3463,14.98,636.2672,True,1.841,False,,False,333.166,426.226,456.373,15.5212,33.9269,17.1641,3.71924,7.43904,5.59703,0.033016,-0.035759,-0.005858,,,,,,,,,,,Tp_V_s:None,2013:2013ruisuitaiwan:TW:hwa032,1,
S08-R0277,Taiwan database(NCREE),277,2013_Ruisui_Taiwan,2013,HWA035,TW:hwa035,23.73033,121.4447,original,S01,Taiwan database(NCREE)!H277:I277,original row,,as supplied,,6.32,,,,,8.608359,,,,,,RO,,23.5679,121.3463,14.98,686.1063,True,1.463,False,,False,319.752,460.613,309.121,20.9413,27.8091,9.64413,5.00759,6.52598,3.22661,0.005028,0.06017,0.007156,,,,,,,,,,,Tp_V_s:None,2013:2013ruisuitaiwan:TW:hwa035,1,
S08-R0278,Taiwan database(NCREE),278,2013_Ruisui_Taiwan,2013,HWA044,TW:hwa044,23.65167,121.5363,original,S01,Taiwan database(NCREE)!H278:I278,original row,,as supplied,,6.32,,,,,10.65174,,,,,,RO,,23.5679,121.3463,14.98,533.049,True,0.882,False,,False,172.156,293.764,98.228,15.2025,28.8757,8.54221,4.14908,5.56946,4.08916,-0.052574,0.063072,0.024698,,,,,,,,,,,Tp_V_s:None,2013:2013ruisuitaiwan:TW:hwa044,1,
S08-R0279,Taiwan database(NCREE),279,2015_Gorkha_Nepal,2015,Kanti Path,NP:kantipath,27.71235,85.31561,original,S01,Taiwan database(NCREE)!H279:I279,original row,,as supplied,,7.8,,,,,13.21,,,,,,RV,,28.231,84.731,8.2,,True,6.559,True,11.151,False,154.447,160,179.062,114.55,91.4172,63.8879,271.984,219.477,151.885,-257.115,-82.1609,126.113,,,,,,,,,,,vs30_original:None,2015:2015gorkhanepal:NP:kantipath,1,
S08-R0280,Taiwan database(NCREE),280,2016_Kaikoura_NewZealand,2016,Kaikoura,NZ:kaikoura,-42.425812,173.682125,original,S01,Taiwan database(NCREE)!H280:I280,original row,,as supplied,,7.8,,,,,0.7,,,,,,RO,,-42.737,173.054,15.1,195,True,5.74,True,11.277,False,244.275,191.048,239.089,65.7375,72.0623,66.1284,132.591,150.313,121.2,112.136,82.0235,73.9851,,,,,,,,,,,,2016:2016kaikouranewzealand:NZ:kaikoura,1,
S08-R0281,Taiwan database(NCREE),281,2016_Kaikoura_NewZealand,2016,Seddon Fire Station,NZ:seddonfirestation,-41.67229,174.07645,original,S01,Taiwan database(NCREE)!H281:I281,original row,,as supplied,,7.8,,,,,23.2,,,,,,RO,,-42.737,173.054,15.1,350,True,10.997,False,,False,738.93,569.951,172.425,64.4465,75.5465,47.4507,84.9855,313.084,88.0396,-24.0834,228.848,53.2064,,,,,,,,,,,Tp_V_s:None,2016:2016kaikouranewzealand:NZ:seddonfirestation,1,
S08-R0282,Taiwan database(NCREE),282,2016_Kumamoto_Japan,2016,KMM004,JP:kmm004,32.932,131.1214,original,S01,Taiwan database(NCREE)!H282:I282,original row,,as supplied,,7,,,,,10.61,,,,,,SS,,32.791,130.754,15.1,286,True,3.962,False,,False,329.669,255.89,226.582,80.7505,74.7921,22.2452,71.0188,43.2233,19.2922,-9.1505,-2.29382,-3.74638,,,,,,,,,,,Tp_V_s:None,2016:2016kumamotojapan:JP:kmm004,1,
S08-R0283,Taiwan database(NCREE),283,2016_Kumamoto_Japan,2016,KMM005,JP:kmm005,32.8761,130.8774,original,S01,Taiwan database(NCREE)!H283:I283,original row,,as supplied,,7,,,,,3.27,,,,,,SS,,32.791,130.754,15.1,382,True,3.024,True,6.888,False,469.622,514.215,368.185,67.5495,60.3565,59.6209,117.79,51.4613,70.9119,93.5875,38.5294,-62.1995,,,,,,,,,,,,2016:2016kumamotojapan:JP:kmm005,1,
S08-R0284,Taiwan database(NCREE),284,2016_Kumamoto_Japan,2016,KMM006,JP:kmm006,32.7934,130.7772,original,S01,Taiwan database(NCREE)!H284:I284,original row,,as supplied,,7,,,,,2.69,,,,,,SS,,32.791,130.754,15.1,238,True,6.146,False,,False,570.065,763.126,494.514,100.063,70.24,35.9763,82.0382,73.0997,35.2451,46.7257,65.2119,-35.0987,,,,,,,,,,,Tp_V_s:None,2016:2016kumamotojapan:JP:kmm006,1,
S08-R0285,Taiwan database(NCREE),285,2016_Kumamoto_Japan,2016,KMM007,JP:kmm007,32.8267,131.1226,original,S01,Taiwan database(NCREE)!H285:I285,original row,,as supplied,,7,,,,,18.54,,,,,,SS,,32.791,130.754,15.1,341,True,5.404,False,,False,408.899,273.269,292.533,43.702,34.2566,21.2192,37.8241,32.2813,13.2859,-12.0967,-3.52654,-1.55788,,,,,,,,,,,Tp_V_s:None,2016:2016kumamotojapan:JP:kmm007,1,
S08-R0286,Taiwan database(NCREE),286,2016_Kumamoto_Japan,2016,KMMH03S(0m),JP:kmmh03s0m,32.9984,130.8301,original,S01,Taiwan database(NCREE)!H286:I286,original row,,as supplied,,7,,,,,13.83,,,,,,SS,,32.791,130.754,15.1,421.16,True,1.288,False,,False,219.761,764.635,348.866,22.0315,76.5987,15.9005,15.1658,60.9823,13.7007,12.8947,40.0482,5.03915,,,,,,,,,,,Tp_V_s:None,2016:2016kumamotojapan:JP:kmmh03s0m,1,
S08-R0287,Taiwan database(NCREE),287,2016_Kumamoto_Japan,2016,KMMH16D(-252m),JP:kmmh16d252m,32.7967,130.8199,original,S01,Taiwan database(NCREE)!H287:I287,original row,,as supplied,,7,,,,,2.71,,,,,,SS,,32.791,130.754,15.1,2700,True,6.314,True,6.006,False,238.989,157.268,171.873,68.6052,44.4065,42.6362,106.821,65.371,56.5978,103.237,61.2252,-28.4415,,,,,,,,,,,,2016:2016kumamotojapan:JP:kmmh16d252m,1,
S08-R0288,Taiwan database(NCREE),288,2016_Meinong_Taiwan,2016,CHY005,TW:chy005,23.61,120.4217,original,S01,Taiwan database(NCREE)!H288:I288,original row,,as supplied,,6.4,,,,,63.16508,,,,,,SS,,22.922,120.544,14.6,211.0298,True,1.148,False,,False,227.594,206.204,31.664,28.2727,29.7637,2.9899,5.12167,4.21235,0.728669,-0.55829,-0.301178,-0.45031,,,,,,,,,,,Tp_V_s:None,2016:2016meinongtaiwan:TW:chy005,1,
S08-R0289,Taiwan database(NCREE),289,2016_Meinong_Taiwan,2016,CHY012,TW:chy012,23.3305,120.1598,original,S01,Taiwan database(NCREE)!H289:I289,original row,,as supplied,,6.4,,,,,42.78791,,,,,,SS,,22.922,120.544,14.6,192.2214,True,1.848,False,,False,108.964,131.602,37.726,17.0093,21.2805,3.86232,4.37528,5.03071,0.75413,-0.004493,-0.008097,-0.263541,,,,,,,,,,,Tp_V_s:None,2016:2016meinongtaiwan:TW:chy012,1,
S08-R0290,Taiwan database(NCREE),290,2016_Meinong_Taiwan,2016,CHY017,TW:chy017,23.21367,120.277,original,S01,Taiwan database(NCREE)!H290:I290,original row,,as supplied,,6.4,,,,,28.65258,,,,,,SS,,22.922,120.544,14.6,196.0186,True,1.561,False,,True,176.628,210.083,38.1898,27.6191,48.6054,4.0489,8.83477,12.4832,3.85763,0.40313,-0.025081,-2.73073,,,,,,,,,,,Tp_V_s:None,2016:2016meinongtaiwan:TW:chy017,1,
S08-R0291,Taiwan database(NCREE),291,2016_Meinong_Taiwan,2016,CHY018,TW:chy018,23.2225,120.4003,original,S01,Taiwan database(NCREE)!H291:I291,original row,,as supplied,,6.4,,,,,26.49578,,,,,,SS,,22.922,120.544,14.6,594.6482,True,0.938,False,,False,164.988,227.576,61.57,16.9738,27.5083,6.36112,4.39733,4.45989,1.08377,-0.028811,-0.307278,-0.043156,,,,,,,,,,,Tp_V_s:None,2016:2016meinongtaiwan:TW:chy018,1,
S08-R0292,Taiwan database(NCREE),292,2016_Meinong_Taiwan,2016,CHY020,TW:chy020,23.102333,120.158333,original,S01,Taiwan database(NCREE)!H292:I292,original row,,as supplied,,6.4,,,,,37.143806,,,,,,SS,,22.922,120.544,14.6,214.1404,True,2.394,False,,True,173.978,76.2709,56.5809,51.078,20.4258,6.79053,15.4473,11.505,4.9908,-4.15698,0.321483,-3.68784,,,,,,,,,,,Tp_V_s:None,2016:2016meinongtaiwan:TW:chy020,1,
S08-R0293,Taiwan database(NCREE),293,2016_Meinong_Taiwan,2016,CHY037,TW:chy037,23.5545,120.4292,original,S01,Taiwan database(NCREE)!H293:I293,original row,,as supplied,,6.4,,,,,57.41479,,,,,,SS,,22.922,120.544,14.6,208.7755,True,1.218,False,,False,271.281,212.061,56.992,24.8675,25.5876,2.59689,4.62231,4.42941,0.707566,-0.029077,0.126412,-0.005852,,,,,,,,,,,Tp_V_s:None,2016:2016meinongtaiwan:TW:chy037,1,
S08-R0294,Taiwan database(NCREE),294,2016_Meinong_Taiwan,2016,CHY039,TW:chy039,23.51933,120.3512,original,S01,Taiwan database(NCREE)!H294:I294,original row,,as supplied,,6.4,,,,,53.89214,,,,,,SS,,22.922,120.544,14.6,195.1495,True,1.099,False,,False,219.578,205.284,22.969,28.0181,22.3068,1.66159,4.83479,4.70945,0.578995,0.086383,0.03096,-0.01111,,,,,,,,,,,Tp_V_s:None,2016:2016meinongtaiwan:TW:chy039,1,
S08-R0295,Taiwan database(NCREE),295,2016_Meinong_Taiwan,2016,CHY051,TW:chy051,23.28,120.4673,original,S01,Taiwan database(NCREE)!H295:I295,original row,,as supplied,,6.4,,,,,31.7782,,,,,,SS,,22.922,120.544,14.6,363.88,True,1.029,False,,False,195.802595,216.439632,51.275268,21.587375,18.14079,2.72446,3.688087,3.296068,0.635014,0.01089,-0.0005,0.005128,,,,,,,,,,,Tp_V_s:None,2016:2016meinongtaiwan:TW:chy051,1,
S08-R0296,Taiwan database(NCREE),296,2016_Meinong_Taiwan,2016,CHY055,TW:chy055,23.26867,120.2768,original,S01,Taiwan database(NCREE)!H296:I296,original row,,as supplied,,6.4,,,,,32.38975,,,,,,SS,,22.922,120.544,14.6,221.4512,True,1.785,False,,False,139.287,173.963,33.507,20.7213,29.1173,3.20533,4.03919,6.62818,1.23703,-0.121613,-0.190972,0.067247,,,,,,,,,,,Tp_V_s:None,2016:2016meinongtaiwan:TW:chy055,1,
S08-R0297,Taiwan database(NCREE),297,2016_Meinong_Taiwan,2016,CHY056,TW:chy056,23.2622,120.1392,original,S01,Taiwan database(NCREE)!H297:I297,original row,,as supplied,,6.4,,,,,45.3044,,,,,,SS,,22.922,120.544,14.6,189,True,1.764,False,,False,150.069977,164.478664,34.573243,29.583195,21.905685,3.95458,8.322983,7.668786,0.99465,0.03605,0.072672,-0.019782,,,,,,,,,,,Tp_V_s:None,2016:2016meinongtaiwan:TW:chy056,1,
S08-R0298,Taiwan database(NCREE),298,2016_Meinong_Taiwan,2016,CHY058,TW:chy058,23.17133,120.3272,original,S01,Taiwan database(NCREE)!H298:I298,original row,,as supplied,,6.4,,,,,24.43253,,,,,,SS,,22.922,120.544,14.6,271.1252,True,2.128,False,,True,233.278,248.939,66.9761,27.8953,50.8183,7.45314,9.16894,14.6201,3.38367,1.32551,-0.539588,2.13691,,,,,,,,,,,Tp_V_s:None,2016:2016meinongtaiwan:TW:chy058,1,
S08-R0299,Taiwan database(NCREE),299,2016_Meinong_Taiwan,2016,CHY060,TW:chy060,23.1235,120.2458,original,S01,Taiwan database(NCREE)!H299:I299,original row,,as supplied,,6.4,,,,,25.69933,,,,,,SS,,22.922,120.544,14.6,223.9238,True,1.778,False,,True,236.625,168.566,77.6459,52.0149,33.7526,6.69679,15.2979,13.5749,6.31456,-1.17045,1.67317,-3.77496,,,,,,,,,,,Tp_V_s:None,2016:2016meinongtaiwan:TW:chy060,1,
S08-R0300,Taiwan database(NCREE),300,2016_Meinong_Taiwan,2016,CHY062,TW:chy062,23.1215,120.459,original,S01,Taiwan database(NCREE)!H300:I300,original row,,as supplied,,6.4,,,,,21.5191,,,,,,SS,,22.922,120.544,14.6,597.8477,True,0.896,False,,True,422.669,441.755,131.566,38.7367,20.1737,10.5698,9.03828,6.30954,4.44343,0.043669,0.344862,0.890617,,,,,,,,,,,Tp_V_s:None,2016:2016meinongtaiwan:TW:chy062,1,
S08-R0301,Taiwan database(NCREE),301,2016_Meinong_Taiwan,2016,CHY063,TW:chy063,23.02583,120.3495,original,S01,Taiwan database(NCREE)!H301:I301,original row,,as supplied,,6.4,,,,,16.82912,,,,,,SS,,22.922,120.544,14.6,287.6594,True,1.435,False,,True,416.787,238.137,161.506,69.7278,45.0144,14.9999,17.8111,16.355,12.914,-4.47273,0.978654,6.316,,,,,,,,,,,Tp_V_s:None,2016:2016meinongtaiwan:TW:chy063,1,
S08-R0302,Taiwan database(NCREE),302,2016_Meinong_Taiwan,2016,CHY065,TW:chy065,22.9043,120.3517,original,S01,Taiwan database(NCREE)!H302:I302,original row,,as supplied,,6.4,,,,,14.8251,,,,,,SS,,22.922,120.544,14.6,222.69,True,1.645,False,,False,155.740757,177.70815,128.681173,27.393175,32.779915,7.108405,6.5652,8.534796,3.836004,0.002873,0.001732,-0.010003,,,,,,,,,,,Tp_V_s:None,2016:2016meinongtaiwan:TW:chy065,1,
S08-R0303,Taiwan database(NCREE),303,2016_Meinong_Taiwan,2016,CHY067,TW:chy067,22.99733,120.1923,original,S01,Taiwan database(NCREE)!H303:I303,original row,,as supplied,,6.4,,,,,23.50791,,,,,,SS,,22.922,120.544,14.6,229.0426,True,2.611,False,,True,207.142,146.448,73.6431,43.0672,20.4082,13.9442,14.1327,9.14955,7.31552,-2.90549,2.42217,1.73589,,,,,,,,,,,Tp_V_s:None,2016:2016meinongtaiwan:TW:chy067,1,
S08-R0304,Taiwan database(NCREE),304,2016_Meinong_Taiwan,2016,CHY068,TW:chy068,22.98617,120.2095,original,S01,Taiwan database(NCREE)!H304:I304,original row,,as supplied,,6.4,,,,,21.73173,,,,,,SS,,22.922,120.544,14.6,196.0493,True,1.498,False,,True,165.037,134.834,52.9423,36.9886,24.4007,8.84807,10.9508,11.1381,4.91043,-3.50393,0.140296,-1.43663,,,,,,,,,,,Tp_V_s:None,2016:2016meinongtaiwan:TW:chy068,1,
S08-R0305,Taiwan database(NCREE),305,2016_Meinong_Taiwan,2016,CHY069,TW:chy069,22.97317,120.1897,original,S01,Taiwan database(NCREE)!H305:I305,original row,,as supplied,,6.4,,,,,22.67829,,,,,,SS,,22.922,120.544,14.6,219.9817,True,2.023,False,,True,229.843,113.084,78.075,51.2853,13.8532,11.004,16.8546,9.18687,6.48075,2.71623,-2.3687,1.57731,,,,,,,,,,,Tp_V_s:None,2016:2016meinongtaiwan:TW:chy069,1,
S08-R0306,Taiwan database(NCREE),306,2016_Meinong_Taiwan,2016,CHY070,TW:chy070,22.96383,120.2363,original,S01,Taiwan database(NCREE)!H306:I306,original row,,as supplied,,6.4,,,,,18.81744,,,,,,SS,,22.922,120.544,14.6,228.6673,True,1.645,False,,True,250.543,152.531,163.807,58.6179,25.9221,9.87418,15.763,7.45418,6.7004,-1.6117,-1.07407,-2.18223,,,,,,,,,,,Tp_V_s:None,2016:2016meinongtaiwan:TW:chy070,1,
S08-R0307,Taiwan database(NCREE),307,2016_Meinong_Taiwan,2016,CHY071,TW:chy071,23.063,120.1728,original,S01,Taiwan database(NCREE)!H307:I307,original row,,as supplied,,6.4,,,,,27.83462,,,,,,SS,,22.922,120.544,14.6,200.5214,True,2.338,False,,True,187.064,122.581,62.9526,48.9011,18.7139,8.78448,13.3965,10.6409,7.75258,-0.993059,-0.716087,-0.265492,,,,,,,,,,,Tp_V_s:None,2016:2016meinongtaiwan:TW:chy071,1,
S08-R0308,Taiwan database(NCREE),308,2016_Meinong_Taiwan,2016,CHY080,TW:chy080,23.59717,120.6768,original,S01,Taiwan database(NCREE)!H308:I308,original row,,as supplied,,6.4,,,,,65.91619,,,,,,SS,,22.922,120.544,14.6,499.1681,True,0.847,False,,False,334.002,233.989,90.202,39.8388,26.2782,7.06209,4.46309,4.38661,1.04329,0.005288,0.143737,0.16988,,,,,,,,,,,Tp_V_s:None,2016:2016meinongtaiwan:TW:chy080,1,
S08-R0309,Taiwan database(NCREE),309,2016_Meinong_Taiwan,2016,CHY085,TW:chy085,22.99333,120.2047,original,S01,Taiwan database(NCREE)!H309:I309,original row,,as supplied,,6.4,,,,,22.39925,,,,,,SS,,22.922,120.544,14.6,272.6463,True,1.134,False,,True,230.078,152.578,88.8687,39.3947,15.8137,9.12355,9.18528,6.81546,6.34496,-3.31736,-2.79365,1.13693,,,,,,,,,,,Tp_V_s:None,2016:2016meinongtaiwan:TW:chy085,1,
S08-R0310,Taiwan database(NCREE),310,2016_Meinong_Taiwan,2016,CHY089,TW:chy089,23.07533,120.364,original,S01,Taiwan database(NCREE)!H310:I310,original row,,as supplied,,6.4,,,,,19.01327,,,,,,SS,,22.922,120.544,14.6,396.1965,True,2.576,False,,True,392.642,278.987,101.695,56.2207,57.3869,10.7398,19.1865,26.6538,10.8111,-6.97888,2.53675,4.13821,,,,,,,,,,,Tp_V_s:None,2016:2016meinongtaiwan:TW:chy089,1,
S08-R0311,Taiwan database(NCREE),311,2016_Meinong_Taiwan,2016,CHY097,TW:chy097,23.009,120.2115,original,S01,Taiwan database(NCREE)!H311:I311,original row,,as supplied,,6.4,,,,,22.59815,,,,,,SS,,22.922,120.544,14.6,341.3833,True,1.512,False,,True,127.019,123.709,47.9405,36.4221,20.9917,10.1255,11.6123,9.9811,4.828,-1.11828,0.377745,-0.969642,,,,,,,,,,,Tp_V_s:None,2016:2016meinongtaiwan:TW:chy097,1,
S08-R0312,Taiwan database(NCREE),312,2016_Meinong_Taiwan,2016,CHY098,TW:chy098,23.00067,120.1662,original,S01,Taiwan database(NCREE)!H312:I312,original row,,as supplied,,6.4,,,,,25.70151,,,,,,SS,,22.922,120.544,14.6,229.2081,True,3.199,False,,True,191.809,128.091,66.3218,52.3403,21.1507,12.9867,18.3876,8.88451,7.07913,-2.04932,0.74358,1.53426,,,,,,,,,,,Tp_V_s:None,2016:2016meinongtaiwan:TW:chy098,1,
S08-R0313,Taiwan database(NCREE),313,2016_Meinong_Taiwan,2016,CHY105,TW:chy105,23.55467,120.3453,original,S01,Taiwan database(NCREE)!H313:I313,original row,,as supplied,,6.4,,,,,57.58333,,,,,,SS,,22.922,120.544,14.6,204.3597,True,1.19,False,,False,175.541,190.284,25.412,24.0949,24.1852,1.87297,4.10171,5.23879,0.682479,-0.044481,-0.339333,0.477359,,,,,,,,,,,Tp_V_s:None,2016:2016meinongtaiwan:TW:chy105,1,
S08-R0314,Taiwan database(NCREE),314,2016_Meinong_Taiwan,2016,CHY107,TW:chy107,23.29767,120.2992,original,S01,Taiwan database(NCREE)!H314:I314,original row,,as supplied,,6.4,,,,,33.88556,,,,,,SS,,22.922,120.544,14.6,181.0514,True,2.128,False,,True,240.126,162.879,52.1271,24.2883,32.5949,3.60966,4.03801,7.01827,1.55182,-0.303374,0.50302,0.227892,,,,,,,,,,,Tp_V_s:None,2016:2016meinongtaiwan:TW:chy107,1,
S08-R0315,Taiwan database(NCREE),315,2016_Meinong_Taiwan,2016,CHY115,TW:chy115,23.147,120.0858,original,S01,Taiwan database(NCREE)!H315:I315,original row,,as supplied,,6.4,,,,,38.26063,,,,,,SS,,22.922,120.544,14.6,206.3173,True,2.338,False,,True,157.223,101.618,30.3958,34.5586,12.8952,4.95414,8.32354,10.0778,6.41648,-2.38491,0.491691,5.17185,,,,,,,,,,,Tp_V_s:None,2016:2016meinongtaiwan:TW:chy115,1,
S08-R0316,Taiwan database(NCREE),316,2016_Meinong_Taiwan,2016,CHY116,TW:chy116,23.07683,120.1168,original,S01,Taiwan database(NCREE)!H316:I316,original row,,as supplied,,6.4,,,,,32.85339,,,,,,SS,,22.922,120.544,14.6,194.3365,True,2.345,False,,True,165.931,115.754,54.9338,45.5916,17.0398,5.76173,11.9202,14.7995,5.4649,-0.911872,0.871453,0.524986,,,,,,,,,,,Tp_V_s:None,2016:2016meinongtaiwan:TW:chy116,1,
S08-R0317,Taiwan database(NCREE),317,2016_Meinong_Taiwan,2016,CHY125,TW:chy125,22.99217,120.1668,original,S01,Taiwan database(NCREE)!H317:I317,original row,,as supplied,,6.4,,,,,25.30056,,,,,,SS,,22.922,120.544,14.6,271.644,True,2.933,False,,True,133.147,81.4292,47.6352,52.3834,17.8257,13.4118,19.83,9.99623,7.09638,-1.147,-0.758515,0.79632,,,,,,,,,,,Tp_V_s:None,2016:2016meinongtaiwan:TW:chy125,1,
S08-R0318,Taiwan database(NCREE),318,2016_Meinong_Taiwan,2016,CHY131,TW:chy131,23.11967,120.3613,original,S01,Taiwan database(NCREE)!H318:I318,original row,,as supplied,,6.4,,,,,21.16241,,,,,,SS,,22.922,120.544,14.6,457.6886,True,1.848,False,,True,262.965,260.264,166.362,41.3095,58.8435,13.6776,16.6954,19.0283,5.17428,-1.96921,2.37565,1.79916,,,,,,,,,,,Tp_V_s:None,2016:2016meinongtaiwan:TW:chy131,1,
S08-R0319,Taiwan database(NCREE),319,2016_Meinong_Taiwan,2016,SHH,TW:shh,23.0213,120.3479,original,S01,Taiwan database(NCREE)!H319:I319,original row,,as supplied,,6.4,,,,,20.106081,,,,,,SS,,22.922,120.544,14.6,,True,1.75,False,,True,425.401,243.317,186.318,70.0277,29.6574,12.684,24.0529,8.84004,13.7346,-2.71992,-0.009639,2.34231,,,,,,,,,,,"vs30_original:None, Tp_V_s:None",2016:2016meinongtaiwan:TW:shh,1,
S08-R0320,Taiwan database(NCREE),320,2016_Meinong_Taiwan,2016,SSH,TW:ssh,23.136146,120.288193,original,S01,Taiwan database(NCREE)!H320:I320,original row,,as supplied,,6.4,,,,,28.577749,,,,,,SS,,22.922,120.544,14.6,217.1177,True,2.016,False,,True,222.356,221.64,52.0431,29.5225,55.8498,9.03513,8.28673,16.0028,6.19749,-4.62224,-1.54343,-0.194758,,,,,,,,,,,Tp_V_s:None,2016:2016meinongtaiwan:TW:ssh,1,
S08-R0321,Taiwan database(NCREE),321,2016_Meinong_Taiwan,2016,TRB029,TW:trb029,23.13708,120.30697,original,S01,Taiwan database(NCREE)!H321:I321,original row,,as supplied,,6.4,,,,,27.437299,,,,,,SS,,22.922,120.544,14.6,,True,2.289,False,,True,170.662,234.73,56.8434,31.6036,66.199,10.1417,7.71737,20.1293,4.73022,-3.92034,1.56476,2.05793,,,,,,,,,,,"vs30_original:None, Tp_V_s:None",2016:2016meinongtaiwan:TW:trb029,1,
S08-R0322,Taiwan database(NCREE),322,2018_Hualien_Taiwan,2018,HWA007,TW:hwa007,23.9865,121.626167,original,S01,Taiwan database(NCREE)!H322:I322,original row,,as supplied,,6.42,,,,,1.7,,,,,,SS,,24.1162,121.7225,4.89,378.853107,True,4.473,False,,True,288.253,243.411,234.737,94.9703,72.7972,24.9301,98.9766,60.3768,44.8063,52.0398,23.6049,23.4214,,,,,,,,,,,Tp_V_s:None,2018:2018hualientaiwan:TW:hwa007,1,
S08-R0323,Taiwan database(NCREE),323,2018_Hualien_Taiwan,2018,HWA008,TW:hwa008,23.987333,121.603,original,S01,Taiwan database(NCREE)!H323:I323,original row,,as supplied,,6.42,,,,,0.7,,,,,,SS,,24.1162,121.7225,4.89,297.029703,True,3.269,True,2.758,True,227.672,335.701,314.41,95.2352,80.3538,32.4414,46.8599,79.8617,25.2106,9.86191,-39.1643,-3.20357,,,,,,,,,,,,2018:2018hualientaiwan:TW:hwa008,1,
S08-R0324,Taiwan database(NCREE),324,2018_Hualien_Taiwan,2018,HWA009,TW:hwa009,23.990333,121.622333,original,S01,Taiwan database(NCREE)!H324:I324,original row,,as supplied,,6.42,,,,,1.3,,,,,,SS,,24.1162,121.7225,4.89,461.071508,True,4.781,False,,True,249.147,258.224,303.894,106.273,78.7218,21.7042,113.949,49.9557,40.3903,44.7691,35.5989,19.1403,,,,,,,,,,,Tp_V_s:None,2018:2018hualientaiwan:TW:hwa009,1,
S08-R0325,Taiwan database(NCREE),325,2018_Hualien_Taiwan,2018,HWA010,TW:hwa010,23.978333,121.602667,original,S01,Taiwan database(NCREE)!H325:I325,original row,,as supplied,,6.42,,,,,0.7,,,,,,SS,,24.1162,121.7225,4.89,249.6775,True,3.248,False,,True,313.758,195.989,261.521,120.488,77.1819,28.2575,64.5548,46.7352,21.7202,-0.254219,-40.5262,-7.59429,,,,,,,,,,,Tp_V_s:None,2018:2018hualientaiwan:TW:hwa010,1,
S08-R0326,Taiwan database(NCREE),326,2018_Hualien_Taiwan,2018,HWA011,TW:hwa011,23.995333,121.594833,original,S01,Taiwan database(NCREE)!H326:I326,original row,,as supplied,,6.42,,,,,1.6,,,,,,SS,,24.1162,121.7225,4.89,360.837142,True,3.829,False,,True,247.733,198.988,302.267,53.377,86.9322,18.9316,20.4758,63.9949,23.3069,-1.20662,-27.0403,2.18742,,,,,,,,,,,Tp_V_s:None,2018:2018hualientaiwan:TW:hwa011,1,
S08-R0327,Taiwan database(NCREE),327,2018_Hualien_Taiwan,2018,HWA012,TW:hwa012,23.992,121.631333,original,S01,Taiwan database(NCREE)!H327:I327,original row,,as supplied,,6.42,,,,,2.1,,,,,,SS,,24.1162,121.7225,4.89,409.7805,True,4.865,False,,True,276.398,278.71,309.957,81.845,64.0517,27.0212,96.68,52.4237,39.1417,43.9242,25.1532,21.6107,,,,,,,,,,,Tp_V_s:None,2018:2018hualientaiwan:TW:hwa012,1,
S08-R0328,Taiwan database(NCREE),328,2018_Hualien_Taiwan,2018,HWA013,TW:hwa013,23.9755,121.5985,original,S01,Taiwan database(NCREE)!H328:I328,original row,,as supplied,,6.42,,,,,1.2,,,,,,SS,,24.1162,121.7225,4.89,336.75703,True,2.744,False,,True,315.849,219.58,296.015,102.019,52.7048,27.2361,50.1339,30.8709,22.51,3.30248,-22.1772,-4.32233,,,,,,,,,,,Tp_V_s:None,2018:2018hualientaiwan:TW:hwa013,1,
S08-R0329,Taiwan database(NCREE),329,2018_Hualien_Taiwan,2018,HWA014,TW:hwa014,23.971167,121.605667,original,S01,Taiwan database(NCREE)!H329:I329,original row,,as supplied,,6.42,,,,,0.5,,,,,,SS,,24.1162,121.7225,4.89,279.955207,True,3.654,False,,True,317.423,216.335,348.267,146.485,55.5089,25.7991,79.9778,56.7555,17.8143,-14.9657,-45.1429,-6.45632,,,,,,,,,,,Tp_V_s:None,2018:2018hualientaiwan:TW:hwa014,1,
S08-R0330,Taiwan database(NCREE),330,2018_Hualien_Taiwan,2018,HWA015,TW:hwa015,23.972833,121.562667,original,S01,Taiwan database(NCREE)!H330:I330,original row,,as supplied,,6.42,,,,,22.146997,,,,,,SS,,24.1162,121.7225,4.89,445.5997,True,2.905,False,,True,173.388,183.941,218.656,33.9718,18.2572,20.9869,26.1233,24.0805,19.9887,-15.2935,-16.462,7.73556,,,,,,,,,,,Tp_V_s:None,2018:2018hualientaiwan:TW:hwa015,1,
S08-R0331,Taiwan database(NCREE),331,2018_Hualien_Taiwan,2018,HWA016,TW:hwa016,23.963167,121.5685,original,S01,Taiwan database(NCREE)!H331:I331,original row,,as supplied,,6.42,,,,,22.448482,,,,,,SS,,24.1162,121.7225,4.89,579.598145,True,2.758,False,,True,194.161,159.254,238.581,37.3593,24.1991,19.7347,31.0444,16.3464,23.7274,-12.8296,-8.66847,9.89771,,,,,,,,,,,Tp_V_s:None,2018:2018hualientaiwan:TW:hwa016,1,
S08-R0332,Taiwan database(NCREE),332,2018_Hualien_Taiwan,2018,HWA017,TW:hwa017,23.9482,121.547,original,S01,Taiwan database(NCREE)!H332:I332,original row,,as supplied,,6.42,,,,,25.1636,,,,,,SS,,24.1162,121.7225,4.89,584.68,True,3.423,False,,False,292.479144,209.731794,227.153553,23.12149,18.71186,18.47137,10.72943,8.058566,9.435095,0.10329,-0.019585,0.04329,,,,,,,,,,,Tp_V_s:None,2018:2018hualientaiwan:TW:hwa017,1,
S08-R0333,Taiwan database(NCREE),333,2018_Hualien_Taiwan,2018,HWA019,TW:hwa019,23.975,121.6135,original,S01,Taiwan database(NCREE)!H333:I333,original row,,as supplied,,6.42,,,,,0.3,,,,,,SS,,24.1162,121.7225,4.89,503.524673,True,3.318,False,,True,402.996,368.558,211.011,138.388,95.748,26.8083,94.5813,88.5977,22.1677,9.17276,44.1297,3.68275,,,,,,,,,,,Tp_V_s:None,2018:2018hualientaiwan:TW:hwa019,1,
S08-R0334,Taiwan database(NCREE),334,2018_Hualien_Taiwan,2018,HWA028,TW:hwa028,24.014333,121.6095,original,S01,Taiwan database(NCREE)!H334:I334,original row,,as supplied,,6.42,,,,,0.9,,,,,,SS,,24.1162,121.7225,4.89,404.9129,True,4.172,False,,True,273.462,251.911,370.908,31.5093,51.7243,14.5677,20.1924,49.5785,19.0843,-6.94068,-34.103,4.97308,,,,,,,,,,,Tp_V_s:None,2018:2018hualientaiwan:TW:hwa028,1,
S08-R0335,Taiwan database(NCREE),335,2018_Hualien_Taiwan,2018,HWA050,TW:hwa050,23.987833,121.590833,original,S01,Taiwan database(NCREE)!H335:I335,original row,,as supplied,,6.42,,,,,1.9,,,,,,SS,,24.1162,121.7225,4.89,343.439358,True,2.156,False,,True,278.579,197.252,298.592,56.4235,75.4174,25.0136,25.8151,51.3305,26.0798,-11.242,-32.173,0.706875,,,,,,,,,,,Tp_V_s:None,2018:2018hualientaiwan:TW:hwa050,1,
S08-R0336,Taiwan database(NCREE),336,2018_Hualien_Taiwan,2018,HWA060,TW:hwa060,23.9035,121.6017,original,S01,Taiwan database(NCREE)!H336:I336,original row,,as supplied,,6.42,,,,,25.629,,,,,,SS,,24.1162,121.7225,4.89,555.88,True,1.246,True,2.233,False,484.670057,444.515124,280.926367,51.361445,55.264515,33.387245,18.756532,23.789147,10.861591,-0.024312,-0.000215,-0.013835,,,,,,,,,,,,2018:2018hualientaiwan:TW:hwa060,1,
S08-R0337,Taiwan database(NCREE),337,2018_Hualien_Taiwan,2018,HWA062,TW:hwa062,23.979667,121.619833,original,S01,Taiwan database(NCREE)!H337:I337,original row,,as supplied,,6.42,,,,,1,,,,,,SS,,24.1162,121.7225,4.89,605.693519,True,3.906,False,,True,208.793,199.209,200.128,95.6716,76.5277,22.3189,62.9726,72.0961,54.9186,18.3405,26.9496,36.3995,,,,,,,,,,,Tp_V_s:None,2018:2018hualientaiwan:TW:hwa062,1,
S08-R0338,Taiwan database(NCREE),338,2018_Hualien_Taiwan,2018,HWA063,TW:hwa063,23.9935,121.593,original,S01,Taiwan database(NCREE)!H338:I338,original row,,as supplied,,6.42,,,,,1.7,,,,,,SS,,24.1162,121.7225,4.89,288.926347,True,2.345,False,,True,215.117,253.122,241.026,41.0905,87.3477,21.6408,21.8384,62.0475,25.3879,-5.26838,-14.9384,3.7813,,,,,,,,,,,Tp_V_s:None,2018:2018hualientaiwan:TW:hwa063,1,
S08-R0339,Taiwan database(NCREE),339,2018_Hualien_Taiwan,2018,S009,TW:s009,23.9928,121.601,original,S01,Taiwan database(NCREE)!H339:I339,original row,,as supplied,,6.42,,,,,17.80242,,,,,,SS,,24.1162,121.7225,4.89,334.461998,True,3.339,False,,True,208.6021,333.5339,181.5107,88.728821,90.391589,18.125918,77.089061,35.907541,26.110978,-23.824895,-15.100121,-1.477648,,,,,,,,,,,Tp_V_s:None,2018:2018hualientaiwan:TW:s009,1,
S08-R0340,Taiwan database(NCREE),340,2018_Hualien_Taiwan,2018,S019,TW:s019,23.963,121.5689,original,S01,Taiwan database(NCREE)!H340:I340,original row,,as supplied,,6.42,,,,,22.4326,,,,,,SS,,24.1162,121.7225,4.89,571.030412,True,2.744,False,,True,192.9733,145.3744,215.5061,32.777827,25.391502,20.885358,31.008559,26.22389,21.282698,12.519071,-15.630917,6.947433,,,,,,,,,,,Tp_V_s:None,2018:2018hualientaiwan:TW:s019,1,
S08-R0341,Taiwan database(NCREE),341,2018_Hualien_Taiwan,2018,TRB042,TW:trb042,24.0003,121.6038,original,S01,Taiwan database(NCREE)!H341:I341,original row,,as supplied,,6.42,,,,,0.9,,,,,,SS,,24.1162,121.7225,4.89,,True,3.276,False,,True,204.189,186.173,205.489,66.6817,80.4317,17.60026,27.2378,77.667,23.1324,0.031071,-30.247,-0.724832,,,,,,,,,,,"vs30_original:None, Tp_V_s:None",2018:2018hualientaiwan:TW:trb042,1,
