#Total number of fault_segments=           3
#Fault_segment =   1 nx(Along-strike)= 11 Dx =  5.00km ny(downdip)=   8 Dy =  5.00km
#Boundary of Fault_segment    1. EQ in cell ( 5, 3). Lon:   37.2000   Lat:   37.5300
#Lon.  Lat.  Depth
   36.9336357       37.1031761       4.03805304    
   36.9640884       37.0902863       38.9048691    
   37.2294998       37.4875793       38.9048691    
   37.1990471       37.5004692       4.03805304    
   36.9336357       37.1031761       4.03805304    
#Lat. Lon. depth slip rake strike dip t_rup t_ris t_fal mo
     37.103176     36.933636      4.038053      1.021768    371.540344     28.000000     85.000000      8.790170      7.500000     13.500000  0.906469E+23
     37.142902     36.960175      4.038053      5.690367    367.045929     28.000000     85.000000      7.306939     10.500000     15.000000  0.504825E+24
     37.182632     36.986717      4.038053      5.119244    366.094849     28.000000     85.000000      6.335534     13.500000      1.500000  0.454157E+24
     37.222363     37.013256      4.038053    188.312836    378.139465     28.000000     85.000000      4.195085      3.000000      4.500000  0.167063E+26
     37.262093     37.039799      4.038053     45.114952    378.168488     28.000000     85.000000      4.100000      1.500000      4.500000  0.400241E+25
     37.301823     37.066341      4.038053      2.719085    368.005188     28.000000     85.000000      4.795085      4.500000     19.500000  0.241226E+24
     37.341553     37.092880      4.038053    169.865570    377.983185     28.000000     85.000000      4.535534      1.500000      1.500000  0.150697E+26
     37.381279     37.119423      4.038053     46.629601    362.044769     28.000000     85.000000      6.506939      1.500000      1.500000  0.413678E+25
     37.421009     37.145966      4.038053     17.867611    360.469208     28.000000     85.000000     12.190170     19.500000      3.000000  0.158514E+25
     37.460739     37.172504      4.038053      4.233751    362.463104     28.000000     85.000000     15.731456      3.000000      4.500000  0.375600E+24
     37.500469     37.199047      4.038053     55.721024    344.652527     28.000000     85.000000     16.305695      7.500000     19.500000  0.494333E+25
     37.101334     36.937984      9.019027      1.056486    366.127716     28.000000     85.000000      9.153882      1.500000     16.500000  0.937269E+23
     37.141064     36.964527      9.019027     13.030690    373.091614     28.000000     85.000000      7.152847      9.000000     18.000000  0.115603E+25
     37.180794     36.991066      9.019027     21.306396    345.491669     28.000000     85.000000      4.995085      1.500000      7.500000  0.189021E+25
     37.220520     37.017609      9.019027    120.185600    377.128754     28.000000     85.000000      2.567767      6.000000      7.500000  0.106624E+26
     37.260250     37.044151      9.019027     27.393339    370.695465     28.000000     85.000000      1.650000     21.000000      4.500000  0.243022E+25
     37.299980     37.070690      9.019027      1.932899    370.386841     28.000000     85.000000      2.767767      1.500000      6.000000  0.171479E+24
     37.339710     37.097233      9.019027    158.380203    375.062653     28.000000     85.000000      3.595085      1.500000      1.500000  0.140508E+26
     37.379440     37.123772      9.019027    174.426743    376.258453     28.000000     85.000000      5.952847      1.500000      1.500000  0.154744E+26
     37.419170     37.150314      9.019027     61.034248    378.310913     28.000000     85.000000     10.753881     15.000000      9.000000  0.541470E+25
     37.458897     37.176857      9.019027      7.587997    353.355286     28.000000     85.000000     13.973774     19.500000     18.000000  0.673175E+24
     37.498627     37.203396      9.019027      5.356989    342.176666     28.000000     85.000000     15.803453     10.500000     16.500000  0.475249E+24
     37.099491     36.942333     14.000000     13.159781    354.300079     28.000000     85.000000      8.200000      6.000000     15.000000  0.116748E+25
     37.139221     36.968876     14.000000      2.841690    356.889587     28.000000     85.000000      7.150000      7.500000     13.500000  0.252103E+24
     37.178951     36.995419     14.000000     17.002327    365.454559     28.000000     85.000000      4.500000      1.500000     16.500000  0.150837E+25
     37.218681     37.021957     14.000000     83.402176    377.833618     28.000000     85.000000      2.250000      9.000000      4.500000  0.739909E+25
     37.258411     37.048500     14.000000      0.334127    376.365967     28.000000     85.000000      0.000000      6.000000      7.500000  0.296424E+23
     37.298138     37.075043     14.000000      1.319552    358.893280     28.000000     85.000000      1.850000     15.000000     13.500000  0.117065E+24
     37.337868     37.101582     14.000000    112.575912    367.386566     28.000000     85.000000      3.100000      1.500000      1.500000  0.998725E+25
     37.377598     37.128124     14.000000    142.339645    378.187714     28.000000     85.000000      5.950000      3.000000      3.000000  0.126278E+26
     37.417328     37.154667     14.000000     11.227449    371.058502     28.000000     85.000000     10.800000     13.500000     15.000000  0.996051E+24
     37.457058     37.181206     14.000000      2.584359    377.448761     28.000000     85.000000     13.850000     19.500000      1.500000  0.229273E+24
     37.496788     37.207748     14.000000     81.317322    340.049927     28.000000     85.000000     15.500000      4.500000      1.500000  0.721413E+25
     37.097652     36.946686     18.980974      4.355514    374.227142     28.000000     85.000000      8.153882     16.500000      9.000000  0.386403E+24
     37.137379     36.973228     18.980974      0.826624    366.108795     28.000000     85.000000      6.952847      7.500000      3.000000  0.733346E+23
     37.177109     36.999767     18.980974     13.892073    365.139709     28.000000     85.000000      4.795085      9.000000      3.000000  0.123245E+25
     37.216839     37.026310     18.980974     29.843151    367.250824     28.000000     85.000000      3.567767     10.500000      4.500000  0.264756E+25
     37.256569     37.052849     18.980974      0.645998    360.093750     28.000000     85.000000      2.250000     13.500000      9.000000  0.573102E+23
     37.296299     37.079391     18.980974      5.016050    349.976105     28.000000     85.000000      3.767767     19.500000      7.500000  0.445002E+24
     37.336029     37.105934     18.980974      4.524632    343.509583     28.000000     85.000000      4.195085     19.500000     16.500000  0.401406E+24
     37.375759     37.132473     18.980974     19.430323    364.586456     28.000000     85.000000      6.552847      1.500000     10.500000  0.172378E+25
     37.415485     37.159016     18.980974      1.047328    372.583740     28.000000     85.000000     10.953882      6.000000     16.500000  0.929144E+23
     37.455215     37.185558     18.980974      7.322357    348.688202     28.000000     85.000000     13.773775     15.000000      4.500000  0.649608E+24
     37.494946     37.212097     18.980974      0.770021    349.604462     28.000000     85.000000     15.603453     19.500000     12.000000  0.683130E+23
     37.095810     36.951035     23.961946      1.711308    371.220184     28.000000     85.000000      9.590170     19.500000     18.000000  0.172531E+24
     37.135540     36.977577     23.961946      1.232692    370.568359     28.000000     85.000000      8.706940      9.000000      9.000000  0.124278E+24
     37.175270     37.004120     23.961946     13.173530    362.439880     28.000000     85.000000      7.735534     15.000000      6.000000  0.132813E+25
     37.215000     37.030659     23.961946      6.936032    374.826508     28.000000     85.000000      6.595085      4.500000     15.000000  0.699279E+24
     37.254726     37.057201     23.961946      3.867244    370.205933     28.000000     85.000000      5.500000      1.500000      9.000000  0.389889E+24
     37.294456     37.083744     23.961946     13.392533    341.347809     28.000000     85.000000      5.995085     12.000000      4.500000  0.135021E+25
     37.334187     37.110283     23.961946      2.669559    371.137665     28.000000     85.000000      6.735534      7.500000     13.500000  0.269140E+24
     37.373917     37.136826     23.961946      2.175700    366.855530     28.000000     85.000000      8.306939      7.500000     19.500000  0.219350E+24
     37.413647     37.163364     23.961946     12.279380    359.406952     28.000000     85.000000     10.390170     13.500000     15.000000  0.123799E+25
     37.453377     37.189907     23.961946      7.712580    351.443909     28.000000     85.000000     13.331455      4.500000      7.500000  0.777569E+24
     37.493103     37.216450     23.961946      1.316514    358.303833     28.000000     85.000000     14.705694     19.500000     10.500000  0.132729E+24
     37.093967     36.955387     28.942921      0.805332    344.321075     28.000000     85.000000     12.050000      6.000000      1.500000  0.811922E+23
     37.133698     36.981926     28.942921      0.903500    349.984436     28.000000     85.000000     10.903301      3.000000      1.500000  0.910893E+23
     37.173428     37.008469     28.942921      9.847770    355.883270     28.000000     85.000000      8.906939      7.500000      7.500000  0.992835E+24
     37.213158     37.035011     28.942921     89.542061    377.168427     28.000000     85.000000      8.152847      1.500000      1.500000  0.902748E+25
     37.252888     37.061550     28.942921     63.247913    378.505890     28.000000     85.000000      7.150000      3.000000      1.500000  0.637655E+25
     37.292618     37.088093     28.942921     17.485386    361.159485     28.000000     85.000000      7.752847     19.500000     18.000000  0.176285E+25
     37.332344     37.114635     28.942921      3.887916    346.679413     28.000000     85.000000      8.906939      7.500000      7.500000  0.391973E+24
     37.372074     37.141174     28.942921      5.963292    366.989410     28.000000     85.000000      9.703300      3.000000      7.500000  0.601209E+24
     37.411804     37.167717     28.942921      4.278095    355.417480     28.000000     85.000000     10.850000     19.500000     18.000000  0.431310E+24
     37.451534     37.194260     28.942921      2.473432    344.237610     28.000000     85.000000     12.688690     10.500000     13.500000  0.249367E+24
     37.491264     37.220798     28.942921      0.980404    376.745056     28.000000     85.000000     13.785255      1.500000     21.000000  0.988426E+23
     37.092129     36.959736     33.923893      4.067173    355.280640     28.000000     85.000000     13.871068      4.500000     18.000000  0.410045E+24
     37.131859     36.986279     33.923893      2.946372    375.043793     28.000000     85.000000     12.850000     12.000000     16.500000  0.297048E+24
     37.171585     37.012821     33.923893      6.098569    342.848969     28.000000     85.000000     10.790171      1.500000      1.500000  0.614847E+24
     37.211315     37.039360     33.923893      7.630203    371.102051     28.000000     85.000000      9.353882     15.000000     10.500000  0.769264E+24
     37.251045     37.065903     33.923893     29.738096    348.676514     28.000000     85.000000      9.000000      3.000000     15.000000  0.299814E+25
     37.290775     37.092442     33.923893     28.572863    345.109650     28.000000     85.000000      9.153882      7.500000      3.000000  0.288067E+25
     37.330505     37.118984     33.923893      1.697750    344.561188     28.000000     85.000000     11.390170      4.500000      1.500000  0.171164E+24
     37.370235     37.145527     33.923893      4.844216    347.965851     28.000000     85.000000     11.450001     21.000000      3.000000  0.488386E+24
     37.409962     37.172066     33.923893      8.916528    367.526184     28.000000     85.000000     12.071068     13.500000      3.000000  0.898949E+24
     37.449692     37.198608     33.923893     16.052387    373.355469     28.000000     85.000000     12.403906      3.000000      9.000000  0.161837E+25
     37.489422     37.225151     33.923893     46.150581    372.054932     28.000000     85.000000     13.213879      4.500000     18.000000  0.465282E+25
     37.090286     36.964088     38.904869      0.210469    373.927063     28.000000     85.000000     15.203905      1.500000     18.000000  0.280176E+23
     37.130016     36.990627     38.904869      5.734483    377.794281     28.000000     85.000000     13.688690      3.000000      4.500000  0.763375E+24
     37.169746     37.017170     38.904869      0.971399    339.880127     28.000000     85.000000     11.531456     21.000000     12.000000  0.129313E+24
     37.209476     37.043713     38.904869      3.029995    345.486145     28.000000     85.000000      9.573774     16.500000     18.000000  0.403353E+24
     37.249203     37.070251     38.904869      5.487611    376.233978     28.000000     85.000000      9.850000     12.000000     21.000000  0.730512E+24
     37.288933     37.096794     38.904869      4.421090    361.137848     28.000000     85.000000     10.573774     19.500000      1.500000  0.588536E+24
     37.328663     37.123337     38.904869      0.300100    370.916412     28.000000     85.000000     12.131456     19.500000     21.000000  0.399494E+23
     37.368393     37.149876     38.904869      8.878220    358.292206     28.000000     85.000000     12.288691      1.500000     13.500000  0.118187E+25
     37.408123     37.176418     38.904869      3.258084    365.548706     28.000000     85.000000     13.003905     15.000000      6.000000  0.433717E+24
     37.447853     37.202957     38.904869      0.775824    348.990356     28.000000     85.000000     12.838835     19.500000      6.000000  0.103278E+24
     37.487579     37.229500     38.904869      8.484619    368.107910     28.000000     85.000000     13.162811      4.500000      3.000000  0.112947E+25
#Fault_segment =   2 nx(Along-strike)= 38 Dx =  5.00km ny(downdip)=   8 Dy =  5.00km
#Boundary of Fault_segment    2. EQ in cell ( 5, 3). Lon:   37.2000   Lat:   37.5300
 #Lon.  Lat.  Depth
   36.8510895       37.3793068       2.03805304    
   36.8683968       37.3555298       36.9048691    
   38.6865005       38.1879654       36.9048691    
   38.6691895       38.2117386       2.03805304    
   36.8510895       37.3793068       2.03805304    
 #Lat. Lon. depth slip rake strike dip t_rup t_ris t_fal mo
     37.379307     36.851089      2.038053    427.314423    345.833160     60.000000     85.000000     30.100138     21.000000     10.500000  0.379095E+26
     37.401802     36.900227      2.038053    412.180115    362.060822     60.000000     85.000000     23.705694      1.500000      7.500000  0.365669E+26
     37.424301     36.949364      2.038053    337.746246    341.211090     60.000000     85.000000     21.731457      6.000000      1.500000  0.299634E+26
     37.446800     36.998505      2.038053    320.819092    351.452332     60.000000     85.000000     21.590170      6.000000      4.500000  0.284617E+26
     37.469299     37.047642      2.038053    235.131638    346.909515     60.000000     85.000000     20.106939      7.500000      1.500000  0.208599E+26
     37.491795     37.096779      2.038053    239.968033    377.968872     60.000000     85.000000     18.335533     10.500000      1.500000  0.212889E+26
     37.514294     37.145916      2.038053    439.061554    369.702881     60.000000     85.000000     16.195086     13.500000      4.500000  0.389517E+26
     37.536793     37.195053      2.038053    464.214233    351.240723     60.000000     85.000000     15.100000     10.500000      9.000000  0.411831E+26
     37.559292     37.244194      2.038053    266.238007    338.939758     60.000000     85.000000     15.795085     12.000000      1.500000  0.236195E+26
     37.581787     37.293331      2.038053    237.435913    342.279724     60.000000     85.000000     18.135534     10.500000      1.500000  0.210643E+26
     37.604286     37.342468      2.038053    654.859558    365.225098     60.000000     85.000000     18.706940      9.000000      1.500000  0.580963E+26
     37.626785     37.391605      2.038053    740.327209    338.867645     60.000000     85.000000     17.790169      6.000000      3.000000  0.656787E+26
     37.649284     37.440742      2.038053    509.358185    346.324280     60.000000     85.000000     17.531456      3.000000      7.500000  0.451881E+26
     37.671783     37.489883      2.038053      8.686788    367.680542     60.000000     85.000000     19.105694     10.500000     19.500000  0.770655E+24
     37.694279     37.539021      2.038053    412.147888    351.362823     60.000000     85.000000     20.300137      1.500000      1.500000  0.365640E+26
     37.716778     37.588158      2.038053    412.929108    378.605072     60.000000     85.000000     25.307764      4.500000      9.000000  0.366333E+26
     37.739277     37.637295      2.038053     52.542004    378.582184     60.000000     85.000000     28.124430      9.000000     21.000000  0.466130E+25
     37.761776     37.686432      2.038053    370.454559    367.741364     60.000000     85.000000     29.347549     15.000000      1.500000  0.328651E+26
     37.784271     37.735573      2.038053      3.722330    355.040894     60.000000     85.000000     32.375427      1.500000      7.500000  0.330229E+24
     37.806770     37.784710      2.038053    141.606323    377.829681     60.000000     85.000000     34.406906     10.500000      3.000000  0.125627E+26
     37.829269     37.833847      2.038053      0.213780    373.404449     60.000000     85.000000     37.841183      4.500000     13.500000  0.189657E+23
     37.851768     37.882984      2.038053     50.724388    349.888214     60.000000     85.000000     38.877670      6.000000      7.500000  0.450005E+25
     37.874264     37.932121      2.038053    229.599243    347.232483     60.000000     85.000000     38.715931      7.500000      4.500000  0.203691E+26
     37.896763     37.981262      2.038053    311.562622    377.570343     60.000000     85.000000     38.955643      6.000000      4.500000  0.276405E+26
     37.919262     38.030399      2.038053    267.730713    378.630035     60.000000     85.000000     38.996552      4.500000      1.500000  0.237519E+26
     37.941761     38.079536      2.038053    239.854111    350.159790     60.000000     85.000000     39.038460      4.500000      1.500000  0.212788E+26
     37.964260     38.128674      2.038053    537.019714    378.313385     60.000000     85.000000     40.881218      3.000000      4.500000  0.476421E+26
     37.986755     38.177811      2.038053    254.273468    368.912537     60.000000     85.000000     42.124687      1.500000      4.500000  0.225581E+26
     38.009254     38.226952      2.038053    362.962799    339.612732     60.000000     85.000000     43.568779      3.000000      4.500000  0.322005E+26
     38.031754     38.276089      2.038053    285.145630    377.007355     60.000000     85.000000     52.813404     21.000000     13.500000  0.252969E+26
     38.054253     38.325226      2.038053    207.913269    355.277649     60.000000     85.000000     62.858490      1.500000      4.500000  0.184452E+26
     38.076748     38.374363      2.038053      2.340753    342.242401     60.000000     85.000000     72.703987     12.000000     12.000000  0.207662E+24
     38.099247     38.423500      2.038053      0.547716    377.165985     60.000000     85.000000     81.149841      1.500000      1.500000  0.485910E+23
     38.121746     38.472641      2.038053     67.007812    339.293121     60.000000     85.000000     85.196014      1.500000      4.500000  0.594465E+25
     38.144245     38.521778      2.038053     69.355331    366.820984     60.000000     85.000000     87.242462     18.000000      9.000000  0.615291E+25
     38.166740     38.570915      2.038053      0.461720    351.835602     60.000000     85.000000     86.889175      7.500000      3.000000  0.409618E+23
     38.189240     38.620052      2.038053    229.674988    378.445038     60.000000     85.000000     85.536102      1.500000      3.000000  0.203758E+26
     38.211739     38.669189      2.038053     16.964342    359.371582     60.000000     85.000000     86.783241     21.000000     12.000000  0.150500E+25
     37.375908     36.853561      7.019026    325.108704    339.019012     60.000000     85.000000     29.038834     19.500000     21.000000  0.288423E+26
     37.398407     36.902699      7.019026    313.179443    340.192108     60.000000     85.000000     22.403454      1.500000      3.000000  0.277839E+26
     37.420906     36.951839      7.019026    258.629242    340.521149     60.000000     85.000000     19.973774     13.500000      1.500000  0.229445E+26
     37.443405     37.000977      7.019026    270.813629    350.437500     60.000000     85.000000     19.753881     12.000000      1.500000  0.240254E+26
     37.465900     37.050114      7.019026    375.698181    365.226257     60.000000     85.000000     18.752848     10.500000      1.500000  0.333303E+26
     37.488400     37.099251      7.019026    534.543518    377.577026     60.000000     85.000000     16.395084     13.500000      4.500000  0.474224E+26
     37.510899     37.148388      7.019026    724.350464    378.213287     60.000000     85.000000     13.567767     10.500000      1.500000  0.642613E+26
     37.533398     37.197529      7.019026    795.237976    378.569885     60.000000     85.000000     12.250000     16.500000      3.000000  0.705501E+26
     37.555893     37.246666      7.019026    818.147522    377.715240     60.000000     85.000000     13.167767     13.500000      1.500000  0.725826E+26
     37.578392     37.295803      7.019026    870.326477    377.419006     60.000000     85.000000     16.395084      7.500000      3.000000  0.772116E+26
     37.600891     37.344940      7.019026   1038.487549    368.512695     60.000000     85.000000     16.152847      7.500000      3.000000  0.921302E+26
     37.623390     37.394077      7.019026   1121.217407    348.795959     60.000000     85.000000     15.553883      4.500000      1.500000  0.994696E+26
     37.645885     37.443218      7.019026   1054.123413    344.997833     60.000000     85.000000     16.973774      4.500000      6.000000  0.935173E+26
     37.668385     37.492355      7.019026    727.485962    342.287537     60.000000     85.000000     19.803453      1.500000      7.500000  0.645395E+26
     37.690884     37.541492      7.019026    836.906433    340.453796     60.000000     85.000000     24.038836     21.000000      4.500000  0.742468E+26
     37.713383     37.590630      7.019026    804.808533    368.147278     60.000000     85.000000     26.477821      6.000000      3.000000  0.713992E+26
     37.735882     37.639767      7.019026    603.713867    378.630493     60.000000     85.000000     28.119232     19.500000     19.500000  0.535589E+26
     37.758377     37.688908      7.019026    568.301270    378.260254     60.000000     85.000000     28.562344      7.500000     12.000000  0.504173E+26
     37.780876     37.738045      7.019026    454.887482    376.547913     60.000000     85.000000     31.806702      7.500000     16.500000  0.403557E+26
     37.803375     37.787182      7.019026    496.895355    376.944183     60.000000     85.000000     34.251991      4.500000      7.500000  0.440824E+26
     37.825874     37.836319      7.019026    328.580627    378.648987     60.000000     85.000000     36.098007      6.000000      3.000000  0.291503E+26
     37.848370     37.885456      7.019026    381.801025    378.373657     60.000000     85.000000     37.544586      7.500000      1.500000  0.338718E+26
     37.870869     37.934597      7.019026    557.929077    378.667267     60.000000     85.000000     36.591621      1.500000     13.500000  0.494971E+26
     37.893368     37.983734      7.019026    583.669312    378.694916     60.000000     85.000000     37.039024      7.500000      1.500000  0.517807E+26
     37.915867     38.032871      7.019026    448.658264    377.552551     60.000000     85.000000     37.686733      7.500000      3.000000  0.398030E+26
     37.938362     38.082008      7.019026    385.623505    370.073975     60.000000     85.000000     38.534695      4.500000      4.500000  0.342109E+26
     37.960861     38.131145      7.019026    578.699768    377.131683     60.000000     85.000000     41.382874      3.000000      6.000000  0.513398E+26
     37.983360     38.180286      7.019026    385.925720    377.055603     60.000000     85.000000     42.031231      7.500000      3.000000  0.342377E+26
     38.005859     38.229424      7.019026    295.495087    342.805511     60.000000     85.000000     45.079746      3.000000      1.500000  0.262151E+26
     38.028358     38.278561      7.019026    325.714539    339.301453     60.000000     85.000000     54.128395     21.000000      7.500000  0.288960E+26
     38.050854     38.327698      7.019026    410.714813    339.076965     60.000000     85.000000     63.977161      6.000000     13.500000  0.364369E+26
     38.073353     38.376835      7.019026    264.209656    340.678131     60.000000     85.000000     72.826027      6.000000      3.000000  0.234396E+26
     38.095852     38.425976      7.019026    221.566711    339.160828     60.000000     85.000000     80.674988     18.000000     18.000000  0.196565E+26
     38.118351     38.475113      7.019026     86.197815    338.959503     60.000000     85.000000     85.324028     16.500000     13.500000  0.764710E+25
     38.140846     38.524250      7.019026     37.717751    348.690918     60.000000     85.000000     86.773140     21.000000     10.500000  0.334616E+25
     38.163345     38.573387      7.019026     57.475346    342.910522     60.000000     85.000000     86.822311     18.000000     16.500000  0.509897E+25
     38.185844     38.622524      7.019026    206.582947    353.702484     60.000000     85.000000     86.671547     18.000000     18.000000  0.183272E+26
     38.208344     38.671665      7.019026    167.780121    338.928741     60.000000     85.000000     87.320831     18.000000     19.500000  0.148847E+26
     37.372513     36.856033     12.000000    178.010162    375.693573     60.000000     85.000000     29.150002      7.500000      1.500000  0.157923E+26
     37.395012     36.905174     12.000000    169.084625    346.768158     60.000000     85.000000     22.100000     12.000000      1.500000  0.150005E+26
     37.417507     36.954311     12.000000    106.274200    346.662170     60.000000     85.000000     18.850000      3.000000     19.500000  0.942819E+25
     37.440006     37.003448     12.000000    162.382416    339.196655     60.000000     85.000000     17.400000      1.500000      4.500000  0.144059E+26
     37.462505     37.052586     12.000000    257.448669    342.339478     60.000000     85.000000     16.950001      1.500000      3.000000  0.228397E+26
     37.485004     37.101723     12.000000    421.598480    370.520844     60.000000     85.000000     14.500000     13.500000      4.500000  0.374024E+26
     37.507504     37.150864     12.000000    544.708069    378.055817     60.000000     85.000000     12.250000     16.500000      3.000000  0.483242E+26
     37.529999     37.200001     12.000000    582.239136    378.501038     60.000000     85.000000      9.000000      1.500000      6.000000  0.516538E+26
     37.552498     37.249138     12.000000    683.820496    378.137482     60.000000     85.000000     12.250000     12.000000      1.500000  0.606656E+26
     37.574997     37.298275     12.000000    824.882263    378.029968     60.000000     85.000000     15.500000      9.000000      1.500000  0.731800E+26
     37.597496     37.347412     12.000000    912.784119    374.872650     60.000000     85.000000     14.350000     12.000000      3.000000  0.809783E+26
     37.619991     37.396553     12.000000    946.437378    360.659241     60.000000     85.000000     15.200000     10.500000      3.000000  0.839639E+26
     37.642490     37.445690     12.000000    868.922119    357.826080     60.000000     85.000000     17.850000      7.500000      1.500000  0.770871E+26
     37.664989     37.494827     12.000000    640.522278    350.581787     60.000000     85.000000     22.900000      1.500000      1.500000  0.568244E+26
     37.687489     37.543964     12.000000    596.609924    338.749115     60.000000     85.000000     26.150002      9.000000     15.000000  0.529287E+26
     37.709984     37.593102     12.000000    536.291626    341.689209     60.000000     85.000000     28.000000      4.500000      7.500000  0.475775E+26
     37.732483     37.642242     12.000000    441.786591    341.175995     60.000000     85.000000     27.850000      9.000000      3.000000  0.391934E+26
     37.754982     37.691380     12.000000    447.520111    348.637390     60.000000     85.000000     27.100000      1.500000     12.000000  0.397021E+26
     37.777481     37.740517     12.000000    431.056458    349.633484     60.000000     85.000000     31.150002      7.500000      3.000000  0.382415E+26
     37.799980     37.789654     12.000000    390.919800    374.493103     60.000000     85.000000     33.799999      3.000000      4.500000  0.346807E+26
     37.822475     37.838791     12.000000    293.228577    374.614929     60.000000     85.000000     36.250000      4.500000      3.000000  0.260140E+26
     37.844975     37.887932     12.000000    430.964661    378.561646     60.000000     85.000000     37.500000     19.500000     10.500000  0.382333E+26
     37.867474     37.937069     12.000000    531.790039    378.165649     60.000000     85.000000     36.750000     18.000000     19.500000  0.471781E+26
     37.889973     37.986206     12.000000    516.429810    376.069641     60.000000     85.000000     36.400002      1.500000      6.000000  0.458154E+26
     37.912468     38.035343     12.000000    461.122070    363.197205     60.000000     85.000000     37.849998      3.000000      9.000000  0.409088E+26
     37.934967     38.084480     12.000000    473.038330    355.770508     60.000000     85.000000     39.299999      1.500000      9.000000  0.419659E+26
     37.957466     38.133621     12.000000    550.442322    373.549103     60.000000     85.000000     42.750000      4.500000      3.000000  0.488329E+26
     37.979965     38.182758     12.000000    392.162415    377.556030     60.000000     85.000000     44.799999      4.500000      1.500000  0.347910E+26
     38.002460     38.231895     12.000000     59.736904    375.428558     60.000000     85.000000     49.250000     19.500000     21.000000  0.529960E+25
     38.024960     38.281033     12.000000    177.753311    342.499268     60.000000     85.000000     56.700001     21.000000      1.500000  0.157695E+26
     38.047459     38.330170     12.000000    347.244141    344.707642     60.000000     85.000000     65.349998      6.000000      7.500000  0.308060E+26
     38.069958     38.379311     12.000000    320.617249    364.335571     60.000000     85.000000     73.400002     19.500000     18.000000  0.284438E+26
     38.092457     38.428448     12.000000    215.640091    376.847107     60.000000     85.000000     80.250000      7.500000      7.500000  0.191307E+26
     38.114952     38.477585     12.000000     62.553543    372.101532     60.000000     85.000000     84.900002     21.000000     21.000000  0.554948E+25
     38.137451     38.526722     12.000000      3.203846    343.243134     60.000000     85.000000     86.350006     13.500000      9.000000  0.284232E+24
     38.159950     38.575859     12.000000     17.275059    348.675934     60.000000     85.000000     86.000000      1.500000     21.000000  0.153257E+25
     38.182449     38.625000     12.000000    103.084755    343.426361     60.000000     85.000000     85.250000      1.500000     10.500000  0.914524E+25
     38.204945     38.674137     12.000000    123.003319    345.224213     60.000000     85.000000     86.500000      1.500000      9.000000  0.109123E+26
     37.369118     36.858509     16.980974    203.739166    376.827545     60.000000     85.000000     31.238834      4.500000      1.500000  0.180749E+26
     37.391613     36.907646     16.980974     58.894321    368.725677     60.000000     85.000000     24.203453      1.500000     12.000000  0.522485E+25
     37.414112     36.956783     16.980974     73.508316    360.990906     60.000000     85.000000     20.373775     10.500000      4.500000  0.652134E+25
     37.436611     37.005920     16.980974     94.390205    364.669220     60.000000     85.000000     18.353882      9.000000     12.000000  0.837390E+25
     37.459110     37.055058     16.980974    144.966507    339.739655     60.000000     85.000000     16.552847     10.500000      1.500000  0.128608E+26
     37.481606     37.104198     16.980974    261.795563    342.274780     60.000000     85.000000     14.595085      9.000000      4.500000  0.232254E+26
     37.504105     37.153336     16.980974    308.340027    372.801971     60.000000     85.000000     12.367767      3.000000      1.500000  0.273546E+26
     37.526604     37.202473     16.980974    301.868042    373.879883     60.000000     85.000000     10.650000     15.000000      1.500000  0.267804E+26
     37.549103     37.251610     16.980974    352.187073    371.816071     60.000000     85.000000     12.367767     12.000000      4.500000  0.312445E+26
     37.571602     37.300747     16.980974    446.383789    369.872162     60.000000     85.000000     14.995085      4.500000      9.000000  0.396013E+26
     37.594097     37.349888     16.980974    449.674591    367.657562     60.000000     85.000000     15.152847      4.500000     12.000000  0.398932E+26
     37.616596     37.399025     16.980974    475.718597    369.989899     60.000000     85.000000     16.953882      7.500000      4.500000  0.422037E+26
     37.639095     37.448162     16.980974    396.200653    369.854309     60.000000     85.000000     20.173775      3.000000      7.500000  0.351492E+26
     37.661594     37.497299     16.980974    218.025650    378.353027     60.000000     85.000000     23.803453      1.500000      1.500000  0.193423E+26
     37.684090     37.546436     16.980974    162.986664    339.593628     60.000000     85.000000     27.838835     10.500000     10.500000  0.144595E+26
     37.706589     37.595577     16.980974    136.093414    338.795288     60.000000     85.000000     29.677822      7.500000      1.500000  0.120736E+26
     37.729088     37.644714     16.980974    217.596924    339.120941     60.000000     85.000000     29.519230      7.500000      6.000000  0.193043E+26
     37.751587     37.693851     16.980974    225.500076    338.941254     60.000000     85.000000     29.362345      3.000000      7.500000  0.200054E+26
     37.774082     37.742989     16.980974    198.983734    338.905182     60.000000     85.000000     31.606701      9.000000      1.500000  0.176530E+26
     37.796581     37.792126     16.980974    134.100616    359.474609     60.000000     85.000000     33.851994      6.000000      4.500000  0.118968E+26
     37.819080     37.841267     16.980974    133.511841    341.477600     60.000000     85.000000     37.298004      6.000000      1.500000  0.118446E+26
     37.841579     37.890404     16.980974    237.606369    366.315704     60.000000     85.000000     37.944588      1.500000      3.000000  0.210794E+26
     37.864079     37.939541     16.980974    266.868225    353.482208     60.000000     85.000000     38.391621      3.000000      3.000000  0.236754E+26
     37.886574     37.988678     16.980974    353.804810    359.233185     60.000000     85.000000     38.439026      3.000000      1.500000  0.313881E+26
     37.909073     38.037815     16.980974    347.939850    340.631256     60.000000     85.000000     41.486732      3.000000      3.000000  0.308677E+26
     37.931572     38.086956     16.980974    398.214569    349.285248     60.000000     85.000000     43.334694      3.000000      1.500000  0.353279E+26
     37.954071     38.136093     16.980974    334.598022    378.308563     60.000000     85.000000     47.982872     16.500000      1.500000  0.296841E+26
     37.976566     38.185230     16.980974    226.991592    378.702271     60.000000     85.000000     50.231232      4.500000     18.000000  0.201377E+26
     37.999065     38.234367     16.980974     20.537891    371.010162     60.000000     85.000000     54.679745      7.500000     21.000000  0.182203E+25
     38.021564     38.283504     16.980974     92.862900    378.604492     60.000000     85.000000     60.728394      9.000000     21.000000  0.823840E+25
     38.044064     38.332645     16.980974    257.807648    378.657135     60.000000     85.000000     67.377159     18.000000      3.000000  0.228716E+26
     38.066559     38.381783     16.980974    288.330750    378.568115     60.000000     85.000000     73.426033     13.500000      1.500000  0.255795E+26
     38.089058     38.430920     16.980974    170.490692    378.386932     60.000000     85.000000     79.474991      4.500000      6.000000  0.151252E+26
     38.111557     38.480057     16.980974     20.915161    375.224670     60.000000     85.000000     83.924026      1.500000      1.500000  0.185550E+25
     38.134056     38.529194     16.980974      4.064991    343.330200     60.000000     85.000000     85.373138      7.500000      1.500000  0.360629E+24
     38.156555     38.578335     16.980974     36.177551    364.315582     60.000000     85.000000     84.822311     15.000000      3.000000  0.320952E+25
     38.179050     38.627472     16.980974      5.358056    360.929565     60.000000     85.000000     83.671547     10.500000     13.500000  0.475344E+24
     38.201550     38.676609     16.980974     36.805244    343.511597     60.000000     85.000000     84.720825     19.500000     19.500000  0.326520E+25
     37.365719     36.860981     21.961946    181.682922    347.876007     60.000000     85.000000     32.500137     21.000000      6.000000  0.183170E+26
     37.388218     36.910118     21.961946    172.426300    374.054993     60.000000     85.000000     25.705694      6.000000      1.500000  0.173837E+26
     37.410717     36.959255     21.961946    140.078812    377.914581     60.000000     85.000000     23.331455      6.000000      3.000000  0.141225E+26
     37.433216     37.008392     21.961946     73.207047    377.924500     60.000000     85.000000     20.390171      7.500000     13.500000  0.738061E+25
     37.455711     37.057533     21.961946     30.732330    367.510132     60.000000     85.000000     17.706940     15.000000      3.000000  0.309838E+25
     37.478210     37.106670     21.961946    132.600159    343.595184     60.000000     85.000000     15.135534      9.000000      4.500000  0.133685E+26
     37.500710     37.155807     21.961946    161.372589    362.088226     60.000000     85.000000     13.595085      1.500000      1.500000  0.162693E+26
     37.523209     37.204945     21.961946     70.879227    346.019928     60.000000     85.000000     12.900000      3.000000     16.500000  0.714592E+25
     37.545704     37.254082     21.961946    126.584129    344.334473     60.000000     85.000000     13.195086      7.500000      7.500000  0.127620E+26
     37.568203     37.303223     21.961946    176.499649    372.651642     60.000000     85.000000     15.135534      4.500000      9.000000  0.177944E+26
     37.590702     37.352360     21.961946    217.848648    378.057892     60.000000     85.000000     16.906939      1.500000      1.500000  0.219631E+26
     37.613201     37.401497     21.961946     84.601059    360.091248     60.000000     85.000000     19.990170      7.500000      1.500000  0.852934E+25
     37.635700     37.450634     21.961946     83.878143    346.074463     60.000000     85.000000     22.531456      4.500000      3.000000  0.845645E+25
     37.658195     37.499771     21.961946      0.619732    361.621765     60.000000     85.000000     25.905693     19.500000      4.500000  0.624803E+23
     37.680695     37.548912     21.961946      0.610364    366.141663     60.000000     85.000000     27.900139     21.000000      1.500000  0.615358E+23
     37.703194     37.598049     21.961946      0.123860    373.423248     60.000000     85.000000     29.707764     19.500000      1.500000  0.124874E+23
     37.725693     37.647186     21.961946     31.775717    362.580261     60.000000     85.000000     30.724430     18.000000      9.000000  0.320357E+25
     37.748188     37.696323     21.961946      9.702702    348.568024     60.000000     85.000000     31.347549      3.000000      9.000000  0.978210E+24
     37.770687     37.745461     21.961946     13.337981    357.450592     60.000000     85.000000     32.375427      6.000000     10.500000  0.134471E+25
     37.793186     37.794601     21.961946     35.155113    354.716278     60.000000     85.000000     34.606907      1.500000      1.500000  0.354428E+25
     37.815685     37.843739     21.961946      0.493637    359.409485     60.000000     85.000000     38.241184     13.500000     12.000000  0.497676E+23
     37.838181     37.892876     21.961946     41.144547    349.061981     60.000000     85.000000     40.877670      9.000000     16.500000  0.414812E+25
     37.860680     37.942013     21.961946     64.473724    375.296417     60.000000     85.000000     42.515930     10.500000      1.500000  0.650013E+25
     37.883179     37.991150     21.961946    217.687683    376.205017     60.000000     85.000000     44.955643      1.500000      1.500000  0.219469E+26
     37.905678     38.040291     21.961946    198.994278    373.894684     60.000000     85.000000     48.396553     18.000000      4.500000  0.200623E+26
     37.928177     38.089428     21.961946    247.619080    378.662079     60.000000     85.000000     50.438461      3.000000      1.500000  0.249645E+26
     37.950672     38.138565     21.961946    158.416962    378.354370     60.000000     85.000000     54.481216      6.000000      9.000000  0.159713E+26
     37.973171     38.187702     21.961946    104.830795    375.652710     60.000000     85.000000     57.124687      1.500000      3.000000  0.105689E+26
     37.995670     38.236839     21.961946      3.891012    353.888580     60.000000     85.000000     59.568779     10.500000      3.000000  0.392285E+24
     38.018169     38.285980     21.961946     55.907459    378.577301     60.000000     85.000000     64.013405      1.500000      4.500000  0.563649E+25
     38.040665     38.335117     21.961946    184.338943    377.878021     60.000000     85.000000     68.458496      9.000000      9.000000  0.185847E+26
     38.063164     38.384254     21.961946    172.572418    378.532318     60.000000     85.000000     72.903984      6.000000      3.000000  0.173985E+26
     38.085663     38.433392     21.961946    131.770386    378.286041     60.000000     85.000000     77.149841      1.500000      3.000000  0.132849E+26
     38.108162     38.482529     21.961946     15.812928    348.870148     60.000000     85.000000     81.796013     18.000000     12.000000  0.159423E+25
     38.130657     38.531666     21.961946      7.195859    343.661163     60.000000     85.000000     83.442467     15.000000     16.500000  0.725474E+24
     38.153156     38.580807     21.961946     10.701341    376.847351     60.000000     85.000000     83.289169      6.000000     13.500000  0.107889E+25
     38.175655     38.629944     21.961946     24.320274    374.021179     60.000000     85.000000     82.136108      1.500000      1.500000  0.245193E+25
     38.198154     38.679081     21.961946     11.819490    343.433929     60.000000     85.000000     82.383240     19.500000     12.000000  0.119162E+25
     37.362324     36.863453     26.942921    190.039993    346.221680     60.000000     85.000000     34.319717     21.000000      6.000000  0.191595E+26
     37.384823     36.912590     26.942921    221.740280    376.310699     60.000000     85.000000     28.785255     18.000000     15.000000  0.223555E+26
     37.407322     36.961727     26.942921    302.166229    377.781494     60.000000     85.000000     26.088690      4.500000      3.000000  0.304639E+26
     37.429817     37.010868     26.942921    196.090286    376.616058     60.000000     85.000000     22.850000      6.000000      6.000000  0.197695E+26
     37.452316     37.060005     26.942921     81.672684    342.400116     60.000000     85.000000     20.503302      1.500000     10.500000  0.823410E+25
     37.474815     37.109142     26.942921     54.018501    343.009247     60.000000     85.000000     17.706940      3.000000      1.500000  0.544605E+25
     37.497314     37.158279     26.942921     14.341820    370.618927     60.000000     85.000000     16.152847      1.500000      1.500000  0.144592E+25
     37.519810     37.207417     26.942921      2.048951    346.491180     60.000000     85.000000     15.350000     21.000000      9.000000  0.206572E+24
     37.542309     37.256557     26.942921      0.780029    364.178436     60.000000     85.000000     15.152847     15.000000      7.500000  0.786412E+23
     37.564808     37.305695     26.942921     21.620676    353.798309     60.000000     85.000000     16.906939      1.500000      6.000000  0.217976E+25
     37.587307     37.354832     26.942921      5.595668    349.325653     60.000000     85.000000     18.903301     19.500000      1.500000  0.564146E+24
     37.609802     37.403969     26.942921      3.540728    367.324463     60.000000     85.000000     21.049999      1.500000     13.500000  0.356970E+24
     37.632301     37.453106     26.942921      3.927161    361.345337     60.000000     85.000000     23.688690     21.000000     13.500000  0.395930E+24
     37.654800     37.502247     26.942921      9.624968    369.641815     60.000000     85.000000     26.785255      1.500000      6.000000  0.970373E+24
     37.677299     37.551384     26.942921     10.604954    362.593353     60.000000     85.000000     28.719715      3.000000      1.500000  0.106917E+25
     37.699799     37.600521     26.942921     14.024069    356.205322     60.000000     85.000000     30.080006      9.000000      1.500000  0.141388E+25
     37.722294     37.649658     26.942921     13.380089    343.706390     60.000000     85.000000     31.058540      6.000000      4.500000  0.134896E+25
     37.744793     37.698795     26.942921      7.128626    354.782501     60.000000     85.000000     32.650383     15.000000      9.000000  0.718696E+24
     37.767292     37.747932     26.942921     23.201054    357.926361     60.000000     85.000000     34.052193      4.500000      3.000000  0.233909E+25
     37.789791     37.797073     26.942921     14.950072    346.938080     60.000000     85.000000     37.261646      1.500000      4.500000  0.150724E+25
     37.812286     37.846210     26.942921     12.955958    368.139038     60.000000     85.000000     41.077080     13.500000     15.000000  0.130620E+25
     37.834785     37.895348     26.942921      1.804314    370.814117     60.000000     85.000000     43.697277     15.000000      7.500000  0.181908E+24
     37.857285     37.944485     26.942921     68.281143    377.256104     60.000000     85.000000     45.921326     19.500000      3.000000  0.688399E+25
     37.879784     37.993622     26.942921     89.929047    373.605591     60.000000     85.000000     49.748528      1.500000      1.500000  0.906649E+25
     37.902279     38.042763     26.942921     41.164837    375.448883     60.000000     85.000000     52.978348     13.500000      1.500000  0.415017E+25
     37.924778     38.091900     26.942921     71.614113    372.700012     60.000000     85.000000     55.210358      4.500000      3.000000  0.722001E+25
     37.947277     38.141037     26.942921     63.835995    367.721558     60.000000     85.000000     58.244232      1.500000      7.500000  0.643584E+25
     37.969776     38.190174     26.942921      0.828759    360.768372     60.000000     85.000000     61.279686     21.000000      4.500000  0.835541E+23
     37.992275     38.239311     26.942921      2.402526    373.664886     60.000000     85.000000     61.916504      1.500000     12.000000  0.242219E+24
     38.014771     38.288452     26.942921      7.338122    374.059601     60.000000     85.000000     65.154503     16.500000      6.000000  0.739817E+24
     38.037270     38.337589     26.942921     33.742237    377.290009     60.000000     85.000000     68.393532     13.500000     21.000000  0.340184E+25
     38.059769     38.386726     26.942921      4.792627    356.289062     60.000000     85.000000     71.833466      1.500000     13.500000  0.483185E+24
     38.082268     38.435863     26.942921     11.033716    357.190765     60.000000     85.000000     74.474197      1.500000     15.000000  0.111240E+25
     38.104763     38.485001     26.942921      4.698180    362.103027     60.000000     85.000000     78.515625      1.500000      1.500000  0.473663E+24
     38.127262     38.534142     26.942921      8.898054    376.816101     60.000000     85.000000     80.957695      1.500000     21.000000  0.897087E+24
     38.149761     38.583279     26.942921     10.141047    343.647247     60.000000     85.000000     82.000320      9.000000     13.500000  0.102240E+25
     38.172260     38.632416     26.942921     57.670303    347.026764     60.000000     85.000000     81.843452      1.500000      1.500000  0.581422E+25
     38.194756     38.681553     26.942921      8.573422    343.265137     60.000000     85.000000     82.087036     10.500000      4.500000  0.864358E+24
     37.358929     36.865925     31.923895    193.713242    378.637512     60.000000     85.000000     35.677822     10.500000      1.500000  0.195298E+26
     37.381424     36.915062     31.923895    300.496765    375.642212     60.000000     85.000000     31.213879      1.500000      1.500000  0.302956E+26
     37.403923     36.964203     31.923895    322.052551    378.078949     60.000000     85.000000     29.403906      3.000000      3.000000  0.324688E+26
     37.426422     37.013340     31.923895    232.476227    377.545990     60.000000     85.000000     26.271069      7.500000      1.500000  0.234379E+26
     37.448921     37.062477     31.923895     83.775703    346.134735     60.000000     85.000000     23.650002      1.500000      1.500000  0.844612E+25
     37.471420     37.111614     31.923895      1.896775    376.760773     60.000000     85.000000     20.390171      3.000000      4.500000  0.191230E+24
     37.493916     37.160751     31.923895      2.577508    358.967072     60.000000     85.000000     18.753881      4.500000     12.000000  0.259860E+24
     37.516415     37.209888     31.923895      2.218385    344.717560     60.000000     85.000000     16.799999      1.500000     19.500000  0.223654E+24
     37.538914     37.259029     31.923895      3.043903    368.973450     60.000000     85.000000     17.153881     18.000000     13.500000  0.306881E+24
     37.561413     37.308167     31.923895      6.343461    354.592224     60.000000     85.000000     18.190170      9.000000      1.500000  0.639537E+24
     37.583908     37.357304     31.923895      1.703395    356.531250     60.000000     85.000000     20.250000     10.500000     16.500000  0.171733E+24
     37.606407     37.406441     31.923895      8.132743    371.115936     60.000000     85.000000     22.471067     12.000000     16.500000  0.819929E+24
     37.628906     37.455578     31.923895      4.197986    343.753510     60.000000     85.000000     24.803905     18.000000     16.500000  0.423234E+24
     37.651405     37.504719     31.923895      8.071503    367.889343     60.000000     85.000000     27.613878     19.500000     15.000000  0.813755E+24
     37.673901     37.553856     31.923895      6.219561    374.240021     60.000000     85.000000     29.077822     10.500000      3.000000  0.627046E+24
     37.696400     37.602993     31.923895      3.609646    368.134674     60.000000     85.000000     29.980339      7.500000     13.500000  0.363918E+24
     37.718899     37.652130     31.923895     10.359167    347.670715     60.000000     85.000000     30.911072     10.500000      1.500000  0.104439E+25
     37.741398     37.701267     31.923895     48.508476    339.006409     60.000000     85.000000     33.062912      1.500000      1.500000  0.489054E+25
     37.763897     37.750408     31.923895      6.783034    372.336945     60.000000     85.000000     34.830875      1.500000     15.000000  0.683854E+24
     37.786392     37.799545     31.923895      1.366112    344.054382     60.000000     85.000000     37.811386     13.500000      9.000000  0.137729E+24
     37.808891     37.848682     31.923895      3.997957    363.091339     60.000000     85.000000     41.801838     19.500000     10.500000  0.403067E+24
     37.831390     37.897820     31.923895     13.234316    358.926941     60.000000     85.000000     44.400276      3.000000     21.000000  0.133426E+25
     37.853889     37.946957     31.923895     17.734682    355.316315     60.000000     85.000000     47.405220     21.000000      7.500000  0.178798E+25
     37.876385     37.996098     31.923895     23.733738    368.921387     60.000000     85.000000     51.015526     10.500000     10.500000  0.239280E+25
     37.898884     38.045235     31.923895      5.159894    363.534851     60.000000     85.000000     55.030312     10.500000      6.000000  0.520212E+24
     37.921383     38.094372     31.923895      9.976475    358.935272     60.000000     85.000000     58.648861      4.500000      7.500000  0.100581E+25
     37.943882     38.143509     31.923895     19.605478    355.619904     60.000000     85.000000     61.270607     15.000000      7.500000  0.197659E+25
     37.966377     38.192646     31.923895      0.834378    352.795898     60.000000     85.000000     63.295097     10.500000      3.000000  0.841206E+23
     37.988876     38.241787     31.923895      3.298775    345.050262     60.000000     85.000000     65.321945     15.000000     18.000000  0.332577E+24
     38.011375     38.290924     31.923895      5.509675    356.495941     60.000000     85.000000     65.950851      7.500000      6.000000  0.555476E+24
     38.033875     38.340061     31.923895      1.697774    354.283539     60.000000     85.000000     68.381546      1.500000     13.500000  0.171167E+24
     38.056370     38.389198     31.923895      3.096370    353.706726     60.000000     85.000000     70.013809     18.000000      4.500000  0.312171E+24
     38.078869     38.438335     31.923895     19.699453    373.202942     60.000000     85.000000     72.447472      7.500000      1.500000  0.198607E+25
     38.101368     38.487476     31.923895     10.858792    348.788940     60.000000     85.000000     76.482368      3.000000     15.000000  0.109477E+25
     38.123867     38.536613     31.923895      1.194031    373.058228     60.000000     85.000000     79.718361      1.500000     12.000000  0.120380E+24
     38.146366     38.585751     31.923895      9.742229    360.924347     60.000000     85.000000     82.355339      7.500000      9.000000  0.982195E+24
     38.168861     38.634888     31.923895      2.716182    350.448090     60.000000     85.000000     82.993210      6.000000     15.000000  0.273841E+24
     38.191360     38.684025     31.923895      0.458352    347.283020     60.000000     85.000000     83.231865      1.500000     18.000000  0.462103E+23
     37.355530     36.868397     36.904869     24.442406    346.397705     60.000000     85.000000     37.552910     16.500000     16.500000  0.325378E+25
     37.378029     36.917534     36.904869      2.525713    340.757416     60.000000     85.000000     33.162811     16.500000     10.500000  0.336223E+24
     37.400528     36.966675     36.904869      2.079044    349.225861     60.000000     85.000000     31.038834     18.000000      6.000000  0.276763E+24
     37.423027     37.015812     36.904869      1.547348    365.293884     60.000000     85.000000     28.403906     15.000000     19.500000  0.205983E+24
     37.445522     37.064949     36.904869      1.288663    373.174561     60.000000     85.000000     25.088690     19.500000      7.500000  0.171547E+24
     37.468021     37.114086     36.904869      5.207026    368.820068     60.000000     85.000000     21.131456      1.500000      3.000000  0.693160E+24
     37.490520     37.163223     36.904869      5.463779    352.682465     60.000000     85.000000     19.173775     13.500000     19.500000  0.727339E+24
     37.513020     37.212364     36.904869      6.962417    364.535187     60.000000     85.000000     18.250000     10.500000     16.500000  0.926838E+24
     37.535519     37.261501     36.904869      1.831752    355.282654     60.000000     85.000000     19.373775      4.500000     21.000000  0.243843E+24
     37.558014     37.310638     36.904869      1.531790    344.061859     60.000000     85.000000     20.131456     21.000000      6.000000  0.203912E+24
     37.580513     37.359776     36.904869      6.049572    342.718719     60.000000     85.000000     21.888691      1.500000     18.000000  0.805320E+24
     37.603012     37.408913     36.904869      1.618900    346.283569     60.000000     85.000000     24.003906     19.500000      7.500000  0.215508E+24
     37.625511     37.458054     36.904869      4.998794    342.527679     60.000000     85.000000     25.438835     13.500000     21.000000  0.665440E+24
     37.648006     37.507191     36.904869      3.683391    351.370270     60.000000     85.000000     27.162811     19.500000     16.500000  0.490334E+24
     37.670506     37.556328     36.904869      1.107825    343.989471     60.000000     85.000000     28.352907     10.500000     18.000000  0.147474E+24
     37.693005     37.605465     36.904869      4.173359    359.844971     60.000000     85.000000     29.192478      1.500000      3.000000  0.555558E+24
     37.715504     37.654602     36.904869      1.882276    368.640717     60.000000     85.000000     31.269539     15.000000      9.000000  0.250569E+24
     37.737999     37.703743     36.904869      5.712405    370.107086     60.000000     85.000000     33.375427      6.000000     12.000000  0.760436E+24
     37.760498     37.752880     36.904869      3.294856    361.209442     60.000000     85.000000     35.903809     15.000000      1.500000  0.438612E+24
     37.782997     37.802017     36.904869      0.246855    339.183807     60.000000     85.000000     38.650002      7.500000     10.500000  0.328613E+23
     37.805496     37.851154     36.904869      5.670674    346.906403     60.000000     85.000000     42.010487      9.000000     13.500000  0.754881E+24
     37.827991     37.900291     36.904869      6.580683    378.321411     60.000000     85.000000     44.782585      3.000000      3.000000  0.876022E+24
     37.850491     37.949432     36.904869      1.629584    361.127319     60.000000     85.000000     48.764236      1.500000     13.500000  0.216930E+24
     37.872990     37.998569     36.904869      7.523278    357.847198     60.000000     85.000000     51.953819      6.000000     18.000000  0.100150E+25
     37.895489     38.047707     36.904869      0.980615    351.281036     60.000000     85.000000     56.350060     12.000000      4.500000  0.130540E+24
     37.917988     38.096844     36.904869      7.622684    342.166016     60.000000     85.000000     59.551926      6.000000     15.000000  0.101473E+25
     37.940483     38.145981     36.904869      2.284220    349.315125     60.000000     85.000000     63.158604     13.500000     19.500000  0.304076E+24
     37.962982     38.195122     36.904869      1.102659    378.151489     60.000000     85.000000     65.769409     10.500000      1.500000  0.146786E+24
     37.985481     38.244259     36.904869      0.544731    353.335388     60.000000     85.000000     66.583794     12.000000      4.500000  0.725147E+23
     38.007980     38.293396     36.904869      7.933426    357.392090     60.000000     85.000000     66.801285      6.000000     19.500000  0.105610E+25
     38.030476     38.342533     36.904869      3.782425    342.215271     60.000000     85.000000     67.221504     19.500000     19.500000  0.503517E+24
     38.052975     38.391670     36.904869      9.564715    365.590912     60.000000     85.000000     68.644127     19.500000      4.500000  0.127326E+25
     38.075474     38.440811     36.904869      4.274310    362.542633     60.000000     85.000000     71.468872      6.000000     10.500000  0.568997E+24
     38.097973     38.489948     36.904869      7.900073    344.502716     60.000000     85.000000     75.695511     12.000000      9.000000  0.105166E+25
     38.120468     38.539085     36.904869      4.510871    362.669250     60.000000     85.000000     79.523827     21.000000     16.500000  0.600488E+24
     38.142967     38.588223     36.904869      8.731926    341.444092     60.000000     85.000000     82.353653     12.000000     15.000000  0.116240E+25
     38.165466     38.637360     36.904869      7.532560    371.072968     60.000000     85.000000     84.384850      6.000000      1.500000  0.100274E+25
     38.187965     38.686501     36.904869      2.306856    355.656006     60.000000     85.000000     86.017265     13.500000     13.500000  0.307089E+24
#Fault_segment =   3 nx(Along-strike)= 32 Dx =  5.00km ny(downdip)=   8 Dy =  5.00km
#Boundary of Fault_segment    3. EQ in cell ( 5, 3). Lon:   37.2000   Lat:   37.5300
 #Lon.  Lat.  Depth
   36.0710907       36.0910835       1.88670862    
   36.1640434       36.0566292       35.6941109    
   36.9057121       37.3208275       35.6941109    
   36.8127594       37.3552818       1.88670862    
   36.0710907       36.0910835       1.88670862    
 #Lat. Lon. depth slip rake strike dip t_rup t_ris t_fal mo
     36.091084     36.071091      1.886709      0.923984    376.717712     25.000000     75.000000     79.054283      7.500000     12.000000  0.819719E+23
     36.131863     36.095013      1.886709     21.058823    347.849976     25.000000     75.000000     82.606880      7.500000     19.500000  0.186825E+25
     36.172646     36.118938      1.886709     89.662704    342.173645     25.000000     75.000000     89.159653      1.500000     12.000000  0.795449E+25
     36.213425     36.142864      1.886709     57.089699    339.195709     25.000000     75.000000     95.512611      1.500000     12.000000  0.506475E+25
     36.254204     36.166790      1.886709     99.054504    341.746613     25.000000     75.000000     98.265793     19.500000     19.500000  0.878769E+25
     36.294987     36.190712      1.886709    214.865921    341.187775     25.000000     75.000000     99.419205     18.000000     21.000000  0.190620E+26
     36.335766     36.214638      1.886709    360.731354    339.525085     25.000000     75.000000     97.772888     19.500000     21.000000  0.320025E+26
     36.376549     36.238564      1.886709    453.501953    339.682770     25.000000     75.000000     93.526871     16.500000     16.500000  0.402328E+26
     36.417328     36.262489      1.886709    649.281555    339.046326     25.000000     75.000000     89.681190     21.000000     18.000000  0.576015E+26
     36.458107     36.286411      1.886709    573.799316    338.735748     25.000000     75.000000     83.435898     18.000000     18.000000  0.509050E+26
     36.498890     36.310337      1.886709    383.318329    338.816315     25.000000     75.000000     76.591026     21.000000     21.000000  0.340064E+26
     36.539669     36.334263      1.886709    640.404724    338.730469     25.000000     75.000000     67.746658      1.500000     13.500000  0.568140E+26
     36.580452     36.358189      1.886709    636.657776    338.833069     25.000000     75.000000     61.502869     16.500000      3.000000  0.564816E+26
     36.621231     36.382111      1.886709    566.458069    357.838440     25.000000     75.000000     55.859741      7.500000     12.000000  0.502537E+26
     36.662010     36.406036      1.886709    179.816223    338.903717     25.000000     75.000000     51.217392      3.000000      3.000000  0.159525E+26
     36.702793     36.429962      1.886709    133.430481    338.727966     25.000000     75.000000     48.175964      3.000000     12.000000  0.118374E+26
     36.743572     36.453888      1.886709    308.637054    338.725555     25.000000     75.000000     46.535625      6.000000     13.500000  0.273810E+26
     36.784351     36.477810      1.886709    209.914047    338.801392     25.000000     75.000000     46.696602     10.500000      6.000000  0.186227E+26
     36.825134     36.501736      1.886709    737.088501    348.809326     25.000000     75.000000     45.859180      7.500000     13.500000  0.653914E+26
     36.865913     36.525661      1.886709    564.308899    341.187531     25.000000     75.000000     43.823738      9.000000     13.500000  0.500631E+26
     36.906696     36.549587      1.886709    534.739807    345.039398     25.000000     75.000000     41.390770     12.000000      3.000000  0.474398E+26
     36.947475     36.573509      1.886709    818.175903    370.794891     25.000000     75.000000     42.360973      6.000000     13.500000  0.725851E+26
     36.988255     36.597435      1.886709    354.977173    342.554504     25.000000     75.000000     46.135303      4.500000      1.500000  0.314921E+26
     37.029037     36.621361      1.886709    246.010880    363.364807     25.000000     75.000000     45.915154      1.500000      1.500000  0.218250E+26
     37.069817     36.645287      1.886709    648.523621    338.716919     25.000000     75.000000     42.902611      1.500000      6.000000  0.575343E+26
     37.110600     36.669209      1.886709    735.495972    342.643372     25.000000     75.000000     36.900921      6.000000      1.500000  0.652501E+26
     37.151379     36.693134      1.886709    523.894043    338.831757     25.000000     75.000000     33.915436      7.500000      1.500000  0.464776E+26
     37.192158     36.717060      1.886709    186.986649    360.279938     25.000000     75.000000     33.755539      4.500000      4.500000  0.165887E+26
     37.232941     36.740986      1.886709    738.467163    338.739532     25.000000     75.000000     30.638910      7.500000      3.000000  0.655137E+26
     37.273720     36.764908      1.886709    281.275909    343.587860     25.000000     75.000000     27.801952     13.500000      4.500000  0.249536E+26
     37.314503     36.788834      1.886709    391.020844    339.117493     25.000000     75.000000     24.725000     13.500000      1.500000  0.346897E+26
     37.355282     36.812759      1.886709    398.459534    338.917358     25.000000     75.000000     24.776941     12.000000      1.500000  0.353496E+26
     36.086163     36.084370      6.716338      5.993574    345.566040     25.000000     75.000000     78.994835     19.500000      3.000000  0.531724E+24
     36.126942     36.108295      6.716338     15.409111    378.448517     25.000000     75.000000     82.945488     21.000000     16.500000  0.136703E+25
     36.167721     36.132217      6.716338     60.450668    354.577148     25.000000     75.000000     89.096176      4.500000      7.500000  0.536293E+25
     36.208504     36.156143      6.716338     12.364223    342.360809     25.000000     75.000000     94.446922     12.000000     18.000000  0.109690E+25
     36.249283     36.180069      6.716338     73.239174    366.635834     25.000000     75.000000     97.997726     12.000000     19.500000  0.649747E+25
     36.290066     36.203995      6.716338    201.961655    356.251282     25.000000     75.000000     99.348572     15.000000     19.500000  0.179172E+26
     36.330845     36.227917      6.716338    262.889771    361.236847     25.000000     75.000000     97.899498      1.500000     21.000000  0.233225E+26
     36.371624     36.251842      6.716338    326.820465    358.366333     25.000000     75.000000     93.450500     18.000000     21.000000  0.289941E+26
     36.412407     36.275768      6.716338    335.099091    357.336060     25.000000     75.000000     89.401581      6.000000     10.500000  0.297286E+26
     36.453186     36.299690      6.716338    255.785294    343.556335     25.000000     75.000000     84.152763     10.500000     12.000000  0.226922E+26
     36.493969     36.323616      6.716338     76.445351    362.589752     25.000000     75.000000     77.104057     18.000000      3.000000  0.678191E+25
     36.534748     36.347542      6.716338    197.494568    339.749786     25.000000     75.000000     69.455475      1.500000      9.000000  0.175209E+26
     36.575527     36.371468      6.716338    286.423828    339.610077     25.000000     75.000000     63.007030      9.000000      1.500000  0.254103E+26
     36.616310     36.395390      6.716338    285.488190    339.843079     25.000000     75.000000     56.558762      3.000000      1.500000  0.253273E+26
     36.657089     36.419315      6.716338    262.045135    367.751648     25.000000     75.000000     52.910683      4.500000     12.000000  0.232475E+26
     36.697872     36.443241      6.716338    397.832336    375.705627     25.000000     75.000000     50.062843     18.000000      1.500000  0.352940E+26
     36.738651     36.467167      6.716338    431.707520    364.181946     25.000000     75.000000     49.015282      1.500000      7.500000  0.382992E+26
     36.779430     36.491089      6.716338    432.983063    378.600891     25.000000     75.000000     48.368053     15.000000      1.500000  0.384124E+26
     36.820213     36.515015      6.716338    557.822083    378.519165     25.000000     75.000000     47.321232     15.000000      9.000000  0.494876E+26
     36.860992     36.538940      6.716338    404.445740    375.333710     25.000000     75.000000     44.674919     19.500000     18.000000  0.358807E+26
     36.901772     36.562866      6.716338    455.112823    369.731750     25.000000     75.000000     42.029247      7.500000     13.500000  0.403757E+26
     36.942554     36.586788      6.716338    634.866272    365.766632     25.000000     75.000000     41.384388     12.000000      3.000000  0.563226E+26
     36.983334     36.610714      6.716338    605.141785    341.783112     25.000000     75.000000     41.340607      1.500000      7.500000  0.536856E+26
     37.024117     36.634640      6.716338    331.404846    363.154694     25.000000     75.000000     41.098278     15.000000      1.500000  0.294008E+26
     37.064896     36.658566      6.716338    442.625244    338.901001     25.000000     75.000000     39.057968      4.500000      3.000000  0.392678E+26
     37.105675     36.682487      6.716338    537.638794    339.104828     25.000000     75.000000     34.620590      9.000000      6.000000  0.476970E+26
     37.146458     36.706413      6.716338    426.253235    339.068573     25.000000     75.000000     31.387712     12.000000      1.500000  0.378154E+26
     37.187237     36.730339      6.716338    226.777023    376.541901     25.000000     75.000000     29.962215      3.000000      1.500000  0.201187E+26
     37.228020     36.754265      6.716338    378.113434    342.240997     25.000000     75.000000     27.950069     12.000000      6.000000  0.335446E+26
     37.268799     36.778187      6.716338    197.035416    373.448792     25.000000     75.000000     24.565727      4.500000      9.000000  0.174801E+26
     37.309578     36.802113      6.716338    140.517456    344.140656     25.000000     75.000000     22.053471      1.500000     12.000000  0.124661E+26
     37.350361     36.826038      6.716338    248.693039    344.891846     25.000000     75.000000     21.597542     12.000000      4.500000  0.220630E+26
     36.081238     36.097649     11.545967      4.537846    369.429138     25.000000     75.000000     79.775002     21.000000     10.500000  0.402578E+24
     36.122021     36.121574     11.545967     33.040146    349.428162     25.000000     75.000000     83.525002      3.000000      6.000000  0.293118E+25
     36.162800     36.145496     11.545967     42.825417    344.219818     25.000000     75.000000     89.475006      4.500000      4.500000  0.379929E+25
     36.203583     36.169422     11.545967     29.436167    373.937225     25.000000     75.000000     95.225006     13.500000      6.000000  0.261145E+25
     36.244362     36.193348     11.545967      0.436774    365.926758     25.000000     75.000000     98.175003     13.500000     18.000000  0.387488E+23
     36.285141     36.217274     11.545967     51.065113    373.770447     25.000000     75.000000     98.324997      3.000000     12.000000  0.453028E+25
     36.325924     36.241196     11.545967     69.514542    360.980072     25.000000     75.000000     95.875000      3.000000     18.000000  0.616703E+25
     36.366703     36.265121     11.545967    100.170425    364.980865     25.000000     75.000000     92.625000     13.500000     18.000000  0.888669E+25
     36.407486     36.289047     11.545967     38.583679    364.542542     25.000000     75.000000     88.975006      1.500000     16.500000  0.342298E+25
     36.448265     36.312973     11.545967      1.124321    358.749359     25.000000     75.000000     83.925003      9.000000      3.000000  0.997450E+23
     36.489044     36.336895     11.545967     22.115114    371.252686     25.000000     75.000000     78.275002     19.500000     10.500000  0.196196E+25
     36.529827     36.360821     11.545967      3.834472    367.830719     25.000000     75.000000     71.425003      4.500000      9.000000  0.340178E+24
     36.570606     36.384747     11.545967      3.333601    340.928223     25.000000     75.000000     65.574997      3.000000      7.500000  0.295743E+24
     36.611389     36.408672     11.545967     19.115797    371.646942     25.000000     75.000000     59.325001      3.000000      1.500000  0.169587E+25
     36.652168     36.432594     11.545967     61.798233    345.709747     25.000000     75.000000     55.275002     16.500000      1.500000  0.548248E+25
     36.692947     36.456520     11.545967    212.702774    378.030975     25.000000     75.000000     53.424999     13.500000      1.500000  0.188701E+26
     36.733730     36.480446     11.545967    269.104645    376.523163     25.000000     75.000000     52.375000      9.000000      1.500000  0.238738E+26
     36.774509     36.504368     11.545967    180.510010    377.298584     25.000000     75.000000     50.525002      7.500000      3.000000  0.160141E+26
     36.815289     36.528294     11.545967     60.125481    373.733002     25.000000     75.000000     48.674999     10.500000     13.500000  0.533408E+25
     36.856071     36.552219     11.545967      2.903698    346.329285     25.000000     75.000000     46.825001      3.000000      1.500000  0.257604E+24
     36.896851     36.576145     11.545967      6.020165    368.020660     25.000000     75.000000     44.375000      1.500000      6.000000  0.534083E+24
     36.937634     36.600067     11.545967    161.330841    361.476349     25.000000     75.000000     43.525002      3.000000      1.500000  0.143126E+26
     36.978413     36.623993     11.545967    161.750534    348.513733     25.000000     75.000000     42.075001     12.000000      3.000000  0.143498E+26
     37.019192     36.647919     11.545967     58.794632    373.281860     25.000000     75.000000     40.224998      6.000000     12.000000  0.521601E+25
     37.059975     36.671844     11.545967     51.283989    339.947693     25.000000     75.000000     36.575001      4.500000     19.500000  0.454970E+25
     37.100754     36.695766     11.545967    203.342087    357.111481     25.000000     75.000000     32.724998      1.500000      6.000000  0.180396E+26
     37.141537     36.719692     11.545967    156.110245    359.492554     25.000000     75.000000     28.875000      1.500000      1.500000  0.138494E+26
     37.182316     36.743618     11.545967      3.878202    357.798157     25.000000     75.000000     26.625000     10.500000     10.500000  0.344058E+24
     37.223095     36.767544     11.545967     63.474072    376.313049     25.000000     75.000000     24.575001      3.000000      4.500000  0.563115E+25
     37.263878     36.791466     11.545967    132.774048    375.747894     25.000000     75.000000     22.525000      7.500000      1.500000  0.117791E+26
     37.304657     36.815392     11.545967     17.858891    360.404388     25.000000     75.000000     20.475000     10.500000     15.000000  0.158436E+25
     37.345436     36.839317     11.545967    136.007614    377.416016     25.000000     75.000000     19.625000      4.500000      1.500000  0.120660E+26
     36.076317     36.110928     16.375597      6.288534    349.259155     25.000000     75.000000     80.794838     13.500000      3.000000  0.557892E+24
     36.117100     36.134853     16.375597     13.879524    351.690918     25.000000     75.000000     84.145485     10.500000     13.500000  0.123133E+25
     36.157879     36.158775     16.375597      6.961786    350.475067     25.000000     75.000000     89.696182     19.500000      9.000000  0.617620E+24
     36.198658     36.182701     16.375597      3.840893    348.367371     25.000000     75.000000     94.846924      9.000000     13.500000  0.340748E+24
     36.239441     36.206627     16.375597     27.316631    370.513336     25.000000     75.000000     97.597717      1.500000      1.500000  0.242341E+25
     36.280220     36.230553     16.375597     14.041332    359.947571     25.000000     75.000000     97.748581      6.000000     18.000000  0.124569E+25
     36.321003     36.254475     16.375597     16.505650    341.277191     25.000000     75.000000     94.899498      7.500000     15.000000  0.146431E+25
     36.361782     36.278400     16.375597     21.314827    359.999115     25.000000     75.000000     92.050499      9.000000     15.000000  0.189096E+25
     36.402561     36.302326     16.375597     12.472016    375.351288     25.000000     75.000000     88.201584     12.000000     15.000000  0.110646E+25
     36.443344     36.326252     16.375597      0.479851    359.525116     25.000000     75.000000     84.152763      7.500000     18.000000  0.425704E+23
     36.484123     36.350174     16.375597      6.591955    343.787292     25.000000     75.000000     78.704056     21.000000     10.500000  0.584810E+24
     36.524906     36.374100     16.375597      3.333153    365.120514     25.000000     75.000000     73.255470     12.000000      6.000000  0.295703E+24
     36.565685     36.398026     16.375597     22.219696    339.558289     25.000000     75.000000     67.407028      4.500000      1.500000  0.197124E+25
     36.606464     36.421951     16.375597      2.182033    347.842987     25.000000     75.000000     61.158760     10.500000     15.000000  0.193581E+24
     36.647247     36.445873     16.375597      4.362250    344.339539     25.000000     75.000000     57.310684     19.500000     19.500000  0.387000E+24
     36.688026     36.469799     16.375597     10.925900    370.992737     25.000000     75.000000     55.462845     21.000000      1.500000  0.969299E+24
     36.728806     36.493725     16.375597      4.949611    348.527008     25.000000     75.000000     53.615280     21.000000      7.500000  0.439108E+24
     36.769588     36.517651     16.375597     22.676558    373.557495     25.000000     75.000000     51.368053     10.500000     21.000000  0.201177E+25
     36.810368     36.541573     16.375597      1.863323    359.921631     25.000000     75.000000     50.321232      7.500000     13.500000  0.165306E+24
     36.851151     36.565498     16.375597      9.297506    372.492493     25.000000     75.000000     48.474922     16.500000      9.000000  0.824835E+24
     36.891930     36.589424     16.375597     10.343298    361.404083     25.000000     75.000000     46.829247     18.000000     10.500000  0.917613E+24
     36.932709     36.613350     16.375597     28.978512    352.180847     25.000000     75.000000     44.784389     12.000000      6.000000  0.257085E+25
     36.973492     36.637272     16.375597     11.585958    371.799561     25.000000     75.000000     43.740608     10.500000      6.000000  0.102786E+25
     37.014271     36.661198     16.375597     18.658091    374.347260     25.000000     75.000000     40.898277      4.500000     12.000000  0.165527E+25
     37.055054     36.685123     16.375597     14.482066    361.383820     25.000000     75.000000     37.057968      1.500000     19.500000  0.128479E+25
     37.095833     36.709045     16.375597      2.972710    376.544739     25.000000     75.000000     33.220592      1.500000     12.000000  0.263726E+24
     37.136612     36.732971     16.375597      6.211602    354.518585     25.000000     75.000000     28.987713     21.000000      9.000000  0.551067E+24
     37.177395     36.756897     16.375597      1.519324    350.803314     25.000000     75.000000     26.362215     10.500000      1.500000  0.134788E+24
     37.218174     36.780823     16.375597     19.411734    366.360535     25.000000     75.000000     24.950069      9.000000     10.500000  0.172213E+25
     37.258953     36.804745     16.375597     84.232315    374.890045     25.000000     75.000000     23.365728      1.500000      6.000000  0.747273E+25
     37.299736     36.828671     16.375597     20.680622    354.630005     25.000000     75.000000     21.053469     15.000000      1.500000  0.183470E+25
     37.340515     36.852596     16.375597    100.889252    373.645172     25.000000     75.000000     21.597542      7.500000      3.000000  0.895046E+25
     36.071396     36.124207     21.205225      5.286650    355.323151     25.000000     75.000000     81.054283      6.000000     21.000000  0.532991E+24
     36.112175     36.148132     21.205225     37.033306    342.840576     25.000000     75.000000     84.606880      4.500000     15.000000  0.373364E+25
     36.152958     36.172054     21.205225      4.331221    355.462189     25.000000     75.000000     89.559647     21.000000     13.500000  0.436666E+24
     36.193737     36.195980     21.205225     11.112445    373.186981     25.000000     75.000000     94.312614      3.000000      7.500000  0.112034E+25
     36.234520     36.219906     21.205225      5.416948    371.265167     25.000000     75.000000     97.065796      1.500000      1.500000  0.546128E+24
     36.275299     36.243832     21.205225     13.687037    338.977356     25.000000     75.000000     96.619202     19.500000      9.000000  0.137990E+25
     36.316078     36.267754     21.205225     10.179543    341.162262     25.000000     75.000000     93.572891      6.000000      9.000000  0.102628E+25
     36.356861     36.291679     21.205225     13.571054    352.595459     25.000000     75.000000     91.326874      1.500000     19.500000  0.136821E+25
     36.397640     36.315605     21.205225      0.544999    364.931366     25.000000     75.000000     87.681190     10.500000     18.000000  0.549458E+23
     36.438423     36.339531     21.205225     10.776686    367.051239     25.000000     75.000000     84.035889     15.000000     16.500000  0.108649E+25
     36.479202     36.363453     21.205225      2.056412    349.582581     25.000000     75.000000     79.991028      6.000000     15.000000  0.207324E+24
     36.519981     36.387379     21.205225      4.661573    358.427490     25.000000     75.000000     74.946663     16.500000      7.500000  0.469972E+24
     36.560764     36.411304     21.205225    107.905167    339.799347     25.000000     75.000000     69.502869      1.500000      3.000000  0.108788E+26
     36.601543     36.435230     21.205225      2.874495    367.710602     25.000000     75.000000     63.859741      6.000000      3.000000  0.289802E+24
     36.642323     36.459152     21.205225      3.770287    374.520569     25.000000     75.000000     59.617393      1.500000      1.500000  0.380114E+24
     36.683105     36.483078     21.205225      4.337432    339.800873     25.000000     75.000000     56.575966     16.500000     12.000000  0.437292E+24
     36.723885     36.507004     21.205225      2.487041    347.841736     25.000000     75.000000     53.335625      1.500000      7.500000  0.250739E+24
     36.764668     36.530930     21.205225      5.934052    357.556427     25.000000     75.000000     51.896603      3.000000      1.500000  0.598261E+24
     36.805447     36.554852     21.205225      0.347918    351.376923     25.000000     75.000000     51.459179      9.000000      3.000000  0.350765E+23
     36.846226     36.578777     21.205225      4.023095    357.067413     25.000000     75.000000     49.823738      9.000000      6.000000  0.405602E+24
     36.887009     36.602703     21.205225      6.129089    361.770660     25.000000     75.000000     47.790771      9.000000     15.000000  0.617924E+24
     36.927788     36.626629     21.205225      0.186810    356.453278     25.000000     75.000000     45.960976     15.000000     10.500000  0.188339E+23
     36.968571     36.650551     21.205225      2.251817    377.150360     25.000000     75.000000     45.335304     18.000000     18.000000  0.227024E+24
     37.009350     36.674477     21.205225     24.891109    357.305206     25.000000     75.000000     42.315155     15.000000     15.000000  0.250948E+25
     37.050129     36.698402     21.205225      1.541254    365.711609     25.000000     75.000000     38.902611      6.000000      3.000000  0.155387E+24
     37.090912     36.722328     21.205225      5.505697    349.787201     25.000000     75.000000     35.500919     10.500000      7.500000  0.555075E+24
     37.131691     36.746250     21.205225      9.804300    344.331848     25.000000     75.000000     31.515438     13.500000      9.000000  0.988453E+24
     37.172474     36.770176     21.205225      7.147503    350.175446     25.000000     75.000000     28.355537      7.500000      7.500000  0.720599E+24
     37.213253     36.794102     21.205225      2.946681    365.786987     25.000000     75.000000     25.838911      1.500000     12.000000  0.297079E+24
     37.254032     36.818027     21.205225     92.506302    377.532013     25.000000     75.000000     24.001953      1.500000      1.500000  0.932633E+25
     37.294815     36.841949     21.205225    104.458389    376.720459     25.000000     75.000000     22.725000      1.500000      7.500000  0.105313E+26
     37.335594     36.865875     21.205225     71.625839    376.116425     25.000000     75.000000     24.776941      6.000000      3.000000  0.722120E+25
     36.066475     36.137486     26.034855      4.120157    342.975098     25.000000     75.000000     81.953171      1.500000     19.500000  0.415387E+24
     36.107254     36.161411     26.034855     54.260132    339.478271     25.000000     75.000000     85.108986      3.000000      1.500000  0.547041E+25
     36.148037     36.185337     26.034855      6.921374    369.706573     25.000000     75.000000     89.465195      6.000000      7.500000  0.697801E+24
     36.188816     36.209259     26.034855     27.964985    365.099701     25.000000     75.000000     93.021820      4.500000      1.500000  0.281938E+25
     36.229595     36.233185     26.034855     10.584430    348.260010     25.000000     75.000000     95.178940      3.000000     10.500000  0.106710E+25
     36.270378     36.257111     26.034855      7.755052    377.116669     25.000000     75.000000     94.336594     10.500000     16.500000  0.781851E+24
     36.311157     36.281033     26.034855     27.063957    354.720642     25.000000     75.000000     91.294830     21.000000     13.500000  0.272854E+25
     36.351940     36.304958     26.034855      2.968989    357.645538     25.000000     75.000000     89.453735      7.500000     13.500000  0.299328E+24
     36.392719     36.328884     26.034855      0.043129    372.971985     25.000000     75.000000     86.413391      1.500000     18.000000  0.434819E+22
     36.433498     36.352810     26.034855      2.552963    350.532440     25.000000     75.000000     83.773903     13.500000      1.500000  0.257385E+24
     36.474281     36.376732     26.034855      2.270532    357.983917     25.000000     75.000000     80.335365     16.500000      1.500000  0.228911E+24
     36.515060     36.400658     26.034855      6.822305    354.581146     25.000000     75.000000     75.297935     18.000000     12.000000  0.687813E+24
     36.555840     36.424583     26.034855     71.343002    338.956543     25.000000     75.000000     70.861771      1.500000      1.500000  0.719268E+25
     36.596622     36.448509     26.034855     10.062202    369.188354     25.000000     75.000000     65.027084      9.000000     21.000000  0.101445E+25
     36.637402     36.472431     26.034855      1.255181    370.887268     25.000000     75.000000     60.394104     10.500000      6.000000  0.126545E+24
     36.678185     36.496357     26.034855      9.920653    345.465393     25.000000     75.000000     56.963135     18.000000      1.500000  0.100018E+25
     36.718964     36.520283     26.034855      1.758774    340.270355     25.000000     75.000000     53.134567      3.000000     13.500000  0.177317E+24
     36.759743     36.544209     26.034855      0.225429    344.454346     25.000000     75.000000     52.308865      1.500000      9.000000  0.227274E+23
     36.800526     36.568130     26.034855     37.795197    351.560242     25.000000     75.000000     51.486649      1.500000      3.000000  0.381045E+25
     36.841305     36.592056     26.034855    167.621719    348.028473     25.000000     75.000000     50.868702      4.500000      3.000000  0.168993E+26
     36.882088     36.615982     26.034855     57.145645    365.613861     25.000000     75.000000     49.456081      7.500000      3.000000  0.576133E+25
     36.922867     36.639908     26.034855      2.398500    350.850647     25.000000     75.000000     47.850204      9.000000      1.500000  0.241813E+24
     36.963646     36.663830     26.034855     12.477866    349.750854     25.000000     75.000000     46.653038      6.000000      6.000000  0.125800E+25
     37.004429     36.687756     26.034855      0.291985    373.139038     25.000000     75.000000     44.067348      4.500000      9.000000  0.294375E+23
     37.045208     36.711681     26.034855     12.262312    347.601685     25.000000     75.000000     41.097183      4.500000      7.500000  0.123627E+25
     37.085991     36.735607     26.034855      9.581672    371.240631     25.000000     75.000000     37.348640      4.500000      3.000000  0.966008E+24
     37.126770     36.759529     26.034855      5.896049    349.327637     25.000000     75.000000     34.431229      9.000000     16.500000  0.594430E+24
     37.167549     36.783455     26.034855      3.808668    355.912384     25.000000     75.000000     30.560410      9.000000      9.000000  0.383983E+24
     37.208332     36.807381     26.034855      5.791457    370.191345     25.000000     75.000000     27.562214      3.000000     10.500000  0.583885E+24
     37.249111     36.831306     26.034855     35.038395    374.952728     25.000000     75.000000     24.881405      1.500000      1.500000  0.353251E+25
     37.289890     36.855228     26.034855     71.445198    377.108398     25.000000     75.000000     24.592628      4.500000      3.000000  0.720298E+25
     37.330673     36.879154     26.034855     88.638351    369.149994     25.000000     75.000000     28.001728      1.500000      1.500000  0.893637E+25
     36.061554     36.150764     30.864483      5.847553    377.258057     25.000000     75.000000     81.491196     21.000000     19.500000  0.589540E+24
     36.102333     36.174690     30.864483     92.486900    341.616974     25.000000     75.000000     84.851471      3.000000      1.500000  0.932437E+25
     36.143112     36.198616     30.864483     30.282650    364.830658     25.000000     75.000000     88.812439      7.500000     19.500000  0.305305E+25
     36.183895     36.222538     30.864483      2.712763    375.848480     25.000000     75.000000     92.374168      7.500000      7.500000  0.273496E+24
     36.224674     36.246464     30.864483     18.269413    356.441589     25.000000     75.000000     93.336731      4.500000      9.000000  0.184189E+25
     36.265457     36.270390     30.864483      2.142375    353.272858     25.000000     75.000000     92.300232      3.000000     19.500000  0.215991E+24
     36.306236     36.294315     30.864483      3.913278    339.059570     25.000000     75.000000     89.864777     15.000000     21.000000  0.394530E+24
     36.347015     36.318237     30.864483    105.800323    342.215210     25.000000     75.000000     87.430481      1.500000      1.500000  0.106666E+26
     36.387798     36.342163     30.864483      9.661613    344.773010     25.000000     75.000000     84.997498      3.000000      6.000000  0.974067E+24
     36.428577     36.366089     30.864483      0.706042    348.721344     25.000000     75.000000     83.365982      9.000000     19.500000  0.711819E+23
     36.469360     36.390015     30.864483      7.490454    351.658264     25.000000     75.000000     80.536163      6.000000     15.000000  0.755175E+24
     36.510139     36.413937     30.864483      0.149258    351.871643     25.000000     75.000000     75.908249      1.500000     10.500000  0.150480E+23
     36.550919     36.437862     30.864483     18.552917    376.627258     25.000000     75.000000     70.882538      4.500000      6.000000  0.187047E+25
     36.591702     36.461788     30.864483     92.718544    338.736633     25.000000     75.000000     65.859367      4.500000      1.500000  0.934773E+25
     36.632481     36.485714     30.864483      9.628029    356.903839     25.000000     75.000000     61.039154     13.500000      6.000000  0.970682E+24
     36.673260     36.509636     30.864483     14.363935    362.681427     25.000000     75.000000     57.022408      3.000000      9.000000  0.144815E+25
     36.714043     36.533562     30.864483     14.368231    343.392151     25.000000     75.000000     53.609764      3.000000      1.500000  0.144858E+25
     36.754822     36.557487     30.864483      8.870978    350.249054     25.000000     75.000000     51.402012      4.500000      1.500000  0.894357E+24
     36.795605     36.581409     30.864483     44.623341    360.082886     25.000000     75.000000     50.200161      4.500000      6.000000  0.449885E+25
     36.836384     36.605335     30.864483     60.356251    346.480042     25.000000     75.000000     50.405506      3.000000      6.000000  0.608501E+25
     36.877163     36.629261     30.864483      0.676094    352.975616     25.000000     75.000000     49.819744      3.000000      6.000000  0.681627E+23
     36.917946     36.653187     30.864483      6.485409    345.729767     25.000000     75.000000     48.845131      9.000000      1.500000  0.653848E+24
     36.958725     36.677109     30.864483      0.198002    377.245819     25.000000     75.000000     46.684708     15.000000      1.500000  0.199623E+23
     36.999508     36.701035     30.864483      6.656060    362.773499     25.000000     75.000000     44.342686     15.000000      3.000000  0.671053E+24
     37.040287     36.724960     30.864483      4.454507    364.071564     25.000000     75.000000     42.224998      3.000000      6.000000  0.449096E+24
     37.081066     36.748886     30.864483     11.826090    357.358246     25.000000     75.000000     39.940212     13.500000     12.000000  0.119229E+25
     37.121849     36.772808     30.864483     18.049679    339.565796     25.000000     75.000000     36.500919     19.500000      9.000000  0.181974E+25
     37.162628     36.796734     30.864483      0.639286    371.650696     25.000000     75.000000     33.725998      6.000000     18.000000  0.644517E+23
     37.203407     36.820660     30.864483      3.125054    356.918640     25.000000     75.000000     30.043842      9.000000     13.500000  0.315063E+24
     37.244190     36.844585     30.864483      9.429782    343.446777     25.000000     75.000000     27.496239     10.500000      7.500000  0.950695E+24
     37.284969     36.868507     30.864483      0.121966    352.183197     25.000000     75.000000     27.740002     13.500000     19.500000  0.122964E+23
     37.325752     36.892433     30.864483      0.518011    373.660034     25.000000     75.000000     30.438911      3.000000      3.000000  0.522250E+23
     36.056629     36.164043     35.694111      0.012551    356.131531     25.000000     75.000000     81.467949     10.500000     15.000000  0.126539E+22
     36.097412     36.187969     35.694111      3.834095    378.607788     25.000000     75.000000     84.633896      3.000000     18.000000  0.386547E+24
     36.138191     36.211895     35.694111      0.527982    360.429749     25.000000     75.000000     87.200912     16.500000      3.000000  0.532302E+23
     36.178974     36.235817     35.694111      1.087729    360.572662     25.000000     75.000000     91.369095     12.000000      1.500000  0.109663E+24
     36.219753     36.259743     35.694111      6.579044    373.856689     25.000000     75.000000     92.338562     18.000000      3.000000  0.663288E+24
     36.260532     36.283669     35.694111      0.516705    360.237000     25.000000     75.000000     91.709465     16.500000      4.500000  0.520933E+23
     36.301315     36.307594     35.694111      2.980629    361.412689     25.000000     75.000000     88.681969      1.500000     10.500000  0.300502E+24
     36.342094     36.331516     35.694111      0.300812    373.038391     25.000000     75.000000     86.256248     21.000000      1.500000  0.303274E+23
     36.382877     36.355442     35.694111      0.431270    363.398804     25.000000     75.000000     83.832535     10.500000     21.000000  0.434799E+23
     36.423656     36.379368     35.694111      8.780536    371.765686     25.000000     75.000000     82.411079      1.500000      1.500000  0.885239E+24
     36.464436     36.403294     35.694111      3.253278    340.678741     25.000000     75.000000     80.192177     16.500000      3.000000  0.327990E+24
     36.505219     36.427216     35.694111      9.020864    351.451324     25.000000     75.000000     76.176186     10.500000      4.500000  0.909468E+24
     36.545998     36.451141     35.694111      0.519821    371.990540     25.000000     75.000000     71.163528     16.500000     10.500000  0.524075E+23
     36.586777     36.475067     35.694111      8.843116    353.108063     25.000000     75.000000     65.354706     13.500000      3.000000  0.891548E+24
     36.627560     36.498993     35.694111      8.201254    338.891449     25.000000     75.000000     60.750343      6.000000      4.500000  0.826836E+24
     36.668339     36.522915     35.694111      8.098588    349.623596     25.000000     75.000000     56.551174     16.500000      3.000000  0.816486E+24
     36.709122     36.546841     35.694111      4.890458    339.874146     25.000000     75.000000     53.758121      1.500000      9.000000  0.493048E+24
     36.749901     36.570766     35.694111      6.808625    374.209412     25.000000     75.000000     51.572327      3.000000      3.000000  0.686434E+24
     36.790680     36.594692     35.694111      6.145215    378.136444     25.000000     75.000000     50.795227      1.500000     16.500000  0.619550E+24
     36.831463     36.618614     35.694111      9.477985    358.360474     25.000000     75.000000     50.428642     21.000000     16.500000  0.955554E+24
     36.872242     36.642540     35.694111      6.364435    348.145599     25.000000     75.000000     50.074921      1.500000      4.500000  0.641651E+24
     36.913025     36.666466     35.694111      2.882179    352.700958     25.000000     75.000000     48.537128     12.000000     12.000000  0.290576E+24
     36.953804     36.690392     35.694111      5.266576    347.881897     25.000000     75.000000     47.219318     21.000000     18.000000  0.530967E+24
     36.994583     36.714314     35.694111      4.992023    348.824890     25.000000     75.000000     45.126926      3.000000      3.000000  0.503287E+24
     37.035366     36.738239     35.694111      6.702270    357.396606     25.000000     75.000000     43.067348      1.500000     10.500000  0.675712E+24
     37.076145     36.762165     35.694111      2.978761    352.224609     25.000000     75.000000     39.850761     16.500000     18.000000  0.300314E+24
     37.116924     36.786087     35.694111      5.316060    363.702209     25.000000     75.000000     36.891293     16.500000     13.500000  0.535956E+24
     37.157707     36.810013     35.694111      1.420437    356.328552     25.000000     75.000000     34.808517     16.500000      6.000000  0.143206E+24
     37.198486     36.833939     35.694111      2.374243    355.429199     25.000000     75.000000     32.229095     16.500000     10.500000  0.239367E+24
     37.239269     36.857864     35.694111      5.545408    377.133392     25.000000     75.000000     30.987713     21.000000     10.500000  0.559079E+24
     37.280048     36.881786     35.694111      5.134140    342.519287     25.000000     75.000000     31.525192     13.500000      6.000000  0.517615E+24
     37.320827     36.905712     35.694111      4.727708    364.619965     25.000000     75.000000     34.681175     21.000000     15.000000  0.476640E+24